Address,Category,risk_score%
0x28C6c06298d514Db089934071355E5743bf21d60,Binance,10
0xd1b7cCa582578bFF37faab547a4D50FF6342c6D0,Bitzlato,10
0x05f51aab068caa6ab7eeb672f88c180f67f17ec7,ABCC,10
0x4df5f3610e2471095a130d7d934d551f3dde01ed,ATAIX,10
0xadb72986ead16bdbc99208086bd431c1aa38938e,Beaxy,10
0x7a10ec7d68a048bdae36a70e93532d31423170fa,Bgogo,10
0xce1bf8e51f8b39e51c6184e059786d1c0eaf360f,Bgogo,10
0xf73c3c65bde10bf26c2e1763104e609a41702efe,Bibox,10
0xa30d8157911ef23c46c0eb71889efe6a648a41f7,BigONE,10
0x6efb20f61b80f6a7ebe7a107bace58288a51fb34,Biki.com,10
0xf7793d27a1b76cdf14db7c83e82c772cf7c92910,Bilaxy,10
0x3f5ce5fbfe3e9af3971dd833d26ba9b5c936f0be,Binance,10
0xd551234ae421e3bcba99a0da6d736074f22192ff,Binance,10
0x564286362092d8e7936f0549571a803b203aaced,Binance,10
0x0681d8db095565fe8a346fa0277bffde9c0edbbf,Binance,10
0xfe9e8709d3215310075d67e3ed32a380ccf451c8,Binance,10
0x4e9ce36e442e55ecd9025b9a6e0d88485d628a67,Binance,10
0xbe0eb53f46cd790cd13851d5eff43d12404d33e8,Binance,10
0xf977814e90da44bfa03b6295a0616a897441acec,Binance,10
0xab83d182f3485cf1d6ccdd34c7cfef95b4c08da4,Binance,10
0x4b729cf402cfcffd057e254924b32241aedc1795,Bit-Z,10
0x7c49e1c0e33f3efb57d64b7690fa287c8d15b90a,Bit2C,10
0xdf5021a4c1401f1125cd347e394d977630e17cf7,Bitbox,10
0x28ebe764b8f9a853509840645216d3c2c0fd774b,BiteBTC,10
0x1151314c646ce4e0efd76d1af4760ae66a9fe30f,Bitfinex,10
0x7727e5113d1d161373623e5f49fd568b4f543a9e,Bitfinex,10
0x4fdd5eb2fb260149a3903859043e962ab89d8ed4,Bitfinex,10
0x876eabf441b2ee5b5b0554fd502a8e0600950cfa,Bitfinex,10
0x742d35cc6634c0532925a3b844bc454e4438f44e,Bitfinex,10
0x8fa8af91c675452200e49b4683a33ca2e1a34e42,Bithumb,10
0x3052cd6bf951449a984fe4b5a38b46aef9455c8e,Bithumb,10
0x2140efd7ba31169c69dfff6cdc66c542f0211825,Bithumb,10
0x3fbe1f8fc5ddb27d428aa60f661eaaab0d2000ce,Bithumb,10
0xe79eef9b9388a4ff70ed7ec5bccd5b928ebb8bd1,BitMart,10
0x03bdf69b1322d623836afbd27679a1c0afa067e9,Bitmax,10
0x4b1a99467a284cc690e3237bc69105956816f762,Bitmax,10
0x986a2fca9eda0e06fbf7839b89bfc006ee2a23dd,Bitmax,10
0x1522900b6dafac587d499a862861c0869be6e428,Bitstamp,10
0xfbb1b73c4f0bda4f67dca266ce6ef42f520fbb98,Bittrex,10
0xe94b04a0fed112f3664e45adb2b8915693dd5ff3,Bittrex,10
0x66f820a414680b5bcda5eeca5dea238543f42054,Bittrex,10
0xaa90b4aae74cee41e004bc45e45a427406c4dcae,BitUN.io,10
0xf8d04a720520d0bcbc722b1d21ca194aa22699f2,BitUN.io,10
0xfb9f7f41319157ac5c5dccae308a63a4337ad5d9,Bity.com,10
0x73957709695e73fd175582105c44743cf0fb6f2f,Bw.com,10
0xd7c866d0d536937bf9123e02f7c052446588189f,C2CX:,10
0x72bcfa6932feacd91cb2ea44b0731ed8ae04d0d3,Cashierest,10
0xfd648cc72f1b4e71cbdda7a0a91fe34d32abd656,ChainX,10
0x96fc4553a00c117c5b0bed950dd625d1c16dc894,Changelly,10
0x8958618332df62af93053cb9c535e26462c959b0,Cobinhood,10
0xb726da4fbdc3e4dbda97bb20998cf899b0e727e0,Cobinhood,10
0x9539e0b14021a43cde41d9d45dc34969be9c7cb0,Coinbene,10
0x33683b94334eebc9bd3ea85ddbda4a86fb461405,Coinbene:,10
0xb6ba1931e4e74fd080587688f6db10e830f810d5,Coindelta,10
0xb9ee1e551f538a464e8f8c41e9904498505b49b0,Coinex,10
0x4b01721f0244e7c5b5f63c20942850e447f5a5ee,CoinExchange.io,10
0x1d1bd550197c7c0787b9ad0aea9c1cca66ee0e90,Coinhako,10
0x0d6b5a54f940bf3d52e438cab785981aaefdf40c,COSS.io,10
0xd1560b3984b7481cd9a8f40435a53c860187174d,COSS.io,10
0x521db06bf657ed1d6c98553a70319a8ddbac75a3,CREX24,10
0x5baeac0a0417a05733884852aa068b706967e790,Cryptopia,10
0x2984581ece53a4390d1f568673cf693139c97049,Cryptopia,10
0xe17ee7b3c676701c66b395a35f0df4c2276a344e,DigiFinex,10
0x8d76166c22658a144c0211d87abf152e6a2d9d95,Eterbase,10
0x1fd6267f0d86f62d88172b998390afee2a1f54b6,Exmo,10
0xd7b9a9b2f665849c4071ad5af77d8c76aa30fb32,Exmo,10
0x915d7915f2b469bb654a7d903a5d4417cb8ea7df,FCoin,10
0x4e5b2e1dc63f6b91cb6cd759936495434c7e972f,FixedFloat,10
0x0d0707963952f2fba59dd06f2b425ace40b492fe,Gate.io,10
0x7793cd85c11a924478d358d49b05b37e91b5810f,Gate.io,10
0x1c4b70a3968436b9a0a9cf5205c787eb81bb558c,Gate.io,10
0x9f5ca0012b9b72e8f3db57092a6f26bf4f13dc69,GBX,10
0xd24400ae8bfebb18ca49be86258a3c749cf46853,Gemini,10
0x6fc82a5fe25a5cdb58bc74600a40a69c065263f8,Gemini,10
0x61edcdf5bb737adffe5043706e7c5bb1f1a56eea,Gemini,10
0x9fb01a2584aac5aae3fab1ed25f86c5269b32999,GGBTC.com,10
0x9c67e141c0472115aa1b98bd0088418be68fd249,HitBTC,10
0x59a5208b32e627891c389ebafc644145224006e8,HitBTC,10
0xa12431d0b9db640034b0cdfceef9cce161e62be4,HitBTC,10
0x274f3c32c90517975e29dfc209a23f315c1e5fc7,Hotbit,10
0x8533a0bd9310eb63e7cc8e1116c18a3d67b1976a,Hotbit,10
0xab5c66752a9e8167967685f1450532fb96d5d24f,Huobi,10
0xe93381fb4c4f14bda253907b18fad305d799241a,Huobi,10
0xfa4b5be3f2f84f56703c42eb22142744e95a2c58,Huobi,10
0x46705dfff24256421a05d056c29e81bdc09723b8,Huobi,10
0x1b93129f05cc2e840135aab154223c75097b69bf,Huobi,10
0xeb6d43fe241fb2320b5a3c9be9cdfd4dd8226451,Huobi,10
0x956e0dbecc0e873d34a5e39b25f364b2ca036730,Huobi,10
0xeec606a66edb6f497662ea31b5eb1610da87ab5f,Huobi,10
0x7ef35bb398e0416b81b019fea395219b65c52164,Huobi,10
0x6748f50f686bfbca6fe8ad62b22228b87f31ff2b,Huobi,10
0xfdb16996831753d5331ff813c29a93c76834a0ad,Huobi,10
0xeee28d484628d41a82d01e21d12e2e78d69920da,Huobi,10
0x5c985e89dde482efe97ea9f1950ad149eb73829b,Huobi,10
0xdc76cd25977e0a5ae17155770273ad58648900d3,Huobi,10
0xadb2b42f6bd96f5c65920b9ac88619dce4166f94,Huobi,10
0xa8660c8ffd6d578f657b72c0c811284aef0b735e,Huobi,10
0x1062a747393198f70f71ec65a582423dba7e5ab3,Huobi,10
0x2910543af39aba0cd09dbb2d50200b3e800a63d2,Kraken,10
0x0a869d79a7052c7f1b55a8ebabbea3420f0d1e13,Kraken,10
0xe853c56864a2ebe4576a807d26fdc4a0ada51919,Kraken,10
0x267be1c1d684f78cb4f6a176c4911b741e4ffdc0,Kraken,10
0xfa52274dd61e1643d2205169732f29114bc240b3,Kraken,10
0xe8a0e282e6a3e8023465accd47fae39dd5db010b,Kryptono,10
0x629a7144235259336ea2694167f3c8b856edd7dc,Kryptono,10
0x30b71d015f60e2f959743038ce0aaec9b4c1ea44,Kryptono,10
0x2b5634c42055806a59e9107ed44d43c426e58258,KuCoin,10
0x689c56aef474df92d44a1b70850f808488f9769c,KuCoin,10
0x0861fca546225fbf8806986d211c8398f7457734,LAToken,10
0x7891b20c690605f4e370d6944c8a5dbfac5a451c,LAToken,10
0x1b6c1a0e20af81b922cb454c3e52408496ee7201,LAToken,10
0x8271b2e8cbe29396e9563229030c89679b9470db,Liqui.io,10
0x5e575279bf9f4acf0a130c186861454247394c06,Liqui.io,10
0xedbb72e6b3cf66a792bff7faac5ea769fe810517,Liquid,10
0x243bec9256c9a3469da22103891465b47583d9f1,Livecoin.net,10
0xe03c23519e18d64f144d2800e30e81b0065c48b5,Mercatox,10
0x75e89d5979e4f6fba9f97c104c2f0afb3f1dcb88,MXC,10
0x0211f3cedbef3143223d3acf0e589747933e8527,MXC,10
0xae7006588d03bd15d6954e3084a7e644596bc251,NEXBIT,10
0x6cc5f688a315f3dc28a7781717a9a798a59fda7b,Okex,10
0x236f9f97e0e62388479bf9e5ba4889e46b0273c3,Okex,10
0xaeec6f5aca72f3a005af1b3420ab8c8c7009bac8,OTCBTC,10
0xbd8ef191caa1571e8ad4619ae894e07a75de0c35,Paribu,10
0x2bb97b6cf6ffe53576032c11711d59bd056830ee,Paribu,10
0xd4dcd2459bb78d7a645aa7e196857d421b10d93f,Peatio,10
0x32be343b94f860124dc4fee278fdcbd38c102d88,Poloniex,10
0x209c4784ab1e8183cf58ca33cb740efbf3fc18ef,Poloniex,10
0xb794f5ea0ba39494ce839613fffba74279579268,Poloniex,10
0xa910f92acdaf488fa6ef02174fb86208ad7722ba,Poloniex,10
0xaa9fa73dfe17ecaa2c89b39f0bb2779613c5fc3b,Poloniex,10
0x2fa2bc2ce6a4f92952921a4caa46b3727d24a1ec,Poloniex,10
0x31a2feb9b5d3b5f4e76c71d6c92fc46ebb3cb1c1,Poloniex:,10
0x6b71834d65c5c4d8ed158d54b47e6ea4ff4e5437,Poloniex:,10
0x48d466b7c0d32b61e8a82cd2bcf060f7c3f966df,Poloniex:,10
0x0536806df512d6cdde913cf95c9886f65b1d3462,Poloniex:,10
0x8d451ae5ee8f557a9ce7a9d7be8a8cb40002d5cb,Poloniex:,10
0xbd2ec7c608a06fe975dbdca729e84dedb34ecc21,Poloniex:,10
0xc0e30823e5e628df8bc9bf2636a347e1512f0ecb,Poloniex:,10
0x65f9b2e4d7aaeb40ffea8c6f5844d5ad7da257e0,Poloniex:,10
0x36b01066b7fa4a0fdb2968ea0256c848e9135674,Poloniex:,10
0xab11204cfeaccffa63c2d23aef2ea9accdb0a0d5,Poloniex:,10
0x6795cf8eb25585eadc356ae32ac6641016c550f2,Poloniex:,10
0xfbf2173154f7625713be22e0504404ebfe021eae,Poloniex:,10
0x6f803466bcd17f44fa18975bf7c509ba64bf3825,Poloniex:,10
0xead6be34ce315940264519f250d8160f369fa5cd,Poloniex:,10
0xd344539efe31f8b6de983a0cab4fb721fc69c547,QuantaEx,10
0x5ca39c42f4dee3a5ba8fec3ad4902157d48700bf,QuantaEx,10
0x2a048d9a8ffdd239f063b09854976c3049ae659c,QuantaEx,10
0xb8cf411b956b3f9013c1d0ac8c909b086218207c,Remitano,10
0x2819c144d5946404c0516b6f817a960db37d4929,Remitano,10
0x13f64609bf1ef46f6515f8cd3115433a93a00dc6,Saturn,10
0x120a270bbc009644e35f0bb6ab13f95b8199c4ad,ShapeShift,10
0x9e6316f44baeeee5d41a1070516cc5fa47baf227,ShapeShift,10
0x70faa28a6b8d6829a4b1e649d26ec9a2a39ba413,ShapeShift,10
0x563b377a956c80d77a7c613a9343699ad6123911,ShapeShift,10
0xd3273eba07248020bf98a8b560ec1576a612102f,ShapeShift,10
0x3b0bc51ab9de1e5b7b6e34e5b960285805c41736,ShapeShift,10
0xeed16856d551569d134530ee3967ec79995e2051,ShapeShift,10
0x91f6d99b232153cb655ad3e0d05e13ef505f6cd5,Sparrow,10
0xe855283086fbee485aecf2084345a91424c23954,Sparrow,10
0xea3a46bd1dbd0620d80037f70d0bf7c7dc5a837c,TAGZ,10
0xed8204345a0cf4639d2db61a4877128fe5cf7599,TAGZ,10
0x3613ef1125a078ef96ffc898c4ec28d73c5b8c52,Tidex,10
0x0a73573cf2903d2d8305b1ecb9e9730186a312ae,Tidex,10
0x0068eb681ec52dbd9944517d785727310b494575,Tokocrypto,10
0xb2cc3cdd53fc9a1aeaf3a68edeba2736238ddc5d,TopBTC,10
0x1119aaefb02bf12b84d28a5d8ea48ec3c90ef1db,Trade.io,10
0x2f1233ec3a4930fd95874291db7da9e90dfb2f03,Uex,10
0x390de26d772d2e2005c6d1d24afc902bae37a4bb,Upbit,10
0xba826fec90cefdf6706858e5fbafcb27a290fbe0,Upbit,10
0x5e032243d507c743b061ef021e2ec7fcc6d3ab89,Upbit,10
0xb436c96c6de1f50a160ed307317c275424dbe4f2,Vinex,10
0xf5bec430576ff1b82e44ddb5a1c93f6f9d0884f3,Yobit.net,10
0xd94c9ff168dc6aebf9b6cc86deff54f3fb0afc33,Yunbi,10
0x42da8a05cb7ed9a43572b5ba1b8f82a0a6e263dc,Yunbi,10
0x700f6912e5753e91ea3fae877a2374a2db1245d7,Yunbi,10
0x60d0cc2ae15859f69bf74dadb8ae3bd58434976b,ZB.com,10
0x09750ad360fdb7a2ee23669c4503c974d86d8694,phish,100
0xc915ec7f4cfd1c0a8aba090f03bfaab588aef9b4,phish,100
0xecb6ffac05d8b4660b99b475b359fe454c77d153,phish,100
0x7f85a82a2da50540412f6e526f1d00a0690a77b8,phish,100
0xbc8b85b1515e45fb2d74333310a1d37b879732c0,phish,100
0xbbf84f9b823c42896c9723c0be4d5f5ede257b52,phish,100
0xd5ce086a9d4987adf088889a520de98299e10bb5,phish,100
0x6b5c35d525d2d94c68ab5c5af9729092fc8771dd,phish,100
0x4541c7745c82df8c10bd4a58e28161534b353064,phish,100
0x0a00fb2e074ffaaf6c561164c6458b5c448120fc,phish,100
0x3a3999e6501e2a36dd3c0b8fc2bd165fc4a22e54,phish,100
0x39f3e7fa18d342de467ad9d7065a46c8385589f7,phish,100
0x439cb5628e64677c540a8635c86e41d83c1170d5,phish,100
0x22764de8f82f2d2a90e0ccca4556a2a5114b6461,phish,100
0xc28f50625cfe028ab1a3458c7cebcf9657ff1438,phish,100
0x14130d36b36887620c37a404f859d11e293ec06a,phish,100
0x2f77f4523a13138b472ac6faef624cce68da2c46,phish,100
0x2315314c5cadb895c2c9982b847fd6f6a32d6129,phish,100
0x8651e8e218597e781e9a6d8ceb53ec5a236ae75b,phish,100
0x2f80a6700e4bea478ac027f019f04a78a7538d06,phish,100
0x90a16ebcf1bc0da0347134f707da93c40bb8a4c5,scam,100
0x983bda798a24720bb4fe3dba287ec352e7b440fc,scam,100
0x45029af827c652f47b1f678456b2cd009647c8ad,scam,100
0xf193a9afb00715aacf7ca9ebffafe02c77517c2e,scam,100
0xcc02b920ae227f1be7d01fc241c27e5f74d40436,scam,100
0xa153a6ef80fb5d60de18688bdc82684d48fc8de1,scam,100
0x19fb7020381fe9197bf841d5034d5467fe5a3c93,scam,100
0x8abe0a9b8a1c8a003354e61f3ed8befdeb7d2cec,scam,100
0xfb6e71e0800bccc0db8a9cf326fe3213ca1a0ea0,scam,100
0xb4c9d8a5812a024bdb177991af256da144776033,scam,100
0x5ddd20ac4bacff3f148af4c8c24194a1c102cfe5,scam,100
0x03f034fb47965123ea4148e3147e2cfdc5b1f7a5,scam,100
0x3b5744c7f340e0d2dcf7a072a4c963b9a43c982b,scam,100
0xeef2a09be2a136bba76f04cf056e36947dbf0b0c,scam,100
0x86ddf5b305b9081fb5208e903edeb013510997cd,scam,100
0x181c71726f12ce2514e8b93019eb22645a79f966,scam,100
0x2056d2e97cc9ad78cf527b382495a8b9704ce011,scam,100
0x259efb559a5d9ed64ccf44bd5188b325dc4738c8,scam,100
0x42a777e0f24390e7ed461a7af325526e53ac57d9,scam,100
0x4e790c545478029d20816a7212c46adde058d63e,scam,100
0x5d840db230c397acc22ab28053d1a1ff7f14583e,scam,100
0x6cf481c7090d88ca6f1fa3c9ffd0911ef5359808,scam,100
0x73bb594368ddb778972c6f30b41437c897419c37,scam,100
0x7613a475b7fe61775f579bc148300c8171eccae9,scam,100
0xbc83d48dd0cd9c3f47bab6436defeb334b563f4c,scam,100
0xbca6294a6c80ee0f20173547b8d85d4948a0cb39,scam,100
0xbeebe66b6a511dd2accbff7f258554dbe97f1294,scam,100
0xea7380369af53598a55b4622909cd9633e0ae7fa,scam,100
0xfe9b7db8d9d57e9ad9341bcf51b110ba5d27b48b,scam,100
0x08389b19ad52f0d983609ab785b3a43a0e90355f,scam,100
0x4114fb8b1879f61b18f7d2e623569a847a03e15a,scam,100
0x3c3b85b2ae785a8cc16c3d4df12cb27c6983dff5,scam,100
0x35ad1cb9a39de486cebcce3cf51661fd6c848193,scam,100
0x15f4a5d5bbc071fc20bd60b9b7d81aaa8a1142ab,scam,100
0xa2a6ceadcb7db611f618ebabfe6de5763953b7c7,scam,100
0xe4faeef4002c200d9d4f1d381ccb5fb679d1c437,scam,100
0x68a91eba9c82b475091077e16357bb2dded479f4,scam,100
0x64c5971dd27ff063ee4bc5e4c231febd9fc228cd,scam,100
0x484aa220812a5ed3d1162686bc8592eb39276348,scam,100
0x3810bd434103f1d0618b909ba14e4d2d707d79f7,scam,100
0x6834d3096793d0731348f1581ae1b20c9b79e26a,scam,100
0x0dac7a548551dd2e0f7293005f14f9261d7e0196,scam,100
0x55c4dfc965b911afee18a7d2d94a245b867395b6,scam,100
0x0e04298d9eaffaf538fe04b4cd525b6d1b64c3ca,scam,100
0xb5879bf4a37c6ed9d86a6f2d8aab7939b21687cd,scam,100
0x4e556877e96fdf3bef67c81ef72e20ab29a9aebf,scam,100
0xc8ce1c3ac9549d479a90a6a89155b9b94e54d9ba,scam,100
0xe344e4b209e8eabaa2a6ddd1b0aa120b7599af25,scam,100
0x0a4392f623faf54de72cbf6f567e1a7808251cd3,scam,100
0xfb990112f51931a2834fcf574a860b7419ecd76f,scam,100
0x86d38dbde80fe6a947565967f41cf958cc271548,scam,100
0xa46311dc4d3bc52b66d45e74682042bb143a9aa3,scam,100
0x18ec1d727320cbed7c0c63cd655ade997b292c5e,scam,100
0xdf967ff95cd5ff35a27786dbd906fbb9ded116af,scam,100
0x300d4fbdb7ef38488eb9338982686e04ba426715,scam,100
0x15a99893dc47bfae5b06e9b4c8941aaca60f8af5,scam,100
0x8c38a4e5104a2925d9e23d5f269afd1c2e09b8f9,scam,100
0x43f030a549f780d1af59a782eaadce4dec7ba183,scam,100
0x2903e9f1d81fac8ccc313b5b496f2db7db6750b6,scam,100
0x72b59c7ff61130f4923e2da6af27d562dd64191c,scam,100
0x5bc989f38ec9b913b0fbd8b702858214d428a1bd,scam,100
0xdb21509547c82b69e714bf3a761e6d64f0f91cd0,scam,100
0x101c55c14bbde713d4c718b67256133bac8126c6,scam,100
0x56f0e244ea07e894170731285daf8cf4864e368e,scam,100
0x5e0f56a3e977318b69303c12369b2a797dfa2b0b,scam,100
0xd0cc2b24980cbcca47ef755da88b220a82291407,scam,100
0x4cdc1cba0aeb5539f2e0ba158281e67e0e54a9b1,scam,100
0x00e01a648ff41346cdeb873182383333d2184dd1,scam,100
0x858457daa7e087ad74cdeeceab8419079bc2ca03,scam,100
0x2268751eafc860781074d25f4bd10ded480310b9,scam,100
0x379ce20c018fb6301c1872c429ec7270ffa4dc5b,scam,100
0x2b065809f6ec6df32878bcd26711a0e2bcf59c26,scam,100
0xcdd1c19dcc3f473eaef6edb0a28e1e796d6e1767,scam,100
0xba83e9ce38b10522e3d6061a12779b7526839eda,scam,100
0xf73ef0650415656b51be39bd5d37cf5ce03f4033,scam,100
0xedf202629bb7e9f72d4c62c325d198513fa7a3d3,scam,100
0x00e01a648ff41346cdeb873182383333d2184dd1,scam,100
0x33f74739ce6be3b2c38af76f5adb3866cb4784c4,scam,100
0xaa1886de3f70a3ef502ea1379a311c5b4e05f3fd,scam,100
0xf9fe85e19bd533c69067c6e2ff02727d40a54100,scam,100
0x4423b4d5174dd6fca701c053bf48faeaaaee59f0,scam,100
0x89c98cc6d9917b615257e5704e83906402f0f91f,scam,100
0x4a0d27a1044dd871a93275de5109e5f5efc4d46e,scam,100
0x3681828da105fc3c44e212f6c3dc51a0a5a6f5c6,scam,100
0xe4fa5149306b12d51dc0d04e5e95bc9704ccaad7,scam,100
0x89c98cc6d9917b615257e5704e83906402f0f91f,scam,100
0x1e80dad60d19fb8159af3f440a8ceaa0e5581847,scam,100
0x52b7c8857be3853fa68e09d9ba7a9adf075040ea,scam,100
0x3b0009071a0a9983e9aab537fd8c9ad478310aeb,scam,100
0x4bf722014e54aeab05fcf1519e6e4c0c3f742e43,scam,100
0xd9932453997ddf36fe114c9f22bebb9ee77b2921,scam,100
0x68b0e0db7918c0211ea1fb78292a879839137dd0,scam,100
0xf902aa3a62f9e28878129e1a8f1eb71e4fd7a88c,scam,100
0x1086feeb031e45e8fcd770662aa8302d7c23ba1f,scam,100
0x685445fe51b31790538890a6468851afbf7a0519,scam,100
0x6fcf42fcd9c6a54b64d1b52083700142952a2805,scam,100
0xda657e9fa116900fab8178e5580a3a6cedd89f3c,scam,100
0x44a7ff01f7d38c73530c279e19d31527bdcf8c78,scam,100
0x1de23f02e185fdc4f6bacc98d6c6419370e38538,scam,100
0xda657e9fa116900fab8178e5580a3a6cedd89f3c,scam,100
0x6506827d91659e871fc7267160ba1c3407195270,scam,100
0xf1e250f2a27ab7ec5b82b287f2799260448cd51d,scam,100
0xfbf6f29c126382cf15795bb209ee506a174cc709,scam,100
0x7cbc4e0d168744912c5afc081499145bbdc51e69,scam,100
0x57b818a1070373e21fcedf48d4368e1703c75852,scam,100
0x8369f6723c4792b41d4af4190662269431ee5b0b,scam,100
0x57d02550f47dd932d2fb84e0aa883c9d8d53c313,scam,100
0x4999924fd714092fe92ca9a792a8549f798c1dc2,scam,100
0xf8e676094628776690dbf83fa31f08aa14fd3fb8,scam,100
0xc4b51a247514901faf1b6b1da9f0836066e64407,scam,100
0xcbcd4b518890429c0ffef3d782ed99b3adff009b,scam,100
0x5d3f32f4b2e99fb79d2f6a1cbf3aa7390f8fc751,scam,100
0xbe3364dfb8158a3e452ff96aeb247bf3f5f019b5,scam,100
0x7a18cfc4a36e48163034e51a9ed19d4bdea05f6f,scam,100
0x7c203685291149d5dad4308781f42a6b945df4e1,scam,100
0x7e3d7d8e31b3f472fcd3c1552a9f009131c50c6c,scam,100
0x29e225d888cf11c5e67613bffd30bcf071eb3d4a,scam,100
0x6d0b90ea2951ca5ad3abdb606e4146e9765f1ee4,scam,100
0x64f3502c4b6b7e7f106e7ab1f175a4e2c2fde45f,scam,100
0x6d0b90ea2951ca5ad3abdb606e4146e9765f1ee4,scam,100
0x143494359bbacc878308075c1c9fa05fcda96651,scam,100
0x920adc9a060cda345fdec2fdebad6ebf38edf83d,scam,100
0xbcc6c0fef89b87a12773db7a9a8ecbccccdb7aff,scam,100
0xf9a5139e42c3ca13d5b24d23ab2b18c278805dc4,scam,100
0x8cf893f11f6037b14f0f827b9ed6aeef38931fb4,scam,100
0x893676c4a94f6ecdc33a18438bbdcfe9e6c68a9a,scam,100
0x05dd62c007cde143b402fa5da3937c40c70b4b14,scam,100
0x0dcc89f3091d3ef66e00fb595ed0fafef4434192,scam,100
0x2a7d04018d7295d8069ec9721ee415c4bdc57909,scam,100
0x1c2fb401d3dc4fd8131ccfc4589f281d58921402,scam,100
0x88698a2ff09506596a88a1af9d103a420ba46a3e,scam,100
0x05e3650bfc907cc1b3c774f0c053c8b990ce1a4b,scam,100
0x801d03f4d053242afbc2949c141bab4270ca6707,scam,100
0xb71df0dbbb9754c1aa9115253f4ebb7ef3f8a57c,scam,100
0x3aa65f17cde339df49afd2f88b3c8495842d5fb0,scam,100
0x37c81cc9ff71d0f97849a947bf22e8e529b72230,scam,100
0xef57aa4b57587600fc209f345fe0a2687bc26985,scam,100
0xb7c4a4341c0a03460b6cec4fa997dd2d748ce281,scam,100
0x3639b8b8eda816b2cb62b65159a183972a3cf863,scam,100
0xd3d7c71e4c5b1ff2f42fbb9b4a21f3373aa8b3b0,scam,100
0xaf31bf4fa017768e6426308cf17e16d633700265,scam,100
0xd055610c2d5151adb3eaf994e08abe45dee936e0,scam,100
0x8dcdb7fc9f541825ba57fb47d5204317fc609590,scam,100
0xef6805af393c34fe772f8d827a5d26685215612a,scam,100
0x62404bfb3e1c464f17e3af0c139e39d0703ae4a1,scam,100
0x9a95f2ca24d1dcb01048e0623f63f9d174237deb,scam,100
0x071cf579507dd0661845694f709e68cf7ea506a4,scam,100
0x1b42bf30cd988ad20500ce47cce52098576ec2a2,scam,100
0xa2896b45f8bd313b777f1027724da1b5f2205a58,scam,100
0x1aef1e14108786e0b049f37758529d866cc3c7e6,scam,100
0x3853ba76ec6ae97818e2d0e0839c9eda6c396690,scam,100
0x33f6ee23ee223c4558a95bf4c0e9f5ed21e06319,scam,100
0x22374a2e9e19bcea56e64f9de3329670cd1a458c,scam,100
0xa35e3534917e471540345733b8f23e7bad54681b,scam,100
0xa6b60dd3be491aafe5aba8622b35c0ead608d3fd,scam,100
0x6d8a1bc0ae09ae5cfd4a7a2a59194598734ceea5,scam,100
0xf3ae45d5a0b8efb41444101267b56e6795051fac,scam,100
0x8a46aa04725b2e2029bdcb924d671fd6a9c11dab,scam,100
0xda1cc010259496d407a764c381d0e82182d68d89,scam,100
0x42ff5fff0e369ef6880875efcacb3b7c77974abc,scam,100
0xeed7072fcf46733833249d1e979c44fe4f2a23a2,scam,100
0x7c57981af4cee87567774b53f9da1bfceb8b944b,scam,100
0xfbc79a80ffa84253611e8f9a82f18e9e93ceee81,scam,100
0x943db403251105195f56ce69c7c48a6320475ab1,scam,100
0xd754b5bf41b84bcb49cb952f858318640abc60e0,scam,100
0x902d0d5bb6a34307bbd1da33e61ae1654b6cbe1e,scam,100
0xf0fc2d4d550253d8c165c599e0cccf221c7eb7b5,scam,100
0x52005b77fbebf53cfd9527a388f58d0431aaaa3e,scam,100
0x1e67f055367bcbce045e1211f09355eb7411236f,scam,100
0x316b3b83c33b20249b61ded124f2620d8e823793,scam,100
0x0ae775637e63fa95855246fd82e96802d05883fc,scam,100
0x71108be9c232722dd6839a6fbad171cf44d3ffaf,scam,100
0xa3e52a23060ccdfe186822b52bf60a07451e094e,scam,100
0xd50fcd07007255599a9a8cedd881f863bcd65eb1,scam,100
0x7f85d875eaf39525004e8ac2bc1e83786d7dfd77,scam,100
0x504f1e10da987490db4f0d92931497f635e240e8,scam,100
0x24c00035b050bec633287c2babfbb9f4fe3c8a83,scam,100
0x6e3e57e536aab05950774945d9cdbf506865c52f,scam,100
0x2804e8b4c04c655376d18ada84d46fc345240e0a,scam,100
0xa0d67bf1ae91b6b705abd4f695cc13edaacd0d02,scam,100
0xe54659243f8542d6abfd15bbff69f62465786756,scam,100
0x51dcd13361c5d921d2c4818e419011301e7be34e,scam,100
0x784205acd9423a2044d09e41642a71e087162861,scam,100
0xd912289c9f079b0655737a55fd5d745501ecefc7,scam,100
0x1494403137159bb0dc545d11963fdf797ea1ecab,scam,100
0x43ac6aae3c5dd21855c3aabe3cadb7dfdcf2e5be,scam,100
0x738a4daae8d4a640172fac4f45b41707bd2197be,scam,100
0xea6e18fd3c301e4300bc99b6db792fcff376abb4,scam,100
0xc31fb4c352cb68c847715d46d97c1fa2aa2d0f00,scam,100
0x1447b1cb205158d98fdbd312b37ed9dd1481fb62,scam,100
0x55456cbd1f11298b80a53c896f4b1dc9bc16c731,scam,100
0x57dcf20135b0cb9d167e8ebfe13b84bfd67645ed,scam,100
0xa2a3a8e4a1877da1c913df7591ac0d72f27d4510,scam,100
0x1cea7999fdafe5d156952ebf1816e8aa67a5485e,scam,100
0xab1c30cd2d9964b3b845ef744e2e4043739430e5,scam,100
0x9d0b8447f16d6bc1de2b52d63e9c487bd778a91d,scam,100
0xeb8b629df028f5353649460f1c06bf394de8641f,scam,100
0xa5797ea738abf85db7b3f2e04a4a40a5180044a8,scam,100
0xfcdd417b449c982fc9b6d7b117e417682e81b627,scam,100
0x72a66bba491f0c696c4c4e3154d07b241d371944,scam,100
0xeaceb8e777dc8b1c11b8730904d13fbda070846f,scam,100
0x0a78fa6dab70385dd46fbdd20da5d868eb43f904,scam,100
0xeed48722238b98317d849fa591d96b7efbe9b06f,scam,100
0x0d502f90c0a740b9c069ddec1c436d483ed7ab8e,scam,100
0xb37722e14fcfc78a56312a9a746c5474822002f2,scam,100
0x0387cfc283ffcf25a4a6a61e832545bbeb7c8fda,scam,100
0xa7a020ae798a0a026c57ed6cbe48b21d3dbbec5b,scam,100
0x8c9d299cc3c2111499416cf4e3677328486cfac2,scam,100
0x4c191dca6cecfa1e55caa3cf178eea52728b13e7,scam,100
0x514e9ca5406f112aba902b0cba87395b914d861e,scam,100
0x2da8703d18afed53b303119e4ff06cf035a9fadb,scam,100
0x660d30d1fbafdc88a1951370cbe2b3094dbf224b,scam,100
0x2bcc8aefa2fc9d8e52dad098778bb0a8d08a4aa3,scam,100
0x7f2b4801c338a7b3cc322bfaf151afea8708e8e0,scam,100
0x2da8703d18afed53b303119e4ff06cf035a9fadb,scam,100
0xdbe6dba965afc52f5b3d51e4b15e372f45d4106a,scam,100
0x9441a81fb67f44ce7b31c311317e136e7067f8ca,scam,100
0xdaa29859836d97c810c7f9d350d4a1b3e8cafc9a,scam,100
0x3853ba76ec6ae97818e2d0e0839c9eda6c396690,scam,100
0xe10270bfb1ed82e120bfc392efb3c94a1604ded6,scam,100
0x8444173280e5fdc0525494638123b014cffcc521,scam,100
0xec2d5cc008ba6d2237d33ca9cf74b684737fcae8,scam,100
0xac82537fae701b2046f62bb718c4857787b0b647,scam,100
0xf962933e44b1dfc771738a034c80d87bdcd96ecc,scam,100
0xc94a6e7776bade5da316cf6fd8c751fb0d5c3c5e,scam,100
0x58a166f9a6ff996e2349eea90d42cc198529a037,scam,100
0x0059b14e35dab1b4eee1e2926c7a5660da66f747,scam,100
0xfa1f0b67b9b48b2e87467d72f09722e19ed601bd,scam,100
0x119240ef17333e8dcb19a0dd4f5fc848981b0ff4,scam,100
0x0310c4385311d225cbcaca26fefc9ab45d3eba3e,scam,100
0x6af114154a8850b1c54d48bd9103bdcdb420611b,scam,100
0x0b7f284d74f549731499c44aed2a10adcc9e9cc0,scam,100
0xf33068d5e798f6519349ce32669d1ec940db1193,scam,100
0xb2ac8e363ea34201df532a01522a006fcaa389ee,scam,100
0x02673ebfbfaed5891f6b14248b0e2753a8758fbf,scam,100
0xb37da5c9179345341fe50d37cfc961ba47c01f9a,scam,100
0x5d1bcbde56db05bead0ff7c87c9dc85baf98ab32,scam,100
0xc1dd8ac971129c8c08333924f58ff40a50b8bb9a,scam,100
0xb23fb6cc17026d1ce9cd543cb69a023569503e4c,scam,100
0x91619a3456fdbac90bd93f51f2917981f0ed3097,scam,100
0xf4c87c851d772b0f9e72cca0690327f2bc505015,scam,100
0xc0fed35b43f59c2bfb1eb544bd8921bfb18140c2,scam,100
0xc169a0e826f22fc7d37a48aaa346ffb4521c35cd,scam,100
0xac3800002e45ed2e1a55dedfa2aca137f6dba61e,phish,100
0x1c39d6e0278d1a28ce21dbd73826559b010224e5,scam,100
0xb2a3fcf38979898e695c88947e3373bf1c2e9b37,scam,100
0x33bf8bde242216da572d6486d641ae0a18137306,scam,100
0x0ef2724a6d8be9f72f3d35b62e1e8a37ceaf721e,scam,100
0xf747726200c7fc14ef4ce267b1f070128c2260dd,scam,100
0x0c8b0b3e963becf16cda410fe1eb4b5d64022c94,phish,100
0xce686d019e6f692af646a8df3bfe789da97a484f,scam,100
0x6d64486a5c99139b53239297e0b653d196d05777,phish,100
0xcc66ea7ef61a67df02afb18706c68a5f30b22300,phish,100
0x2789b7b3557f39643198433daebf6b43512be65b,scam,100
0xb9cfb36060785f6800b1ab9ccc9b4f341d097399,scam,100
0x75dbe6e21e38a05a82ad64281a9e28a627619273,scam,100
0x93574d7c405717d80520944ee1cb72d327b01df5,scam,100
0xd5edb088b7382b397238f5010d14cf10dd395007,scam,100
0xac513396ee50091972ee6fc07d120b6ad360b233,scam,100
0x94d55b6f8b53903026399ab45294140eafbfbf44,scam,100
0x8202b590eca4662446102b3a97e3536aac8ab941,scam,100
0x26f7eb488661c33c43089ad61944f3231222b32f,scam,100
0xf394d807795ff57373f1fe903046596cb0f69acc,scam,100
0xcae77a05ab518492144944fb50572ebfa3595870,scam,100
0xbbdef8b12babd3ab6018566bc17ec3aa302b8348,scam,100
0xd362c189cb0056159d2fe22bd8203e26579f620d,scam,100
0x6122ee683dbee50fd432fe5bdd8ac055aa3d42b1,scam,100
0xdf3e77cd5e563f93fc7eca905d3302e95f9bb150,scam,100
0xd9d25dce4c3765855c76f3d2baccc0755c4d0bc5,scam,100
0x9b521529d04329c2b0a9f9b7db18ed775c6ca8fc,scam,100
0x545f5e5c54d8ac72af1c7de8c070387b73841a24,scam,100
0xe0b13c073e8173b06062c69a160ebb54e2af86c3,scam,100
0xb76a4770587f76d6c644deec275a2c76069b5f14,scam,100
0x0d9786138578fcdcce04435592545ef08422d755,scam,100
0xbb53be0690ae7256833099a1f01125eb33445692,phish,100
0xbe11d0d38ef4857224032afc9c96647492f726ce,scam,100
0xd0ac32ab01d9d3ec145ef63f73bf4e222dbcc0fb,scam,100
0x545f5e5c54d8ac72af1c7de8c070387b73841a24,phish,100
0x0059b14e35dab1b4eee1e2926c7a5660da66f747,phish,100
0xdafc2a2d4e070f863cfcb5887bc2516e05e18877,scam,100
0xac1a4f4d49715e31f54cb8e0bf867bb9170c10cb,scam,100
0x5d82db63cf0c54d47006d416bdc7dab09ea2f3f1,scam,100
0xa82c7c0ef05080463e4ac55db8b8531007f3a66c,scam,100
0xdcd2fb1c1b103c5a591e76798704cfaa27baf6b9,scam,100
0x5efb7d2ab258b18c8166b0c74fc4117716e52515,scam,100
0x414bca672494b8f078112c52ae258f9e8de1a4a0,scam,100
0x3dfe9f7af8864df0b7cc2a20430006fd1af8da1a,scam,100
0x5b6d3d66e18dfd31ed9a753c406963c401f356c0,scam,100
0xc8c3234aea55a5f746b2ae585a849ba0bfa57785,scam,100
0x774148e22f021972bfe082e1548e5d9dc6e1d76e,scam,100
0xeecc46a74cea6133a12672bd62d5167877b4d521,scam,100
0xe5b913f91f2b90c5cd04d711e1eb3214c56dba98,scam,100
0xd9cd7461f960e56364a294f124aac77b25e2b784,phish,100
0xf5c86c5ba5291da78a2b4119dd7aef99e3508362,scam,100
0xb2172027cb233198a3945a2c864f1ec5b7e3b3da,scam,100
0x94763846b1fcb75fccfcb51a9636ddc26af281b1,scam,100
0x7bb386c33486fe345168d0af94bef03897e16022,scam,100
0x25f8b4acd2c37d7ebae0066fdf9f13f327c0c4eb,scam,100
0x3cf71871d2f56a6af21bf17ca2652cbc12e8ba1f,scam,100
0x94b40ecc7b38f5a9316b03dac4fc663e4d10cd15,scam,100
0xd1bdd067f5f1cbd358e2dde444f8d9f41de8ae76,scam,100
0xfa956f10da5e16f120eb299df963c1f7563bf66b,scam,100
0x9eb041af96d44583110565abec79aedf22eb60b5,scam,100
0xc9a08162b95915edf6570f0439757e1f655de576,scam,100
0x7eb28833082eb28fd423ab30df20afde98c47dbf,scam,100
0x8f0bca6b1b2b522082d46f3eec31340f113b029a,scam,100
0x636e5292882e2342aaf82d651322aea09a3e5392,scam,100
0xe276c66af8853cdd91c1a25608b4e8b599f4da0e,scam,100
0xe350160e3c8a07e92ec58ddcb8df81a73aedc6f9,scam,100
0xf021428381172ef96988b31f241f4000259488f7,scam,100
0xdefb014b9e2f3bd81cdb084821f99b681cfca695,scam,100
0x74104e8c7f546c7398d198f6678310ce9d1b8814,scam,100
0x4c569022016eba68ea10dee702670dc82d2749af,scam,100
0x16b9c4333559256ca7d87b28c6fb2e8415b4711f,scam,100
0x89e5124b5162a0ceec512e8ba97cd5e6f065fd13,scam,100
0x9e009c57b36ac7e3382697b4c9d3e7092a1cdb42,scam,100
0x0af16719353eddc122eaf834638406c499197860,scam,100
0x602026bd56bf9ca9d86926669e4353035aca2a88,scam,100
0x629b2aa7fdda8f7527d6f8ea742c1d5774e567ea,scam,100
0x4bde78ead56a30055d33bf84f52e420b0f6070ba,scam,100
0x76c88cd1ec2442c4f929b0f87280be006d7ba725,scam,100
0x169b6c7ed548e45ba9d87b2d32ff27e2d00051ef,scam,100
0xe41031233301370491d47477e1171dab212d5352,scam,100
0x9546748f47a77408dfbff0dc22505b2e9a75fda4,scam,100
0x9cdfc5b0aca4527a0916412e9dbd6ad85556a494,scam,100
0x8a6fcf189437928a6a07f6899b675d11f3d3f778,scam,100
0xb0dba64e6a353a74cc78e8a98914c4dff517ba7d,scam,100
0xccdf72de615b5158bb37931bbce645aa69221520,scam,100
0x4bb1c210e3921e0f051ed00e898b9605c902114e,scam,100
0x4899f3371fb9f8e68a0b639bf1fd75220a089c42,scam,100
0xe88379631857c0d8174efefdf8dca25b29610f08,scam,100
0x7ba85e2e55c7598378fe927ad2aef2dac6c45218,scam,100
0x7dcfd020ad161fbd4c45894ab352582018ea9197,scam,100
0x0b591a58137f154f59aea1284166d6a7b49821fd,scam,100
0x7dc66f5b59b34df403b96fec7e749703c157ebf8,scam,100
0xcb142defc16c9b409272447d87c74b722b767f1f,scam,100
0xe61df1f5b8dd4e4e2a874157c2c97daf7314b795,scam,100
0xec970bbf167beee6fb536f1839418f3d19ce2a69,scam,100
0x247733af8b2bb8e63e3a2a419761c0fd71d40499,scam,100
0x570ac27d1048dcba1a4c58fe80109b9cf9b0e2ef,scam,100
0xf4710562c804087af20b7396ce7cba38b43fb61f,scam,100
0x71b7767a9464ea1ad82db434f06d9330d34a9fe5,scam,100
0x79a9e902cfbe87fa5065905293992c15de7f6095,scam,100
0xe977419ef28e71ed541ff6318cea9a6392709a48,scam,100
0xd3d26c61401924939bee67dffdb7aa7a0138844c,scam,100
0xb113a2c20471ff1efdf2735206c630707263f41c,scam,100
0xa1b70dc70fb74767cd380985cf93c4fb132fc4f7,scam,100
0x785a751b2e36b2b0fdb80100b7ca14889a768a22,scam,100
0x8645ec394f7af95316639dce6f99c01476b0d888,scam,100
0xaa2498d85ba7559006f90110a4bc33c10a06c1af,scam,100
0xe009321b26350c2cff5db607068c1f6813df40d7,scam,100
0xa8eb559eeb38c6cb6a8bc6c39badd86b113cd875,scam,100
0x52b34625687d6266a3b98fd5d214828f0670d7ed,scam,100
0x717d2041c516573a0e27f552cdb6c5c3ec7b4e09,scam,100
0xcc49d1f23f01decd4e18b6aaacccb038c9648e30,scam,100
0xcb89576d5e1627f4a0c64c2bb4d51798e92e8b8f,scam,100
0x37c85a7523b1832b4d0380b2f513e88b66e8c850,scam,100
0x560833296ef7a7f41b30c1065225fa9b33830c19,scam,100
0x175f6dbf87215a6da7107977b4680bc3db31b2de,scam,100
0x362291375bd3fc2ff0f928184bd6f373f92dea57,scam,100
0xc8ac47854a3fed2b444beb83f4c95ba092a3a735,scam,100
0x86e00684ea92cb87f40d74c5ebde97ef9a17753e,scam,100
0xc4625787be3fccff6ac2971945806acc167c8cbd,scam,100
0xb8689c29bdc7c84f33706ff0f96eafc222ba6d86,scam,100
0xe74b02131ed2184eb94fd357b4f303e6935367f5,scam,100
0x18f3489d959fd0e3fac366646e08f9aeabea4d75,scam,100
0x1e12436889e2459202437077549e35b56f1299cb,scam,100
0x878cce43a3b9d8a872a33d2d6ccd561e033707f4,scam,100
0x24aa18952e80707dad3ab4c9c97e787f2af337ca,scam,100
0x2f141d0cd81011436df8fa04bdac01cb6cf51a65,scam,100
0x4fafc9291a0112a0ee0928361c02848ff2fdf6bd,scam,100
0xfb1a7ccf5bcd436dcc0acb49ba1fb9f57bb4d064,scam,100
0xbc66e774ce25000950786241b8c5ee3275311bd7,phish,100
0xbc210ec2efada9df4897dc9b23c58e96c01ef711,scam,100
0xd77b95800f67deb52e0e0988dbf01a311a3ccd80,scam,100
0x39d7c7acec5bb282a4fb6e998d3d0099ff7780cf,scam,100
0xc5f6690f7b60fe739908e02aec46ae07718cec5f,scam,100
0x3715b1ed9bbd5e165af97619b5c5e13e39f55504,scam,100
0x63cfa80bbbee233a4257857dcdc9d78cbc8efe37,phish,100
0xb177fc9a7caaa9c50d82c5d2533750f1d72aac86,scam,100
0xf2dcfa51f83e41c0e988477f939c7a5e5b9a6905,phish,100
0x2b3f15a55a68c4c81ae8331c2fe8e90008993f51,scam,100
0x1363077895b20ae90f80794ce4e575559517d033,scam,100
0xf23f9dda63ed0628609272dc0544c7a2f7189f51,scam,100
0x38b7ca3b78c51364095bc56146d25f55aee0af21,scam,100
0xb82bfd79d5a8c0cc0d4c045633288b48a2beddcb,scam,100
0xd79eb898431ea62636f08f738d10eb00446403de,scam,100
0x3007a0db9caad557cf4589cfd550c21ce9399b15,scam,100
0xfddbfa1b0b93612b95e3296690b63b74d019370c,scam,100
0x0755e59d505c9b473aec50b476df3ea2045739aa,scam,100
0x1ccc9b2769741ab0e1620721df7cf8ff1d70716b,scam,100
0x915c95415d3449212fd0991ccf5eb42864118ec9,scam,100
0xd43f2111e4055120196285ec094aa6e96998668b,scam,100
0x0dea8a35f4e39cdf65d3cc11f10612e9e0278b60,scam,100
0x2b5268fde5041f6b1afd77166de4e9ea5d9e967a,scam,100
0xd0b473271e9d38dfd11925d62ef8c0a2cf033a9c,scam,100
0x23d56797f64640e96feaf57b7874c897b53ef0e4,scam,100
0x508e1101755a4a6ae228b0e18002a816ce3418ce,scam,100
0xfe821f5509fdea3f72362d001697ad8c11f0c111,scam,100
0x0a9f58ee19a7131ed031ea66a032c05c7efe965a,scam,100
0x5f58fe612db5b3e97faf4a2e8f38b4ae295288aa,scam,100
0x1e3c07ce10973fcaebc81468af1d3f390d2a4c71,scam,100
0xaf313b5cf52d7a2ad7785d008660ab68421db2d1,scam,100
0x693d47204555361d4d51311f97102a1507559802,scam,100
0xc7308d5a7220dc021ccf417445cb28cbb8fece66,scam,100
0xb65db9f684f3bfa45ad3fb4cdc4120618ad81f00,scam,100
0xd33441a44da0c1dcee596abb7ebdcdba77c7ddbd,scam,100
0xd868a76a1dcc34854903376e734e3cfe461dd08c,scam,100
0xa7ce02b8195fe8e3116a7e1248f2725eaac86fec,scam,100
0x0153775362c3071c1860e8dbfd53ccc82fa226f5,scam,100
0x6642cec9d02e4e669103a3ed4f3505f437b8fe73,scam,100
0x3e2b9f6b67fc972419af5e9818281b745a6bf83b,scam,100
0x8dc2c980d25b586c5c110ec3c477e985b9acad8b,scam,100
0xd6f8668e96951e4108a79bc45ccef022544c73b3,scam,100
0xe06ae5c5ab3eda3a62918bf86532c7d87dbbc66d,scam,100
0x4a500bf6818ba31bb2b1dc90a354ab64ad3301dd,scam,100
0xf2601c5a063c6a6ca86d8b6bd0543158f83a10ce,scam,100
0x0dc04198cd942b55a7d63f5c3891122b6fa277ea,scam,100
0x07faacbe52a8b5d3d22f49206bdd9d9c1f71991d,scam,100
0xa0db4acb24e92167341320fcd882bbfb641cd12d,scam,100
0xac9093198de62e5289163e85bacb53ead596b9f3,scam,100
0x5ba53eb789c7f017fe3cd8027fb01c5eeb81f697,scam,100
0x116574a18659f0063150e0064e4ea00349a1492c,scam,100
0xc4dca8f7d121ad79057a8382fc9fa9898727ddd8,scam,100
0x68d41d0c11bf5536d6d8c186ccfaf3de1a022d67,scam,100
0x65af8c81291fb60a20235d9e4de80851f8f845d2,scam,100
0x57d4e4ea0a207074d7e45fe60c939d2f4d3ed06b,scam,100
0xc315f677f6a8f7b42d8fb32500e790cbf3dfbce8,scam,100
0x07a065bbc565002740caccb22b452fdd029ba988,scam,100
0xfd477bf560e59941796b398cea662b393298abc0,scam,100
0x39a7c26ada0e575d69f05dd6b8086f0ddd99e207,scam,100
0x1ccd65d573057c388ea96cc8be30c18a6d21185d,scam,100
0x1a2c53d132ff8a6e26f6b32c0abdc179b94f0721,scam,100
0xe02f2921742a6eec7ae44a18b1cca4277874bc74,scam,100
0x7e160f5cf87e44cbe6b1337bb883f453445391de,scam,100
0xd9204db19a18e051e861576a462c0cf83a2b6237,scam,100
0x0b1f025593acd090a6c9b754e6e46acf88e89646,scam,100
0xa62b5f23f4b3ddc20f879c3ff58d4b1ef2952d97,scam,100
0x1982b0e96a0375e5b570e8e466d423a37af34b43,scam,100
0x1d82886f997d0b124dfab342558bc463299c8a6b,scam,100
0xdef05b512d405f4fb930e252c6c11f054832c93b,scam,100
0xe6d3486a5fe2742e313a3266af8ff4f43e597d27,scam,100
0x99f93d05059f074e893ab369f71adb4569a3da12,scam,100
0x303f41f4e6a1e1fc9cc2738c722b73b3d9fe54cb,scam,100
0xcff5e190a3d92e480a8bc5b414362c0d1afeb54e,scam,100
0x8676f2dfd06ec780ea3f8fba65a29110a56dd830,scam,100
0xe1358ae1a9130bc458c8021fcbb7ef8aedd51487,scam,100
0x955427a36b5c92edee90a1448bfc7e854e9caef5,scam,100
0xe9ee84b3b818b2af67c4536248fbfc5c7a0ccfad,scam,100
0xe6c51d563f92a23dee9a7093bb1be33bd35c05d8,scam,100
0x956729a9e9b2ff42a30c8bd8fbe380b2c714825b,scam,100
0x788431a9fed9fae11871353cd6e92f3b724e7d63,scam,100
0xa6ba0996684fcff6167128a13c8b0a1648310e6e,scam,100
0xe1632e7e0dc135f3bc8991b917e8b682ab340fe1,scam,100
0xa05554fa940043c7ba191b16cbbe404c3f898f48,scam,100
0xd84af8766bd29b988f3426cc48cac5a6646f1f90,scam,100
0xc616d99df3bf92e3111090f94694bd662b72ab1d,scam,100
0xa490730ce2a97ec9f81f08fdb0eede36d6319bbd,scam,100
0x702d965332e3082dc976c3b4013cfe0e2c540bcb,scam,100
0x371850498d1bd60d67110d1d046ffabc10f957ec,scam,100
0x02f4a464eebb46a50dd087074d7a2cf3f5a3598b,scam,100
0xdf04e5007cb8fd65831310ceda40f5642c1b39c3,scam,100
0x9beb086842a6c61ad929995f7060e3ee2c4a94ce,scam,100
0x5e6dcab4f8edbfc1537b804803d831e5f42d8f3b,scam,100
0x703f0116bf2ef4c80efac751a319f097fd2dfe6c,scam,100
0x3d11b2189ad65e0e91e2f2b0e07cbc05ddc75b7a,scam,100
0xcec962222291e09a07c0bd0a110d2211e0358b28,scam,100
0x069a6761e9897ced3f5d13f4aa9ad745e526c913,scam,100
0x38c36d3faab64c0770af26cc6ee95d91312bc53c,scam,100
0x66e88b42922916d01b9aec71dd334d7fa5fb526d,scam,100
0xda917961872ae8e0c8b96f6925a4d7cc7b27aea3,scam,100
0x39ac3008be15cd3e3f23786faa0550c3e0b92ff2,scam,100
0x12736c6b02381c3c50e41db3a69d7bb651a77d57,scam,100
0x581cc257051a34972641d008c3915a75771be274,scam,100
0x4566b8b849dcdbe04f64bf1909db313cf60d6e41,scam,100
0x3884eb0ae2a04bce65b5b0ca9c1bd069cbd52c66,scam,100
0xf245e09a1b42f847b120558f0c6e08f821be23f7,scam,100
0xd06f80a4b932d7247aba4a85decce6c2458c0654,scam,100
0x0bdd81d2a676166f2a28691e8af64ebeeca67fae,scam,100
0xd22167d083a5cfc2f1ccadeb842a8093b2174c5f,scam,100
0xc593e92ed9fd3c2f9db972860047affd2df83ae7,scam,100
0x09cc69f6b484cada8e152d2002adfca496d723f3,scam,100
0x47dc6f08214f891cc910d6d2abfb504c2584f14f,scam,100
0x1c0dffa23f342a62ace37bd4eede6180c40ccbec,scam,100
0xd72ebdf278c092d9cdaa12c58f8bd9438f96b83e,scam,100
0xe824ec0f8384600f3187967f8b098014e31892f2,scam,100
0xe9ab68e4aa12bf290529626e5f32725cf5abfba8,scam,100
0xd354cf84a4cfd096120e2d4bf0a0cc8866d4efe1,scam,100
0x1dea82c5628ae89572a153a556312832ee33fda9,scam,100
0xe051ee9bd6270ff52d85ffe09685ee3a9755f04a,scam,100
0xcee9ee01d48050415f1b104277bd493c5dbe645e,scam,100
0xbf0c85867fcdd4064d22b0dfd91561a52134e035,scam,100
0xf689bb4b063683a9ffd7a9295106f1e47c095809,scam,100
0x0f7a4c36b5ee28e581504e8dfa62fa83a11ca7a9,scam,100
0xf1014a29614b196d19d8ecd5ff05f3cef5efdbe2,scam,100
0x0d87ca679a7ab95598b34eb54dafc356b0373388,scam,100
0xdc3fd5cce7b17e461c692ff34f22fbd4b780b151,scam,100
0xb1f873cb2cd0c818ce8b0a7d971f062808a47425,scam,100
0x7b3a132ad35b6138f2dd148bfac2e790e4869723,scam,100
0x6973c24fadd0bcab33ee5cb325c8a70e81c67c20,scam,100
0x15847dcd428033c2cc2cb70edf2cbd6c84afc146,scam,100
0x4411db7be552b487e3681e890ed14de9a9b24f7b,scam,100
0xa5b254aea2e59ab3ce3bec470fe1882403c41be0,scam,100
0xccffdb4bd0abb6fd105c1c4e03b4e919a5b57ab9,scam,100
0x31537238bb5b237254b629bf226b566c617f182b,scam,100
0xddff022e4befa69cbb5262446a8ae564700bea24,scam,100
0xe6b39dad6d7a50b233da23e510697422e9d6351a,scam,100
0xe9e837881c89e943c4c66e26031922bf8fc3f4f3,scam,100
0x3f4d77cdabf58f5bfd2ef20784cafd58334542f8,scam,100
0xcd63bb3586e871611cc60befcadf8e56bc7aeea3,scam,100
0x3ad44a16451d65d97394ac793b0a2d90c8530499,scam,100
0x6678bb2a94097f5046ff179a9dcec5be0985745b,scam,100
0xc14777c94229582e5758c5a79b83dde876b9be98,scam,100
0x5f6ab160206bc6a5d663ca5d0f237d82c572272b,scam,100
0xff35866acb80ce4b169d1460cd48108955c1c445,scam,100
0x45750cd6a3bb2206dbeb9cba5e68bf909ac945e3,scam,100
0xc36454ed2b40adef7c75b9cef95b2f8010d3e0d2,scam,100
0xde5886e65cbf1a9d21267f5ef7d5ed444cc63938,scam,100
0x1c0e294310091654beac3d191089d3c376be123f,scam,100
0xd2f4ea2f9d4c627c957305e28877081da9296d47,scam,100
0x91ef0754d270e67f2ca92595f5a1c0459ec7df89,scam,100
0x82334551e71b48387a122ebb256b188bf5868f44,scam,100
0x1d64ea27764164debb4e891eb04d524f42904b08,scam,100
0x495a8b1fdba38d726e514e95b4f1657c69fefa0a,scam,100
0x175e0d5f3757b066a6f0cf7634b45f3085cb490b,scam,100
0x93aebe50a59dfd4c1f7ed56f5177c6ced54a33af,scam,100
0x18e81898ac31a43850fb8d0224477349de6d8d9a,scam,100
0xd1091f9c7bb48651edb17d255b2824de0ebd2074,phish,100
0x62e8aaffb7568cec94b0e15e7b4d859302d65ee9,phish,100
0xdf1ec2e44a8b1774b068ecfc5ef1c937a86baf3e,phish,100
0x2a6d8021861f27ab992572d8689017b7a83c989d,phish,100
0x88436c2a2f427f2aa641dfd8c6763facf2bad7bf,phish,100
0xf855fee50a8915634a105385cb6cb9e442d15457,phish,100
0xfe68de56a07cd3af0ec40c22b0193115ecdd0501,phish,100
0xcda5dd8e13fdae006b270769b1a18fa6c5524ce0,phish,100
0x16112015d50fac2d084e096feea0863800517f94,phish,100
0x394f59e83d88469d3ca3b8da15f31b73f27eada7,phish,100
0x6721b09f4fb6fe69a14add6d1f2c1b94562e7801,phish,100
0x85704b506e10b10d714ead28cde947baa58f0ea4,scam,100
0x619f18aec5f8eef483fbfe654a269f1186dda915,scam,100
0x501577cd4865d7d50664a1519a79f1c0e7069154,scam,100
0x897757cba67eadb66d40e45c6748e27d0e67b52a,scam,100
0xb9ae74beafe4025cc0fcfb5e190169f2d7f0b563,scam,100
0xe10c24ca7bf18640fcb35e059919348891922a3b,scam,100
0xab215957873deadd9512fbde29e6c12bea1dd1a1,scam,100
0x09faf25e57abd0a401bb5a2341d7f926c389f8d1,scam,100
0x49311a81f5f5df6c109599ed5d7413d85b8bca18,scam,100
0x8374aa52bf36eabca06e33c4163a081f53e39aa3,scam,100
0x434e9f6a1ac134fda3e7ceb3fd67c3d9b3518737,scam,100
0x17bd6f815fb71a77dc20e12177c4d763a3f67632,scam,100
0x3de08b35c0e7f255f37a5dace9bd8eb78e99e985,scam,100
0xd92559e1f1d2e84f4964f45256693d03833d7d44,scam,100
0x560644f0980300b31dcde7b5f78d0d53e375371f,scam,100
0x37d0909cc7ec38f2d966092ea3607f77bc6bc008,scam,100
0x854b62b692ac8411c3a45463c44cbdabac2d6913,scam,100
0xb116d83c919d6661dc20246d312b702f0cdf297c,scam,100
0x62ee4a3c690c9660762c52bf1a232365c86c879b,scam,100
0xfc74fb0d5df08ec546a3da18ccc7fbcbe031f5d8,scam,100
0xfad17c9da2bebf758e3bc0c99d1abe8af7e96ed1,scam,100
0xabc490af011c8e354b7d2112648883fe9e511695,scam,100
0xca4da1753336aa8340710e0e1a8c0bee2bfbf56c,scam,100
0xe9aa3a74e3d62274f221eca42736cadc14ccffaf,scam,100
0x9aa722c9b6e63325797e1b2f8ff6873e44dd17c1,scam,100
0xaff9e40f9b245b15a1d1bb45516ca213e682fa81,scam,100
0xc0ded1d24c071ca13a905ec5e54a6ffdd0c4df68,scam,100
0x05e5061133f752ea565f40f1e755d9604c313bc9,scam,100
0x1c50139c266559b29d7cb27635e0da13bef76a09,scam,100
0x7098c7113c2ecaf48baad07e598c74c2689a5795,scam,100
0xe7cc576611c2df800862db667140a90cf9ec4b72,scam,100
0x8ee2ba41ef59b5773e5909451e0b8bad4e59a81b,scam,100
0x34743ffa1f93e745668725e44efeb3c50a237796,scam,100
0x4da9608f15c504a2b5c46491d9ccf257c5e2ff71,scam,100
0x008f3db10374099a11ec263415cb88c952abeedc,scam,100
0x8b3b831d767fad1ab0ad52a38777acb98630f8a7,scam,100
0x5e5d6f6706420f932d796c0f28a83b26dabcfd8d,scam,100
0x1e75f03ff928bca6c1692179679afc0223d7824f,scam,100
0x395b53a4ef9736d698e86607047267f7f640fe34,scam,100
0x6ddfef85ecf643628254e5af7064e05b3c6b221e,scam,100
0x2d4498a2cf71f5b0946f0ebcfff97ca9d0cd5d04,scam,100
0x48d0a447b1d7b9a89112578db4536032d3047b2e,scam,100
0x40b942240fec55473388cbf7dbcc5482e64b4367,scam,100
0x7fbf068316c5806a62d549441ae82b00fdb10de1,scam,100
0x052f585fa599bfb4bed290ff30c057627ccd8059,scam,100
0xad0c88f3313abbce2185597e87a15f764e948a46,scam,100
0x3fcb2d173389b7cd8079ef8b439dbd92e7e0ae28,phish,100
0xc5d65deff5d1373f8b19aa8be528e9c3599013ba,phish,100
0xc38d14bf89e0001260bb349a006d7e491e5f43ad,phish,100
0x3b0009071a0a9983e9aab537fd8c9ad478310aeb,phish,100
0x15577e328dd6e17b7721c9ca4d00610d3ce3762f,scam,100
0xd0cc2b24980cbcca47ef755da88b220a82291407,scam,100
0xf0a924661b0263e5ce12756d07f45b8668c53380,scam,100
0xb3764761e297d6f121e79c32a65829cd1ddb4d32,scam,100
0xef0683bef79b7ad85573415c781edfde8bec65b1,scam,100
0x4de76b3dfd38292ba71cf2465ca3a1d526dcb567,scam,100
0x2d146aa23645950fdefbb23f636a5d1674fe1047,scam,100
0x5167052b83f36952d1a9901e0de2b2038c3dd1a3,scam,100
0x0b21fd643aaaf5af800af67e14ebf4886be20164,scam,100
0x6a14e385fff2f21abe425a07ce29842b7037a80d,scam,100
0x18345118bd04c405b4d74941563a21b5a2bf06b7,scam,100
0x474aa9c6f46dc6379c638690fd8f5ade22df5205,scam,100
0x25dc5894db8ef7f7ff7096ea73b890c1a188d549,scam,100
0x7da6955457b72fdd0e80709d704520ff85d79e39,scam,100
0x6a164122d5cf7c840d26e829b46dcc4ed6c0ae48,scam,100
0x41dfc5797c8043a2f4f7e7abf71291064e091fc6,scam,100
0xc57f1148855e67763a694f7f2c0e68230adc686e,scam,100
0x42c5459911ae51d1d005cbe39749bd8d8e533c22,scam,100
0x5b67a30108e1a5f3d5a809d57e76cd16fdfde7a7,scam,100
0xba83e9ce38b10522e3d6061a12779b7526839eda,scam,100
0xaca33c43bd8deac8e1d144baa51fe9c7dd7b010f,scam,100
0xa4fcbc4a0508b11d5ef34d41d72020a5def1c712,scam,100
0x22eb0b23e5ad7ef827aff13b2e40ed63e277844e,scam,100
0x7822b7b190604eaeb4dcaabd2dd5e1daafcb9d46,scam,100
0x07425527076b4f73b5616716dda54fb14cf1219e,scam,100
0x8e6be4cc78557cf3087b15963bf7139b0154e0e0,scam,100
0xed2d26eed06ecfbfd796d1ec551d2a649a31e576,scam,100
0x1d60606d8a09b5015d773a80b0c660bb8d91809c,scam,100
0x858457daa7e087ad74cdeeceab8419079bc2ca03,scam,100
0x00e01a648ff41346cdeb873182383333d2184dd1,phish,100
0x66817272d39da7fd4c552f430fc0b694e357c157,scam,100
0x240e125c20a4cc84bd6e7f8d1fd07aff4c06d43d,scam,100
0xadf5b0c2103598fb66a61714152f1d1717d49fe0,scam,100
0x93d8d5bb1f1e4822f3c614d9a09e7c5e3fabc13a,scam,100
0x0c9d1b3ca852c67bbeabeeb51e9482a845d56868,scam,100
0x0d979f9ffdd579d67c29531cccba568d2172d0b0,scam,100
0x122c7f492c51c247e293b0f996fa63de61474959,scam,100
0x199eee5b6ca1aaf030c77f0b5c50e39908fd2072,scam,100
0x285cfe87f4ad22228a625dcd1f64b2bc6b27ecff,scam,100
0x3018a3eab048a0a1c15003b383a181f089a039cc,scam,100
0x905475cbca398e8fee6e35bcb2f530a3474b78ce,scam,100
0x9327cb34984c3992ec1ea0eae98ccf80a74f95b9,scam,100
0x944a3f5641d6faf7a6abde4ec31e40d0929955ed,scam,100
0xa8454096f4a18e0252b411f670b3dd9d21465e75,scam,100
0xaf70168cdac454fa9ff94e5458d450ae7eeb7ae8,scam,100
0xbc85a12364c9e375801c00aad17b893fc4c8f5b6,scam,100
0xc9f32ce1127e44c51cbd182d6364f3d707fd0d47,scam,100
0xee2c2c2dcd952429147b62fd4dcd7f565313e419,scam,100
0xce52d38539e1e557f184f1073a59f69c9ba95f28,scam,100
0xdb82af76f9ccddfe9e8f7996492f4c5bd5f9d53d,scam,100
0xe112784753273ebede055968ecb78dcad8ff6da2,scam,100
0xeab1d82e96541718e645fdef4a5ee9df78605b76,scam,100
0xed44fc770eaa76db9ade24d86ce3b409f4aed009,scam,100
0x36db23fd8e0fabb300ba95bfdf4a0f20b05eebfb,scam,100
0xd821dfb705333d2c16e0c0c0be75ce360cca566a,scam,100
0x21918461c6aeca5eaec825b4746d64a0d4028df6,phish,100
0xddd6854a002a6fbcdf695385cd5ed630c9e27c3e,scam,100
0x26a40e8dbdb0dee17d7036fcc0a2ae3fecf4800d,scam,100
0x9f26ae5cd245bfeeb5926d61497550f79d9c6c1c,scam,100
0x2073d860b9b9e19f4d20eb0fe741fb5fe7fe6bb0,scam,100
0xbceaa0040764009fdcff407e82ad1f06465fd2c4,scam,100
0x03b70dc31abf9cf6c1cf80bfeeb322e8d3dbb4ca,scam,100
0x4639cd8cd52ec1cf2e496a606ce28d8afb1c792f,scam,100
0xeda5066780de29d00dfb54581a707ef6f52d8113,scam,100
0xf6884686a999f5ae6c1af03db92bab9c6d7dc8de,scam,100
0x079667f4f7a0b440ad35ebd780efd216751f0758,scam,100
0xb73261481064f717a63e6f295d917c28385af9aa,scam,100
0xcdc0f019f0ec0a903ca689e2bced3996efc53939,scam,100
0x50f9202e0f1c1577822bd67193960b213cd2f331,scam,100
0x5a59fc20e2659f9df6a21ccd8627ea0d2403b36b,scam,100
0xa7f72bf63edeca25636f0b13ec5135296ca2ebb2,scam,100
0x64f0d720ce8b97ba44cd002005d2dfa3186c0580,scam,100
0x9431eea5981c9f94e19d43f523b9589269215ab3,scam,100
0x944a3f5641d6faf7a6abde4ec31e40d0929955ed,scam,100
0x8f95d25bd5ec1973b8cbcd9572a7287f03420ca7,scam,100
0x29d7d1dd5b6f9c864d9db560d72a247c178ae86b,scam,100
0x0c9d1b3ca852c67bbeabeeb51e9482a845d56868,scam,100
0x4073aa0f9885bbe59895a27158bbe865052678b8,scam,100
0xd8ddfd63696127b18911546b13856cf98a246ff4,scam,100
0xfbf6f29c126382cf15795bb209ee506a174cc709,scam,100
0x4182d887fb4fba8cd49e9f50908c13c761080ec5,scam,100
0xc6df8e498facad626a82b7af3c9f5f9301e79fd6,scam,100
0x6eff949d9a4e7725d3ee3b894ceaa2813b7437e5,scam,100
0x905475cbca398e8fee6e35bcb2f530a3474b78ce,scam,100
0xe606ab862d5ab58783b0eedee0839a2b47927ce8,scam,100
0x9327cb34984c3992ec1ea0eae98ccf80a74f95b9,scam,100
0x3018a3eab048a0a1c15003b383a181f089a039cc,scam,100
0xaf70168cdac454fa9ff94e5458d450ae7eeb7ae8,scam,100
0xed44fc770eaa76db9ade24d86ce3b409f4aed009,scam,100
0x285cfe87f4ad22228a625dcd1f64b2bc6b27ecff,scam,100
0xe112784753273ebede055968ecb78dcad8ff6da2,scam,100
0xeab1d82e96541718e645fdef4a5ee9df78605b76,scam,100
0x69c46c1e40465ae9a6c90990ae1568005fe62d6e,scam,100
0x93d8d5bb1f1e4822f3c614d9a09e7c5e3fabc13a,scam,100
0xa6e71bdc40952eb1c083e5ae4940d70886296724,scam,100
0x3a878eddb991ebcbc7c8052055b2e5ed5d0d1ba4,scam,100
0x9eea7fda3c78cd8c096ae229de8217a94cd1bcfe,scam,100
0xdfa8e0d144b1bd7b9f08cd05a7726cc20121292f,scam,100
0x8d4426f94e42f721c7116e81d6688cd935cb3b4f,scam,100
0x5e1f89284b8283edcd082901b78c7589f39d5b51,scam,100
0x0f4cf489c65f5001843c525e1f374768dcad9b99,scam,100
0xe949a4c861089fbde6ef1175c23e1485d5970567,scam,100
0xb48c99c37b7cf4ac0a1c2dca518782c1feb4f066,scam,100
0xb0608ca76d2ec6984f652829e887811516e4b846,scam,100
0x29c3adf6f50e2186c21f5ebb1ac073115831286e,scam,100
0xe7cc576611c2df800862db667140a90cf9ec4b72,scam,100
0xdbbc7e7098f69ff271c7d12b75b53c099d3c883d,scam,100
0x3614e0bba4679c95daa45201821cd212f9164205,scam,100
0xa5e83199a7ecb6669064d492f15ddc096b6cbab8,scam,100
0xd5e846494df899e0d7ea5e628501dfe420d2643b,scam,100
0xeb32e949d214773ff718dfc92b4803bd14db15c1,scam,100
0xa62cb4bd9e69e9170a2d973aa3aece5a1215d41c,scam,100
0x7197e9d17b8a5d219e0facea59301eb7eef5ef87,scam,100
0xf6238cbc1b74b183e54d63a555f867baa00d92df,scam,100
0x311e8fbacc2ec05793e14319ef0006f7a7516cba,scam,100
0x882c3163237009dca0aa3d479f73eb55639339e4,scam,100
0x34743ffa1f93e745668725e44efeb3c50a237796,scam,100
0xe6eb070bcef81fd12a198ba03fe393e9ee4cb671,scam,100
0xf77149cac62f1b3df7d8d0cd951f152f28c72bb1,scam,100
0x89c0e39f3b3be95c238912788687dbaebe7e6a2b,scam,100
0x6e65c01099acfda3fdcee97249caf30241baf679,scam,100
0x98d67bc5ba8e43721972204e5e1e4eaef43cadb1,scam,100
0xcc2c4c1b9bee3e9ae45b5c9024c3d032387830b8,scam,100
0xcc13856ac5ec565c2ef8770a347a224351163dca,scam,100
0x346b909240978658ec69c3f6e0d7cbef50bc3c79,scam,100
0xb7f9fdb9f3f6142cf5e2b7bee8aeba059dfb091b,scam,100
0xa3e785ee490e1102fe32512973c96dc7dc876348,scam,100
0x8ee2ba41ef59b5773e5909451e0b8bad4e59a81b,scam,100
0xdc057405a5dee9074635c0d3a991580b66a34d9c,scam,100
0xf591bbf70178bcaa80d306ab65755ab7038962cd,scam,100
0x1443975e90ec15e7c070514831070581ae2fb929,scam,100
0x1b8ee5cb5520ea3d12f64a8973c2a4f0cbcb1564,scam,100
0x57a3d07e27475aa8f5d306b7bb25aebfd27c4512,scam,100
0x14f8b4fea8788efe643eaad0b10b37423b73215f,scam,100
0x5ed7046abeb1fa06f54283a2eb4a09efa2711a8a,scam,100
0xdd0940c356ebe5bb23039bbf6c83f33c7d510dc9,scam,100
0xdd44566108758d8c8224d303ef92492229014a2a,scam,100
0x00eb6f5199cd0b671da371969b1a0f948e982fea,scam,100
0xea72a2a01c1126d5629d83aab4f448de670924d9,scam,100
0xb13832f29e4ab6b523eb0167f46e014682c5a823,scam,100
0x5a9ca3c6362a53edfc78503d65a6a3b7d9af6992,scam,100
0x2bbe1297d729bc7f7558afb43404f0f0a544d206,scam,100
0x70ba69fcb5720ba8d573b78f641eecb775c0e5a9,scam,100
0x04a3d37cae5fe8acfcaf6d5eb66369d639ff027e,scam,100
0x45f7582fd6445918912977b9460475b5524cf962,scam,100
0xac57457748d66139ec89a6d1b13bf119a1efb31a,scam,100
0x2dc5616ec2b9d24906f0e11dc8d8a736392dfedd,scam,100
0xf346fdcd5a205ba8f25edf0ffcddcc7a6583ac65,scam,100
0xa196a0d86e50f901e19c74ffc994a029a233d211,scam,100
0x699cbeaa28a49e096df00011d734803a0b8f5f80,scam,100
0xa3ee246232ebd99ec9a07851116f9f67380c5e6f,scam,100
0x934f49fcf451a34026e3dfc3f26a1de01b83b509,scam,100
0x5ab5ed6d05055b714d9d5f4bb027c6835ea8acfb,scam,100
0xdb53ce480bac3ce96fdb79fae1156f80b6925e05,scam,100
0xded605e5a25d7e6808d726a52257ac5e65b99475,scam,100
0xf261b3a60ef40ee0b369b0705c1a2c58b02799df,scam,100
0x179b553f677766183e7cd2ae8c148ace69db7cdd,scam,100
0xa0d4bee1beeafce031c56cfb40210746cc6ab2d0,scam,100
0x9b76ad3435e2cbd4e08feea210a9972465a4748c,scam,100
0xcc7ecc050aab5843c79f14933e207f032bc16b78,scam,100
0xc42bfd4f93b46037888602c3e7e6e57d65e87e73,scam,100
0x84106febe96b45d1a6cf1dceec8285c46faf25de,scam,100
0x0c4762bc7b1af1dc9448a827f53861c118b712de,scam,100
0xc1f9c01602043fcef642cc8601bda13ca29b7a9c,scam,100
0x34bb6cf517abb83bfd8bc4e41ed899810ac49b58,scam,100
0x83940770976605dda722a620dd9d91825c8d65dc,scam,100
0xca8e988ffb5a662f8201c90b6a45cc7826f5f15a,scam,100
0x7942ec88b93ac9227957a118d8d09aa736c886a1,scam,100
0x1a81433309a5341d897108255d64208fdf4e42b1,scam,100
0x762ad6be3f56a132f99cc0cd6ba4c84d1e992824,scam,100
0xff9deb48ca4513b24e213fbb435ef8293eb140bd,scam,100
0xd6572692be52881905dd59d4984cc7e61a2514e7,scam,100
0x9826d8246e0c38cd3ec3f8b6d733be6001c2c712,scam,100
0x3a1ba1e4510d36272d1e1d708787befa1780b778,scam,100
0x52beed3924b0824411d03ea2fe51e429717dcf10,scam,100
0x7ed44f8b304cd71664cbe8c94614660859fca2c6,scam,100
0x54b623c82365ef20680b17301bd949bcd5599eb9,scam,100
0x3f2cf669c657316985b01b1b797cb259c97d6551,scam,100
0x1691b2f9986598e12c57aba5be50ebd5346247e0,scam,100
0x873a35f651892aee1d9360be80ae904f7d76068f,scam,100
0x804a67880f461c2ba4b927a10e99e371962b0f3f,scam,100
0xdccea2e783d873acb4ccfb7dead1004d90ad481d,scam,100
0x4bc2055440dd519fa4d448d2d6899e6604aaedc5,scam,100
0xe87d279d090df4ba19c0e19958d9ac61be5c6909,scam,100
0x368be389ce940bf17c3296344086e368bc4c60f3,scam,100
0x8c9d135ac2778e1a7d326932aad302e7c22c94d7,scam,100
0x0a888f0f0b772e17a2adfd62d3f15cec72c8d42f,scam,100
0xfac9eeb5cc03db0cff26e518f19ccfbf080689a1,scam,100
0x9db99e73c52bcc353963022ac184a25e80f655bd,scam,100
0x705f704d11020ff07acde8592bb80b044e15de16,scam,100
0x85234c92d4dddf239df9c76497a6516fdf546577,scam,100
0x5970d26c51397578c2b3420d20fbb2bcc5c5b00e,scam,100
0x580c2261f2b232d17bd5f62edc6b07e67585a829,scam,100
0x5580fb6e95230bf16ae7e2c6467d11566ed5b3ea,scam,100
0x794cd1329493dc9c6ceb0ec9955890d392c811da,scam,100
0xc3caf142a41b0fae78a922c25fc0eecdcf0985d1,scam,100
0x09430a9fb46a1a3b83980768c4cedf654d8eefa3,scam,100
0x92cd726ce03ceaa4bf7198ce9c52d05d63cee575,scam,100
0x10c44ab858b90e09c725158906f71833ff417acc,scam,100
0x8af1380c436fc019b8055c61d09e3ee5f182278c,scam,100
0x35919ff0a88a0bdfd1b0ef3be574bcf6c1e90e01,scam,100
0x3eadb407f81d62d27f63a8881805b1735f70e692,scam,100
0x299628fd380813622305517e64eee89bb6a49ca3,scam,100
0x65ef72c11c53c9ae2fc923cf7780dd030c02ae0a,scam,100
0x354d4f3eb48be676a030f98e2a6c5bc06b96e249,scam,100
0x7d922a4f7f24ffcb130c4eeaf291a6475e3e4dd2,scam,100
0xbeaad836e717dd22f59752d60223971db197ef4e,scam,100
0xb9ee29ff43d319c126ed2dbdd74d49a2659ede56,scam,100
0x4910e010ebf5b3366d1e80a134c1fa538ff7994c,scam,100
0x2276f412d2ae5dc2cdc293b0df70a8273f6f6771,scam,100
0x497e4c58a4106fee817e3bece3c5c029e964eb49,scam,100
0x2af0b9190aa127c1989886670481381b5b549985,scam,100
0xae9dcec1fb0814ca02ca1e6690d05f33488b4c8b,scam,100
0x598f0f5fed15632e915ab3c2f928a1e02be8e30d,scam,100
0x4a8d9b64ee9c7e058fe9c8cbf96375b02da006e2,scam,100
0x28184d2f5e2a47fcd5e528230d18cc3eb2cd0a6d,scam,100
0xe7a06aab8286cef4206942a4891ee95a40e86466,scam,100
0xf6f7cac4adef7e448cef8fceb14032e6e55a0dfa,scam,100
0x8a0e85901849b40a7f80399a00f7115193c0bdb2,scam,100
0xbb5f90c64920667a2851fd97e955248f04e16b75,scam,100
0x2d301d74a8d303da6408cc2dfda319bbeb48c125,scam,100
0x8408263f4f0691db34bd7666b5af61e19cb91b91,scam,100
0x2eb045d518290aca828046641d29f605ead1a283,scam,100
0xd582cec308d9320b2ec3dc2868b56549fc8ace5a,scam,100
0x7b66563dd534c3e66fee08c995da9d5e77c883f9,scam,100
0xb9b9b6aca1a0cf4ea4eb0ced466d66a62f8eb072,scam,100
0x3fdd0bb90f7bb6fcf58b35865d4744df8ef30404,scam,100
0x4810b1571775dd861c61d87fbea1008e030a8ddf,scam,100
0xf51b4021c6f1af31f44bf575188986e733a971fe,scam,100
0x78c544eede78eb781707a1d46377bf6be9d028df,scam,100
0x6931e6948702245964dd446333c3bebd989d5e76,scam,100
0xb3510c6786b90c2065644825bd34c4219f1460ff,scam,100
0x97b20481241fe3cb9cc9ba50609d377b2506cdaa,scam,100
0xd289bc0a919e75b824f4dfc376e9f24c119ed3f3,scam,100
0xa43d3805105922989e58a5188193c283fff471e7,scam,100
0xb53e95a4b7c5e15a790df3a66709b2e9f1cf9e3f,scam,100
0x95c5db5bd9a0260fc457af4f6fc6de7819d9b1a6,scam,100
0x5ec707525b04e22b2d207faa1912569f79e74e8a,scam,100
0x95ffcdf36129e5e256190609cd97841d03e52356,scam,100
0x4fbc4c6c416a84e04b2239202396f378d7af51ee,scam,100
0xd52fcaf53cd3efd7e1d484fd9cd2dd21355063e5,scam,100
0xa0c7d4f3fc7f8a46fb58990228d0b82a0354f371,scam,100
0xdccdce28bba5b796724f1b50ab350403d895fe08,scam,100
0x548ac87629ceb858aa09b419f5b9898ec5735fba,scam,100
0xf12d3f5d38c2408da3122cee1432e89c16522b3b,scam,100
0xb619a34abac80478ae6a93527fdeaeeb0e51e934,scam,100
0x23397c5d9c6363d67b3a294b677f80f93949bf56,scam,100
0x6daa1acae526e48f888a2e0c40b4b3baceda1d07,scam,100
0xf276c0ad29363689792702986667d562a3cb7c04,scam,100
0xaaaa3b6d0b72ade31a99c933a8bf737a4e904527,scam,100
0x0a0ba956038d4a66002d612648332b9c4ab7646c,scam,100
0x14b7716c688875bcf54d5ff47cad4fca6b3834fa,scam,100
0xbd7d88cabcd538cdeaa29af2fc5589dbd619b44e,scam,100
0x0591a42188996397fc7cd6db729045146c37696c,scam,100
0x1177d4f07c6ef70f51cf23493c66e713f7acccda,scam,100
0x4e360faf9f228452af65c9b7a89ae023363672b4,scam,100
0xbde430f54a63016d8a5f31f243761653728086a2,scam,100
0x3d075995577c0c3c65a466fee47ffb1ba6a41b02,scam,100
0xfc0fd9c3d1acc91feb84fbbdfc1fa8721cbbcaa2,scam,100
0x61cbef9db89e5d397bdde7ff9095bede35d4eeb5,scam,100
0x68e2ef6244be67fe149c8309e1c5e978fa1a3cab,scam,100
0x52c9dfd68c67aafc9e3e615fb38824b17def6432,scam,100
0xb615a63688104f93e59c44c2e8f2ed9ac0401ee2,scam,100
0x7e3d7d8e31b3f472fcd3c1552a9f009131c50c6c,scam,100
0x059615ea15f7f0e2a276103127bbace30223d294,scam,100
0xbe3e5cba8cb230678a7bf5ecdae37783c8df89bd,scam,100
0x8e8f4161c9c3d2d8857230a048df1fc6f4326948,scam,100
0xdf390bcb82f2f574b690f649da6019db64b86ca2,scam,100
0x4fae1eab137daf99e12b5aa7fe963f7ec3dcd40e,scam,100
0xfdff5c88b7ce9b45037c360c380904e780de17a4,scam,100
0x159ccffb293a06aafaec1b254a00522a2bc40639,scam,100
0x9e91ea0c442dd2b41cc7fe2d54faecd34f59c134,scam,100
0x71486336caed5fa8e37ff8b31b9d67d08fbdc262,scam,100
0x1754cebea65afe5cfe90ee7d393adce1568d2ba4,scam,100
0x8374aa52bf36eabca06e33c4163a081f53e39aa3,scam,100
0x2b5d022d3396c412a58c7be8897bc8d3e0c823c3,scam,100
0xf7d0fcd21d7bf83358656baaeb3c8c1903aa9614,scam,100
0x8bcb21d162af74718c583e249ab112b9e6ad5267,scam,100
0xca45363317fb20c899dc1b0eeaa0dd959c2ef723,scam,100
0x575061697e9ee7ca7b9403f732a04a2618a1978f,scam,100
0x8d18b40c3b095f2d8ea99bf3a814c7182e2f8efd,scam,100
0xed0f9fcdf76506242f1b9f499bcc41c60ac99180,scam,100
0xb916873ded41b00b2691103d2b675bb3818e6c6e,scam,100
0x9acbafedd352644dace6bc666df884e69a8102ee,scam,100
0x36212ebb7513604f7dcf560908934eb49f9cc950,scam,100
0xe30054b7d166c14e1dd7b54268228471d9e547eb,scam,100
0x3d6b1ce6ba915bf0001b4fc135e98474ef6eeffd,scam,100
0x3bd330f121c493db91e59d9125968d3df090a66f,scam,100
0xab5fd091c56a9b801e945a902e986e894e4f407d,scam,100
0x4bc69a335d353dce4de09399b24079aed48f7865,scam,100
0xa9ec9789c80ee9dce8840f114112c6badc1ecfda,scam,100
0x15d16a2073735251e663d96e3647f68e571bcbd3,scam,100
0x637336064f49074587a15cfd785d17ed02aebf25,scam,100
0xb1507f936066831b3cac64c203df247ef2c80cdc,scam,100
0x35810a676a84ec4db68c0a9286f7a740fda10b29,scam,100
0x3bf351a62df57dce8512b136daa4cd6ebe2dda91,scam,100
0x3aa65f17cde339df49afd2f88b3c8495842d5fb0,scam,100
0x1597d86b81166cf78bb56ac4cab48ef81f203d23,scam,100
0x0c2cb2d98f9f5ed558d9560d0e38e47187b2bfe1,scam,100
0xd0acac843aaab4cef20b322405405e67e90147d1,scam,100
0x8eead6a5776dce374257bf7d4500cfe3c1e362a6,scam,100
0x8781ebb17371d0c530285433308c02b81b895dae,scam,100
0x0e50fac3b2eaee7ba87b6d644b6c03e946b19f8d,scam,100
0x5cc42d5a4ec44d3df88f1bef5413f02900a500af,scam,100
0xfa3572b21b35cfe042ae940d5a74a9706882c6db,scam,100
0xf87f6f77d695039599412b9fe04ddc89a5e7eb79,scam,100
0xde60e7ea42f99851b8dc4234880ac121eef6bd5f,scam,100
0x2d791afb30b48a0ac39e6b416d2f46aa095b1704,scam,100
0xf23a5c61e951b198adbc59e1a05a729c043d33d5,scam,100
0x6c653ca88eff4c9301023244ff49d506e5a2004c,scam,100
0xfd2a63d44ff0799dc0dad7dcce74b4ac4bec2528,scam,100
0x21e951767e23b428e8ff023dce7e6c6923dfcdeb,scam,100
0xec4208e6786bb63b3a204590a477585dc8152b4b,scam,100
0xdd1f234967913c25f176bda85a9825ba880e447e,scam,100
0x3a85774c434a4cc51fda217cf0e5caefd6c0af2f,scam,100
0x4f3ca8c465170c0988295e22b5347ef8bb38f2b7,scam,100
0x633a5b3a807b7532d308ea7b44bb32732aa14a72,scam,100
0x410ed6c41894ea6576ede999f3bedb8a887fa3a7,scam,100
0x934a0a1bfe01eeb4415689d8e66e56e3f1f13077,scam,100
0xd3ddae456004ed85639a39a9751192e80a967ed4,scam,100
0x0a4a2413d7c604647c7788fd3564b3c54fe06763,scam,100
0x1b76d77499125f2b05779b78a8a642cecdc069ec,scam,100
0x1e857859deb11afd0ca7b760f21a3d8ddb03dbdf,scam,100
0xd522663a8a4dfe76a0bf1e608fc3b7aa2b9ccfde,scam,100
0xaf5bda8f8b954b03474305fd148c8361cad4d2cd,scam,100
0x31f530b58efa42dab4bd1789184b4cc6b884dea0,scam,100
0x58049616f5cd4b2ccd3654d7015d271a985ff2e7,scam,100
0x1efd1b1ee8174b5421786ef0127ea45076307d8d,scam,100
0x4d021fb560fdc49250a23e4006b584058667baf7,scam,100
0x484f46f9dd32a0147126f07da4be61efc26ef42a,scam,100
0x1f319dd5015b1068f102912f970d63b9947e4cb0,scam,100
0xa2280ddc79183a0de9d3d90c63c0e7646874d9e0,scam,100
0x6c712ae4986342773edc37a9ff7fa90b1b52ca6e,scam,100
0x2d50bffa93d3f93918837677dc7598784e1da128,scam,100
0x0f89b38968065a571eeaf34dd6bf2093fb55c20f,scam,100
0x73c9b03b1dadea685f34b17ddafbc11bd6327b6d,scam,100
0xbbfaf27674c2eb5d13edc58a40081248d13dcfeb,scam,100
0x7f151165f7cd0d7417e4b5233b90cf721c34aa2f,scam,100
0x4427ee02ffa0bfab4206f445a31239323177b587,scam,100
0x5457bb4430d8b8d1a3708576100aef0e027c5b9b,scam,100
0x5dc8ed6cfe7df7c66744ff4f68c53e6f482875e8,scam,100
0x7c875ee4d4a1b29b41ebb2678df1f645f28d090b,scam,100
0x3d7a0fae63809c4725b13bdddabbb718939ad10e,scam,100
0xaa9455da13ba39f5d4e6275337c3d5600cb0f5b4,scam,100
0x3232d99007e509d29564099c622a89e143fdc05c,scam,100
0xc4bd211e5b92235e6426113cd735b74bc4335d08,scam,100
0x701888e9c68f40201de48d9d4bcdedeb2ef2b088,scam,100
0x5f856630adbc27c0f5bc1de1961d4f0fb1805a29,scam,100
0x10e823fe66c152b669e33ddc865c5f7d985db9a9,scam,100
0x86035a913989d8d2bb631c0bd7657983666168d8,scam,100
0xcc5b3a953f53503f2a66122a65382d8b468dc936,scam,100
0x1d1db7271513363097fdc84ed078356329c799e7,scam,100
0x8ddf3b072eca70950803211e4bea77971365702e,scam,100
0x08cf4bb69ec988614b43617dcb1ef0933c5c7441,scam,100
0x9b14dd998023a024fdd69249a8d961a66844105f,scam,100
0xe0e1df65a64c5ae18b86463e30e96d1a657e42c4,scam,100
0x6c328a78905a1ffe10181a63fbdd54011c59b574,scam,100
0xbfa82fbe0e66d8e2b7dcc16328db9ecd70533d13,scam,100
0x6896cf29fffc1736192fa41b4adfee42f7663db5,scam,100
0x08d94becca7894a384f41396f435f8ba887a6d71,scam,100
0xd26cd761f7474661ffb0ae0338a638a98e9bfadd,scam,100
0xc4574e92e9ced311a75bc4db464da1a24e9f7a0c,scam,100
0x246383881c671c26736861628739f7b8ca85afbc,scam,100
0x4adcbff485902cc4523256384d5febbc490b8fca,scam,100
0x6fbda99af584fa622ca2f478e542594e03e6d592,scam,100
0x423fbbcf0730a616a06de2231019b6289f775a7a,scam,100
0xea3a8bd1a99e16160832d6b473ce06c1058dff7e,scam,100
0x794328caef716a6abc9a4f426a5aa516a4d1a1a4,scam,100
0x0fa3202e9f247f9349352c4296d2bbd6c7fa11b4,scam,100
0xd64052035cfe91e85ca648994b0cedb178df0e4e,scam,100
0xf832a212d1c81b89e2dabc79c728e6a294ea5edd,scam,100
0xb8f8881f561f7a1d8c44d3d38e9d5bd7d88a77df,scam,100
0xbb1d293ac46180c7fe9eddd43c12e3e44d659e1d,scam,100
0x02d0b53ec925f5c5907eb3dd85bededaa4362564,scam,100
0xa475a250519fdd5d13682d1a380ce2dcabb8abcf,scam,100
0x3cd62398553089a1eb75d434ce3cccbdfd4b56cb,scam,100
0x303581c37b0c4ad5493573f8e61ccea287448be6,scam,100
0x52719dbcc920aaaab0778952556f3b75a49257b2,scam,100
0xf38cd78e1f9058221270b33a587a1a80a6c46ccb,scam,100
0xa324120643dde9d520a06691010f086b12d5ca02,scam,100
0xf25195b3989226b3b1d284ddbc8f1a4816a4502f,scam,100
0x10b6ba730c590d48f9e736896589d783da25b545,scam,100
0x91ba145749166d4a9579216eb422d156fd1cdc9c,scam,100
0xe6bfb31042d652f365a855a77cb1891bcd17e9cf,scam,100
0x67fdeda858e1160ba88dda9b9626035c65dc7607,scam,100
0xc5acba70ec092fe19362cbcbad1a4e4322cf2058,scam,100
0x233ae9c0fb89305756ea856e673a0f80229eb33f,scam,100
0x56238ccf73f97ad6ed170d1cf8a0f25fab11bc7b,scam,100
0x0a72dc6925181e2c0ff2c26a32fb6f3a7e6c9bdb,scam,100
0xa36de942c9f605bd39eec89e5c17704e14dc28eb,scam,100
0x585f148c35a5f50829a29f6ecfaf02d83303c3b5,scam,100
0xab98922ca2be48214539c7d5dc63a343d14d7227,scam,100
0x21cb3b2f1145d96fe2d1228f027b3ba5edc6fa79,scam,100
0x12923d0c9f066722e9a9dba57eabdad664ff9c5b,scam,100
0x5bcf695f94b59be57b39a078b9c65507b243b6fa,scam,100
0xd261e98abd0ebc6ccaa3c57a9bb017b0720c1343,scam,100
0xcb0736e6d2cf621360df831f6eb2dc0e56128b89,scam,100
0x4f1872383be22878af5d4795b69be61b35ec5d10,scam,100
0xbde0d5ce6dae4fff4da4e0a0a3301e1eb58bedaf,scam,100
0x6dcbe06db7d7e56941c92b5cd9ea8dad65d4417c,scam,100
0x3b77304d18855138d3d551d2191350827f133d80,scam,100
0x760a412a14f2fe03c0873b473febdf79db288fce,scam,100
0xece7de131f2e338c6e76291ed597b359b2b3be7d,scam,100
0xa5e89fa321377b4136793db32fa6afe78a2bce3b,scam,100
0x50e8de98570b8a2ddff80a9d2e8adcdbc35f3f95,scam,100
0x832ad88f1e81d46f9d80298597c80b577b6d4736,scam,100
0xc3143951adc753be54a8740637d04a2a988939a7,scam,100
0xb53fb00e8635be2d0ba259d6579650f5a907ee16,scam,100
0x5d0dbbf6460ba020a5ab06006ea447ffc7612b2d,scam,100
0x4686869e7b3c5fbdd35e399c2fc3e652647c2771,scam,100
0x499afbf1eae0943cc5ba8e80af7690c60a8bdcad,scam,100
0x7862f3ec65e013bfc42f6905c0e373b5b2c65c51,scam,100
0x8cbbbdff9326f356e270361b1c0469fed74f566c,scam,100
0x7d69d57b025aa1e5029194582eb85608db84cfb5,scam,100
0xcf060f72ea615dc395f08d6205d3540a7142c712,scam,100
0xadea1fc3493feb9fddc1629e37e5580c21470d7c,scam,100
0x7bc79ca4aa447f01e1e07c0060e4a6f76d0b1d64,scam,100
0x31a732f783baff201d7a1bf530e3411636e6df2d,scam,100
0xd44c13f838462ef1bd983e9ca5d5b9e158138746,scam,100
0x5b5039be7a3a8b779d21908f1000e221f3574fa5,scam,100
0xbc492382aa0586f08cdb2e0ba88c1048f1e7b44e,scam,100
0xe9de9394cff204910da2334230f1c6bc9f7c9702,scam,100
0x89474953d6bc8275b88e331fdf1a92d552563712,scam,100
0x07920356975798037f26a934db461c7aafc8aa05,scam,100
0x14ca4346167a1e3b872f86af0fe118c60e77dd68,scam,100
0x0cbc569253e2419856e4a777cf406d35444d8e50,scam,100
0x0084515449b037205a33d6d3940a5684126aa4b5,scam,100
0x28f45192fd495bd9cbb312a6080d086d14481ebc,scam,100
0x046e3a705d9bcd0e53d2b45161b48e39f4bc4090,scam,100
0xf271d00900966dcfc5a75c3eeddd4ccedca9c966,scam,100
0x6b4888b308d6013407190dfeefbb4c7dc2eaa61f,scam,100
0xa7229e0de15d36a58a79ee61ab93744241ff001b,scam,100
0x5de81caefee2f158964a65f0e19bd5e5ee94602a,scam,100
0x29ee4aff6549477180eabf73f7a3a269bcb70026,scam,100
0x26a022e559ec404c142ec873f1cde696ac97915b,scam,100
0x9bd1ab6be3c0ed45bab095335f6d16f0ff18109c,scam,100
0xe1228f81c01b80efefac957483d63a40c6d635e1,scam,100
0x6bed8445ada86419243f95a5bb14bc599d62b295,scam,100
0xf6fc6941643384ccd56ad8f084beeb338b77128a,scam,100
0xa9a53dcd4c6bc74ae56cc52ce48390d85be98c80,scam,100
0x3ea41dc576ccf70706aeece363833a26d9529c38,scam,100
0xfb864b083b6284a864cd3a18378e65babd13ce1b,scam,100
0xfb5e36b888bc15528b6bd42fe0b1b2af62693eb9,scam,100
0xa3d120c2a03a58489f65d24880ff6b43d7a63235,scam,100
0xa42892745f9e07d9b92cb188a380b252a332823b,scam,100
0x982f12f899a37759a3426165ece2224df21be241,scam,100
0xa3570c82d03bbf8c337799fe3f502729d3cf0dbc,scam,100
0x35b62c8ab3c05ca5706c57cb8b79d79d7e23abbf,scam,100
0xcb3883a9afe5b47fe83cac5a2dec2aa841a62973,scam,100
0x4a0d6f59e4e689506122fc7691ea0b3c9e9f7964,scam,100
0x3bff0d893f8f595bc40ad266772b583da492b20f,scam,100
0xdd0385e83fc3cbefc00c47716774d71ee583805a,scam,100
0x8db82c361c101cac757d709200b23ffc8e69fad2,scam,100
0xe24272c36a961e80b5e143b5a6bb1d5f9086f1c1,scam,100
0x3d7285879cea71d0063e96f2c33b6b177878e1e2,scam,100
0x997f075b25cee2feb07ef1b53b202ad1c33bc739,scam,100
0xf63164c4912aed27cd900f92fe5a66f1ebe5c0ce,scam,100
0x5c0ea45d4d78d062667f9ea17534306e409acf0a,scam,100
0x2a0055bd440ebc26fd466d7ee04ca293300beff4,scam,100
0xcf75d0bf4e47f3db616a28d1cf8d4153d3957eda,scam,100
0xe0ee6db021fdd4001bea210a81a8122c8f20bb46,scam,100
0x76256547a138343164fe4a37ffb7b2bed27924f9,scam,100
0x7debe420a36349fb8014c181c9a7e835e83efb23,scam,100
0x8f7534b39e75051f0c03c988239ac8d67d4c13a7,scam,100
0xfc930bc7aa32b14a87f49a4e120ff54f8f0a5e05,scam,100
0x606188614094946e0fcd05a0c94d51ff586fb01b,scam,100
0x7bc7f83a9a7a55f2e2f7779b2846088e7edcacaa,scam,100
0x36ac0e8e29ffbaee04d55c262f8cd52d227a1cb0,scam,100
0xd1381f89b4feea63e9c6bc97dc9fc2b0c96bf12f,scam,100
0x72696ce345abb71398384e42cfbf6c9a995246c0,scam,100
0xb23452b9e14f7770c0ad879fb4da1e70bf661eee,scam,100
0x1708a04876fec1ca8a482e72afb340c362d3ec20,scam,100
0x054aa7a66dcdf5fd76a3914fb5e02650c1afa65b,scam,100
0x259510f83370e261ff018cf973d0e80ff64cf1b5,scam,100
0xfd8b13415d9dd061bb665438632fba566267bba4,scam,100
0xcaed34acc1da8ce456a1e217d687bfdcb910b35b,scam,100
0x76bb5b6177096b337c79f2f948aa08b0db5f5211,scam,100
0x0d3c6f157fc40ede8fc2e80a2d03b961853cc243,scam,100
0xe2621777f2d10d2fc5cf2f7f48d680044f2e49a8,scam,100
0x688e8d92fcff37b37f0b3910120f0ce906f12483,scam,100
0x0a7dde263eb93f69acd1671a223c5c93faa73701,scam,100
0x2202bce02f8a5944c1fdf2bd20fcf607f30389ab,scam,100
0xc4856c6c04ee3416daeaed3e5abae3622bbe1ebe,scam,100
0x384d84914784760e1aa55eb2ab9028d2fae538e9,scam,100
0x1d2ba50dfa3c78da0e56f62d3a9e80a4d20da363,scam,100
0xa2f11a7c5b68de825f35a47c5649cb1eafba77ac,scam,100
0x68412063a56225ae349296a1db47788ccef4597c,scam,100
0xe7dc0c50d0facb2ce74caa90895a742782859f96,scam,100
0xfe3b256cbdfdb65b7d7fabf8e5f9f918e47f6db6,scam,100
0xa2922ae30ff11c0fef6e250b3892a451bdd533f1,scam,100
0xff718805bb9199ebf024ab6acd333e603ad77c85,scam,100
0x04a96f1b6f661793787b527f3114f33d7e413b4d,scam,100
0xe889b0d59fd4181857edb19f5fecafa8510f2fad,scam,100
0x9a9a91492a76ab7ef901e064d0548937b5c80a9c,scam,100
0x604cac9ce467021908814f5a36a006e236ae10a2,scam,100
0xf66ffd1b3bb6771d3d365605fb4b408c4f7424c0,scam,100
0x289f70e8c29657e574de9cf78d74cb20f674936a,scam,100
0xadc75e9cc58945dff49cf2263ee09c87a422a601,scam,100
0xb86fabbb253b69906ab8311de95a9008c738e92e,scam,100
0x5b1a67c25ba691b251f39dde42bc7384e1c48814,scam,100
0x584bf23bed32c531be9b1974e160a3387b7c30a5,scam,100
0x6aa83b12973f3364bc7f17211cfd85c7586fb371,scam,100
0xa51960df18ca816b738a401ac310656fba0d52ef,scam,100
0xe4f158abd814face37a76bb046eb8d5d2982e48f,scam,100
0x4974fa50e11fd8f534093ea856a98574f8bf2a50,scam,100
0x74c38bf0c506eb5ee22cdd8827c109b0c91e0d77,scam,100
0x0cb5345c2c7f02569d07951cbf244c80306c2e99,scam,100
0x478dc7121a0339fbba4cc5b4acbb8a119c8a8f19,scam,100
0xf14d02fd483e5edae77187d6ec5ac51f015de468,scam,100
0x574d4cea313269e482f4b53d889a940241d99e45,scam,100
0x64187c01fbac6f26bc8bf6fd6d683cb9a58d1737,scam,100
0x5813eed7adb205f28dd9a6fdccfafc6fbd7b14bf,scam,100
0x04fa71a476fb5e38a7c613532dd0ba2bf0ea39a6,scam,100
0xbefa0509207c8834003af4bd82d13876f1a58fdd,scam,100
0xc454a957426af08a5ae6b6af57bbbff49eda7c73,scam,100
0x9dbf942be15c70c4e1fb8c0d1b53007377bcaa09,scam,100
0x7a0c2a04dc99aabd4ef85a77263555e6e977b504,scam,100
0xf99e0d0e5b3320d25bc99df88febc7bdfc123ac5,scam,100
0x24328c35066c61523e03ac14996131aef4b3f525,scam,100
0x857e4c43d8d1c4ab0a1217c22fdb1eb87d3775c6,scam,100
0x571836b1e0a978cccd7adb56f0aad96c574a05aa,scam,100
0xfcb27f1e0bc118014107daae776f0aceed02e5f3,scam,100
0x99723bc6ef51644b0ba52f31ad905a1b3b170d94,scam,100
0x26809ae19c8c243f3b6f3e54db992e163efb493b,scam,100
0xcdba82888e4698c485abacf8c7ad87dc2221f378,scam,100
0xa59fc1920284607dd1d95bcc43f821601faef7d3,scam,100
0xa477b13b714b42f47e7029a30d3f220668a08d5d,scam,100
0x6dd3262c18cd5a0f03dd8f2c0db5b19b8fb92c85,scam,100
0x1164b5b85af48f92f35a7b3043300a91ae8d0b48,scam,100
0x335e40277f127c620560faf1cfa001e5899864ad,scam,100
0x1b2f4abac29e739d8eb439a3f7fdef571f1d0e69,scam,100
0x1446c3cb2cca5a03ad30b0cd1769633dd96ffe4d,scam,100
0x1a9eb658e8cb3544342050a7cc1f706c0346e889,scam,100
0xb9088c74b4b7d70a181f2f3a8e1964fb1f6a111c,scam,100
0x4491492c21605d923f1ef9e947eeaa74799dbdd6,scam,100
0xd3c75c3c553f06eeb345e2d06340b6b473d45ada,scam,100
0x2a37a183eb7f18cae3fcb967404e472729f21e96,scam,100
0xc86619343080fa921baaff201c91dbbe8ceffa9e,scam,100
0x2d56f8514aeee22109e0699f8b0bfef304d5ac87,scam,100
0x077ab20cd24146ddcd6fe7b805ae007f29e4d842,scam,100
0x6372fe3cd2244286e727027426479181c91e33b3,scam,100
0x60931fbd64b2a4418b24c5ef8bc33f93f6fafa4e,scam,100
0xd877a34bcf28d6753fd4af2e3c29c861d048ae8f,scam,100
0x3b10aa9856b7026bd5c33491e8da8108ddf5ac83,scam,100
0xeab52a23b08d141378546fa309f8a4db113c01aa,scam,100
0x557a5c0b3acbf9fe59d5a079aa59c9c7ff481c87,scam,100
0x883d723b3f4a12edd577a47f80df9f2896cd3ce7,scam,100
0xf77f1dcf1a2b748797d807718a77173c668d4bf7,scam,100
0x1d7821b0167c9eb24b49977d394fb5e4e2c9ab6f,scam,100
0xda9c7d72d902db64b42b663358c47559be293f80,scam,100
0x88be7ad530cba44949817ce40db87a6d25b44fde,scam,100
0x1707bc69d91f86a6000d318e85d07b00747152fe,scam,100
0xed8c8830cfc51f306c4765598cf3ee50ad8d978a,scam,100
0xe64a2686c1e46438da0f1f1adcfa8ffc02063e1b,scam,100
0xe2e55d8889141495e8442ed4ba48c6f2e638071d,scam,100
0x14a11e2ef83895918da176165e33025e02e472de,scam,100
0x433c216a36681787a4603f2eecbd2e5f4085c7fb,scam,100
0xdd0d7fccdf1142b0157d34866c404a249eea2eb8,scam,100
0xdd944483ace0a893c328877608e7975b4ec987ab,scam,100
0x4975fcf75d0f45a745ececee617e8e1e652c008b,scam,100
0x096c13f383a32253e238bc148307753d14868235,scam,100
0xe4408602e316f75f632e9a9cf16560cd20ff18a7,scam,100
0x74fad851228f905a8f0e46d52259bd593d63c7cb,scam,100
0x8c500bd17174e8604ff9ad3399bd13af245eef52,scam,100
0x31fca2139b07c2a97287de51f0219a34f4181710,scam,100
0x902d0d5bb6a34307bbd1da33e61ae1654b6cbe1e,scam,100
0xa2c7736dddf5cf870896c96e3017a78bc7bb6ef0,scam,100
0x0a104b095bc84815b27d93b232c6863759b79043,scam,100
0x5a733412e4fbb89e7ebb7efbbd1b79d5fda4f4cc,scam,100
0x3095e50d8b6ecd80edc83943a19e00bf596e525f,scam,100
0x820c415a17bf165a174e6b55232d956202d9470f,scam,100
0x1e21312d1e05a13a7d4af51fff776b93d5324111,scam,100
0x6f0041b3906048528a6760a1bc9627a201a83e38,scam,100
0xb5f3a62e8f0468efec0a65b81c09e8b46d1f9158,scam,100
0xe55996c55e188fbcf95ed6ca96fa933171c05fa0,scam,100
0x731dcf009e769453336b53380af55985da6d1127,scam,100
0x6721b09f4fb6fe69a14add6d1f2c1b94562e7801,scam,100
0x43fa247764bfbe1beba49111e4ed215524f02c41,scam,100
0x8b661cdee484cafba8a00b9b304f622a54ff2a4e,scam,100
0x0cd4ea9b68ced287fc25923b071c0b1a0a14e9c6,scam,100
0x4764214c17e0bb358042345356a2ec5bf8e76c6b,scam,100
0x67e6f3e4fd9fea8cda055c638944cf68e7b4da42,scam,100
0x362e792e91e091f37baf8027a5fbc4c91c1d254e,scam,100
0x17980b9ff9b318c93263ed52d19f3ca7ad24ed9a,scam,100
0xfb2050604a065cf9699bcf07b33accb6f5c27231,scam,100
0xe62adc2a7f08db6230e627bb5faf4f68bc13f88a,scam,100
0x827216bd50d13b3e1dac8686e85f8b6b1bf2e856,scam,100
0x58192c8ad63863043f7aab263733999bb572b458,scam,100
0x2dfc601db0c0b5eefc302249acdf936dce83cfb3,scam,100
0xbc345238f87abe2978456a3f1c04483e0b63932b,scam,100
0x3a0086083aa90c4692507bb82dc14b8754ebc663,scam,100
0x420edd527f217b56ab9b0fdf7a6c553fe78eb2aa,scam,100
0x4fcff4b71481562cd6fdb0fdc7e25f3a8db55598,scam,100
0x2911e43157656b747c803162ba166ed3f9ca8aa2,scam,100
0x1e1041d4e5e03d90e6350f8a239d8c0e9770f036,scam,100
0x097dc7810d2cac2027dd311b9dcd2cd22cbc7770,scam,100
0x8e9453abc0b3f95ad25bd07f630a345709dc3994,scam,100
0x3fbda35fd333a7bd863e66ee18ed5282a76203f2,scam,100
0x4822a12d5fdb95b5ae60fc8e7b8db925efa5ae40,scam,100
0xa0a51563ca933ecdf030f84425def24ab8cc6733,scam,100
0x6913542b5cf5d9580ce96f5105696282454ba0d7,scam,100
0xba9744c82569a22bb276ea874d69e0f5add101c1,scam,100
0xfea28ca175a80f5a348016583961f63be8605f80,scam,100
0x63ebbfc7530b49d8856bf14cbe78da584e8d0b2a,scam,100
0x5e3ec117baf30044a1b08267208a130e7d69704e,scam,100
0x8b885c1b88eeccd2244f6e1604f85bc7cd872706,scam,100
0xbdd6c2d0a22b1afa22fc0f5381eb08621db5929b,scam,100
0x74dde07c099e4f017e95e30d0235ada70c7f126f,scam,100
0x947c545e90112fca9841e3b32f9bf03918c0e188,scam,100
0x01f9ec89417814d6a7b0961edc24fe1cde61f208,scam,100
0x24534aa9a8931d219b8c1970579c1cba188e726c,scam,100
0xa8cf72c86c3139e5fcd98f42586ef5596bbad182,scam,100
0x31e437cfa7dd0c6bad194e4865c3696551715c4a,scam,100
0x7b6e99ba5304edeed50c0ab2001740c39b4022ad,scam,100
0xe3fbc874af2664d3fe07475c1409dbd28e9d5ebc,scam,100
0x0324d6ca206dd4a807ac9fec93589fdd9e614cdf,scam,100
0xcc1f37c23a5fb17220c2f66b0c44713e1cb22abb,scam,100
0xec9bf38b63c51a0f72b20b08fc874501bc0a4e04,scam,100
0x25c6f8e1ffa1656e6d4546932dc68b6889a8d769,scam,100
0x2a62146f043c9c08bc2b32decc1e5a5e6f5367c1,scam,100
0x89f4d39667aa080502c517b613a6c92786aa14bd,scam,100
0x29e7049f72b99b9f914f59abcea7b348e2484795,scam,100
0x481f8120cc5f22a19baa9313469c0cd592ac1c3b,scam,100
0x4d1dcfbf1299eb1007d55976754bb41a87eb9d0f,scam,100
0x0d3832c74ed42b084806bf23fccbf3193cc596af,scam,100
0xb6591bbfdd9adfe48f174e741c35119b08b02e60,scam,100
0x613f306c111ba759e4ac11165e70d2a68aaf4f2a,scam,100
0x1d52e4636de8c16ffb25855be76630c7fb574e47,scam,100
0x80b81748dd5c55baaa87731aa469ec17e33dac9a,scam,100
0x7e1ed8b2c8ee37b4afa078b31c7bcba9fb0efa5a,scam,100
0x017f86b90a46d8fd999eaefda1339355b98da12f,scam,100
0x6fc7bd37879f85815e0d34e520ff502167a4e49c,scam,100
0x7c57981af4cee87567774b53f9da1bfceb8b944b,scam,100
0xa402aa2aa7b203ffd0a3bb52ecabc4cef038cd30,scam,100
0x387ba35be8c8cbf2f4d3ddb571cb80069bf100e2,scam,100
0x1b894efe9ca79bc139a68740a6b8018abdf73f7e,scam,100
0x3f39d99bbefa038f82123dfb6c76593fed1ca710,scam,100
0x0a0d6500a7365fbd500f06811abef4de95c7a9a5,scam,100
0xdcbd1172ae45b97e1c807d93707e74463295349c,scam,100
0x4577a58d2b8af56827bba7a81cc63896327ba968,scam,100
0xa568d32db25a052a7887c401bb1cdffec5389201,scam,100
0xe6662f624e5e3075dbca419ecc58f6c5e20f8cbe,scam,100
0x7bc060459dd2730d912b654ec98cacdee2b6927d,scam,100
0x700cee07ac5ef32bc2af762b10f5d85b97a55261,scam,100
0xf950000a614e53d35505a40764e7ebc100fcf0df,scam,100
0x273730ff234b4bd238ce9751bedda309a946d6a6,scam,100
0x1bbeed1e4ad3c102a58129c65f4e04c4c67009af,scam,100
0x813ca840322e3795702300bb3ebaf7aee9af9536,scam,100
0xd6d07d0463c3157725804055da4afd36201ea99d,scam,100
0x882f33f162ab64d427182087dd4916c537de8582,scam,100
0x081a48fcfb87ddc415c31ddae1eb3ba5d5696cdb,scam,100
0xc4c474507cc8bbb5c8cf06f7351bd5395e83175d,scam,100
0xb48bb047b9716a306a6bd3adef52f912778b3c9f,scam,100
0x2c11e2b870472a32027500bf0facceb7200e768b,scam,100
0x702a8dbffac169e5f80e2f5c1cc18b2541887550,scam,100
0xb25711e2493378eabb02e74de6653129846d5434,scam,100
0x7eb3ff57dcbcdd5ed7c125ef3468f94b4c1eb716,scam,100
0xece9c89fe25858417bc1305492c27c01662313e6,scam,100
0x0f23430d929f24b86cb3bf375b94d96361d0420a,scam,100
0xbc91d37841f58fc8611ab045c240bd5241090b86,scam,100
0xdf50c2da0a52f2a3a231ed38fa1b79ad97ab9563,scam,100
0xbf3d7084d5669f4a2dda9acf96fd60ad814734d7,scam,100
0x5496d2e076c2c467bef865f7e23fb2ff83a17ac9,scam,100
0x7cb16e15f66b8dca14385409f44336a9f679632c,scam,100
0x1d8a1c911a7d7a9ca127b1b71ba906a1e01b6b4d,scam,100
0x0eab14a501a8125387b0c1e2bd13a217cee45eba,scam,100
0x4d2c10881813a371b2a6b8c0d9d06e83ccb9e418,scam,100
0xb3b35fb20695f3ce1bd56c56e4df20d8ce222943,scam,100
0x0ed78cca6cdfa68e08b85c463f29dd8741ff06ad,scam,100
0x91718fdc91ea6a5267fae873ea3d8f612ed5a3ba,scam,100
0xcb3f9c4cd5d31b4d6db04a63f5a414779cfe6fc7,scam,100
0x9da5f88e2bd9c4da00fa30a2230117dc5ad2621e,scam,100
0x63f32b8ec6e4dea892149834a7b8d7c9e67b4a0a,scam,100
0x88f8717a2b30041006e08e286af9f1e9671b5724,scam,100
0x02d1347abe00beaa073058b1414722cdcc31abb3,scam,100
0xbb802918bc1ac6089315f951f2b60a1cc275c3bb,scam,100
0x9d61de20d2987eeabaa3b384ff6b5001ca570787,scam,100
0xb0ce77a4f5c02b92235d6829c94b2d27f939abe1,scam,100
0x09909c850f0e3019a645e0530aa37798dba59eb1,scam,100
0x11775a106157a283873a81e8ec58394b8d568e06,scam,100
0x7f7be29bd339a38face53918dc8cdbf6a06bc7e7,scam,100
0xba32570e4c276c74e6dc67bfa6f82253228bd1cd,scam,100
0x5a504295ab80cca776afdc6db4f493e7c6fa8211,scam,100
0xcfb10450bb6e7f77b856bf6df74ea56dd92304ad,scam,100
0x00d07f8c2194f14c8d694680f2b8c0be66d4d5e9,scam,100
0xc20953fc42ad0d5eefa3cc36d04c5f343f32f908,scam,100
0xc77a77d24bb7cd50eec19cc1ce72ed090d841ddd,scam,100
0x09f8b64a3992ab516fc34de1157d2b4a39d45301,scam,100
0xdabdb189ff66aac74cd6891119c21c8ed297fae6,scam,100
0x5a9d597c191f365e10265358bbd6c42ad31aef5c,scam,100
0x7cd912f8df67b1e56e7aa82a66f4a518c76c0108,scam,100
0x3533104fd03ff652d7e041ec259080f75f243f3f,scam,100
0xb8ba72c75af66cbe7e8dd72c7176aae678eb0fe5,scam,100
0x2fb7fe1deb5bd7617f795447a10693f3de273e6b,scam,100
0xb5e246a556057de46b9084184540d8b953d4d093,scam,100
0xcc64bf09359451ad56a06326b1af5cdb0f3938b3,scam,100
0x93023a668814a8a76b1b2299c0676fff76192d69,scam,100
0x71c4409d6c37d0c15027ab6108380012bb5ee6a5,scam,100
0x015fca1d09287823e634ae51237ee1eeff03d9d5,scam,100
0x4dfa06010e74348af98aae7539b23b3bb29835ce,scam,100
0x159b0563961a43f509c807a2eb156fa04b82326f,scam,100
0x03f034fb47965123ea4148e3147e2cfdc5b1f7a5,scam,100
0x5ddd20ac4bacff3f148af4c8c24194a1c102cfe5,scam,100
0xe81ad9c0b999222bfe4060ef36b9fef995bad9f9,scam,100
0xe7300a38788ee039b20ae36c80dfeeb3a53d3a06,scam,100
0xeaad73b1e547de307e9eee989653b3b3d4857418,scam,100
0xba3cf9c7ad2db61ea72cceaf73cfcb2bfdeddce0,scam,100
0x316b3b83c33b20249b61ded124f2620d8e823793,scam,100
0x7d067a450b17a2936cc27c44e5499359d9940155,scam,100
0x891baff569597297a9f97bf8b19bcab63275f518,scam,100
0x5ed7559181f082ee4b70f3d20c7b2af769a83d18,scam,100
0x99bad2f2fe5856a02489440568d22fc8852deab5,scam,100
0xe2eeb03a93343b21dd39f201bb2803d8ef779b19,scam,100
0x8d15adf29d440d56c5043943410cb65181f010eb,scam,100
0x1b6b664b91081b34ca8c7cdf22618e6a547d7947,scam,100
0xd9566c3a374c085bae0365a00399872b7d20ed6b,scam,100
0xfc6bb078ec56c85e8f7addfed0f2de6cb86ee3c3,scam,100
0x4886df279cc4946941e26de30b4011a2e92d2009,scam,100
0x1f482b4fff9bd0054242d42cc3339fa2957d4227,scam,100
0x23e34bbccb320951d8d5db864cce0ba9452ae663,scam,100
0xc7a25050f5f067762e070dfbc3198b9dfd6a2ad1,scam,100
0x93cf4d6de98478cf5b404304c45c8b4363bf10fb,scam,100
0x7fc94073a3adf4553d59d09e0b0808bb9d408735,scam,100
0x552c94e34f62ca14d9f2bec6f1e59b11efb25b89,scam,100
0x2519a00724ca9d3cdf1fe5f9995d2ee886f48fea,scam,100
0x166cdb9e8ffb1588ec016bd6684eb5aa437e9305,scam,100
0x3f796b2b5c7c5b87f6885b3160a2261d463b46cc,scam,100
0x3d89bd83add0d4f54aa84943c2241d27e3866d8c,scam,100
0x62b7da1757d46422a79b8c790b0aab0f86b86f5d,scam,100
0x4113c6ce4fb936d087e92a55d5b3bfdd275b1d3f,scam,100
0x6d08f8573e742db3eb88d8c545971e4dc9668528,scam,100
0x8e4a9f46499d34e2cd3c7068e492a67cb6049e67,scam,100
0x88c2a596eb0bc49b237baea9f2deb41c3125c4cf,scam,100
0x9b6e8391f1d660141ea45ae9f28f247a9a862795,scam,100
0x2f0d741580d9dbc27e51e5dbe83f5797f868c2e0,scam,100
0x94ff38c3e18bb715cd9061810942d16a587c6566,scam,100
0x98a630280447461ab2156919b0941ebdeae5bc41,scam,100
0x3dcf0aa2d91376f974678f509f2e69c88467089c,scam,100
0x08afea4ec3659a2e478f81fef2b784176a0b7d2f,scam,100
0xe08c6d06107ff83a2be9177e2dbe91c87f0a9914,scam,100
0x85c0bf4bf1caa0673549e5de3abb75013cc3c105,scam,100
0x91e5abcc8f5e9a32a3407f71d6d63d28ca10756d,scam,100
0xdc92cff564547691c1649d4ee44878979e47bf41,scam,100
0xe575d2262f516a392e018bd5db9afbc6ae656c92,scam,100
0xc90cebb23c12669fcd7f9d50dd54465546085967,scam,100
0xfa609c2440672e85c08ac80fbeeb5c608a65afed,scam,100
0x49338b0ec149697b3bbb08909ba860f23eaca1ca,scam,100
0x3c4385ea6b6105967a68e8202f6818cab642004c,scam,100
0xb4c9d8a5812a024bdb177991af256da144776033,scam,100
0x5dd0d183e627d790669205705646d5e9f9394bef,scam,100
0xa7993bc6f5bb3f90f69e8583cd746f277d95aaf0,scam,100
0x7bcac19e6b5ea7d86b3bf5122d4b20010f535bb7,scam,100
0x03b5eeaf92c228f4da2b42468c15339d7873bbe5,scam,100
0x6a1e30ec57dd27e9ad25eca7226bc023b5069f85,scam,100
0x026e78f168df546aabb2733b37920c55b335be80,scam,100
0x058e49378461c239dae065114cd9fa1c0dbc25c1,scam,100
0x890bce348bae449df3783ba0e1c7eb82c557e2e8,scam,100
0x446143204482cc0cea4d71fffa9b6d94aa607ad5,scam,100
0x3d6dc98270fccd8f6a2f53bbe125463d6c82094b,scam,100
0x0bb8dc8dfbdfba65bcbea3e5dfda67bf7331bf19,scam,100
0xa53035d2ba8c1d53c50f54eb409d3856eb0b3e45,scam,100
0x8d77f51be1173f90ecdeab7199e1d4ba12afdc08,scam,100
0x75855a2c5cd3de7c7d7d1a0fa9a9e5dbcc6eed87,scam,100
0xf30fbbed70f2d9c40e9195f05318e01d795eba10,scam,100
0xd13b2d98852df7191f2004ee183a7a1a352e11e9,scam,100
0xb7741854bdb50e086a85722f6e280cd0515b9230,scam,100
0x7355e49ba13082d3f83fd828ee6fda39738f1e55,scam,100
0x2664c334c46635f7845487d3bab16992fc83a93e,scam,100
0xa184edd5d3ceb61029f613d6482d133b20d6174f,scam,100
0xcbe12a36f6569ae58c03820ede9519020d76ecea,scam,100
0x1d024825cd31b78bb07caa42251b7ba3a71db9ef,scam,100
0x540f17317e58afa89a24c89c5df468affab64a09,scam,100
0xdd88afc7cbba595589d8353bc7f4f7de69e9c4d8,scam,100
0xb00548770ea87482f024cd4292a975fea72e8f01,scam,100
0x81e7eae5baa0979398ba5c4b09cafcb8c690062b,scam,100
0xa2220d18c3fa1c2251c92737be3e4102fabdff06,scam,100
0x641b92e0777e6a3e7400414925cd03bbe888ca71,scam,100
0x0697df7dc18a02b7357b742363f23af5994cb6ea,scam,100
0xc0c5df99f32b0444901071593040528fd620a714,scam,100
0x0929afccd8aef2fabac1c7e96bfdbf5cb84689ee,scam,100
0x2cdf611af8cf6c6a79105dae3b4565af906ff9ca,scam,100
0xbed5ee171d35382027884391d0ff49e08bc8942a,scam,100
0x2846418ac4626b425554768f5702217f63d77a57,scam,100
0xb9f97b369f81efc6cf0115af30173dc16876ef9e,scam,100
0xa13f038e4a92a2f7b77bf665f4b6487a021a24e0,scam,100
0x759c2d713f89fef9b73418d4db7cda16f2bc8c26,scam,100
0xf94b8e0ceba6dcd1b888fe02141dd9d0b8e67715,scam,100
0x504c839db36171d13f1b78ab323cf3ea084995fa,scam,100
0x5c5452d1a4fb7175812de3b4a4f1c34d5bc5a261,scam,100
0x520c7dd3d265b6edd88c623d4c9eddacbf082ea6,scam,100
0x362f1d7c705f0d8f38786b4d6efd6ecc54199be6,scam,100
0xba077f3ecda0c74c1dbe15a86e4d1f96ccaadd90,scam,100
0x9ede16fd45a94c5be23a6ab09651b7e26ce171c3,scam,100
0x2aa40bb0993b5a2d00da4c1cd9555c626974c1a9,scam,100
0xc2d251394a1211b9a87ac8e0b42f431138a2d465,scam,100
0x420415645d9062eb6b9168f03bee92f1b3cf296c,scam,100
0x3422258c54c75b879ec7b2b1050186a2c0eb0ebd,scam,100
0x7fac3c1e7e32cb490a96761fdcf80ed4a9941e62,scam,100
0xa902a214fdc137cf9dbc6d455d02e6e4ea2aca36,scam,100
0xb05c1c90b6c248cae5e3feb5dc41bbed790b283d,scam,100
0x5c2f45f806683785e59d4b41547e3729b681d806,scam,100
0xe6e9bbfb6f9f240ac42b2f4b39223e91ac5882b8,scam,100
0x476cc47caa32c7e6045feccdb18389a5509723bd,scam,100
0x259a0af5bb419bcea7e5aaeb0bed2e98bd8a11b3,scam,100
0x4e02e329396c26019d3a6eb4089c862fd11d9edb,scam,100
0x9399082f5b30a7ba6460f328b9885bc0cf81443d,scam,100
0xca2909f8c9e9f656eb468d53c84c23063e2dec4c,scam,100
0x55b775ea2ca493c082f3e17a8433e4d220fbb8d8,scam,100
0xf6713f25d2dfb22029a3d1ee8996f33f2705e494,scam,100
0x4ee78087a5cab2a24c49edcdc3d6bf61045d2a53,scam,100
0xa84ca974907191b149e7e5b07152a771b20df30e,scam,100
0xa3bc42c2ccf7671bc73e71c2ea083dc3fc993585,scam,100
0xf9b14517e630aacc5c9c9429cbe969aa61b3adc9,scam,100
0x8bfe1c609cdf6e7e43c5cd8910bd566a2c142688,scam,100
0x566e797616526498bc274597805f0d4a2682a6a6,scam,100
0x8c3b6f2dacc5a7ed7dcab43a53b8056aae6800b3,scam,100
0xec06933e56a99e06adbcaee148805c7d85cb46ff,scam,100
0x50f73e2e02fe63f669fb3320960aa48f42cc99ef,scam,100
0x3814c3dee17a7660e5240d7b2352734e853f60bb,scam,100
0x18502a1f6ccd21ae49d932783d2814cca62591d9,scam,100
0x1b7bdc46fb5d65c6d688bfadcfb7d3a434413956,scam,100
0x0cbff6c0365083f20c9de72084be7fb11278aa86,scam,100
0x4349b24ee0bb23c51569e63b2c1d457dd75464d7,scam,100
0xcd39300c31776ab6303fc64b930c1109c008ea0a,scam,100
0x7069bb601755f69c81560192ecc2a62fed1c20b5,scam,100
0x2457119f041c0da24f05a4cfa9851446c224bfa8,scam,100
0xfd8999b60a72c51ea892db66f5ef0c58f2ecd6d3,scam,100
0x4d281388b9fa97fc5bc13e8392040efb661b1962,scam,100
0x49c47caac5a13bd9abcb3aa04ab5dad78c55f1c8,scam,100
0xba19bc896d5d8962d4d729d23253f2ab95633142,scam,100
0xcdae97fb0bd5539641a31b2228d95246b0ac2b6f,scam,100
0x44073b0c378fa8def566209befe169866805b348,scam,100
0x2c30e423d30e78c416b3d8938e2e14d09af4753f,scam,100
0x87eed16b97b08fd92491c66d28226b33eb4f2c8d,scam,100
0xb70557d641af8ea5e94ac1569e6121d6a9bb30dd,scam,100
0xe0ea79c1d13a86eb4abc78e8a2ab83651c9e49bf,scam,100
0xe9e4a715ca5ae7b564a7cd135c23f2aef11a4aa0,scam,100
0xd03e202205168b8d0ef6c7fa9c27cb71b42f9e06,scam,100
0x4d6102bcbe452015a7d656a97de3f30f10054ceb,scam,100
0xd550eada44d72c8a840d2aeb5cbe70469c9c0bac,scam,100
0x36bb0e89f241370a01ef4a00df07577d499a94b9,scam,100
0xf4dddaf909bfb371acaf2b7ed6a3ba0d70bf4843,scam,100
0x2cf904052d9ff15c18d6061e569b09925a6f0ac0,scam,100
0x3e67df2d3c70c2b6dc7ff69ff2c73d6cb7ee67ad,scam,100
0x9762cebe63e23bba2cbdf2d11e874839a7dd8ab1,scam,100
0x960cf466795efc2d47cd37ad01bb43bfaaae3618,scam,100
0x197f986c640aedfd3ce94553c61ece11937bc2bb,scam,100
0x2e3a90d922c6d5f73136f83eb62a86e27b792487,scam,100
0xf1455acdb53399bf490435ccccae413c985c1b46,scam,100
0xa2c21da93fd14187af8804dbf135956d674480c3,scam,100
0x0eea73bc675d3012d3d602bd03cbf51a4b64eaee,scam,100
0x33f74739ce6be3b2c38af76f5adb3866cb4784c4,scam,100
0x154858dae480e434aed2d524eb33b70b97958f4b,scam,100
0xd4c9f4dbd26ae8c9b87a0d9b3368c0096241a162,scam,100
0xb617b6060e666b03844269a0a0a9e545a251e109,scam,100
0x5d445ce69ff9d8096d57444906c193f0ee577bf2,scam,100
0x2956d5252acc446ac7602aa018f4b09c21fd07ba,scam,100
0x711b2b67e5c7b22f0e468b4a65b37821e9dece83,scam,100
0x0275a8960fcb1235b095cb9f40edcae031eae5fd,scam,100
0x0167409e6106ec3e3f05a09fcf04606918d21ad5,scam,100
0x58b62d0e9cf118c6eebe4ce7e9680a8ec533c094,scam,100
0xba288ec9c48248aae66398658c9abc4507e0812b,scam,100
0x47aed527c215b5c347dbf5befa08520011440389,scam,100
0xdb1492d7fba1bdc26cef202ddacc31fdb98333e2,scam,100
0x684ede6645f1b71d77e0aeac519114ee8be3c410,scam,100
0x4cf5db8f049d6ca78a8a41e1ab2c04b90bae5fc1,scam,100
0x3e3f6ede7d57f3301b46aac40cda2f5ea40fee52,scam,100
0xb3ec0cad78b4ddd0bfda3edfd517dfc185ba8e34,scam,100
0xcd25243c156bb49a1c0aea4eda701649621d26e4,scam,100
0x4c8093c75fc778008d96f865f770233d6acf724e,scam,100
0xb359835c08aa76f1170f63c4f22ac7d5f9303b80,scam,100
0x5e4c8039f115ab9b1ceb6d5d123a094e47d80c98,scam,100
0xae6e3c7160af3c1f524572e5b29c81e6ff061d90,scam,100
0x14e9e1f1320ff0286c5e9b23fcfb70b711ce892e,scam,100
0xd83f525055403f88da4800ff6f382155d44bedb3,scam,100
0x1a64baf4d961b87b6a99d1ee99361248dc1f7dbb,scam,100
0x7b31c59e00393f56fea6884bb24166b24b99c62a,scam,100
0x7fdfaa3154d3cb82e90f5fde8c52a95d66211705,scam,100
0x8783408eaaa3e16b3de27c4fdfbc907e16d91b21,scam,100
0x48bd2b7b486a5c6f9560510bc0f7c915509ef7f7,scam,100
0x35bf085175dc3e3f750bffa53711fb4acdbf2aed,scam,100
0x6429f18602cfbe936a75d4bb707cdc15f33bb3fa,scam,100
0x82eb193d2fad35d9c401e7318f82861c6924bfff,scam,100
0x8e1701e9509250d808eeca648feb1b8d7eed0704,scam,100
0xbcf00150719d0385b24170c52a7c7b5a6f588e20,scam,100
0x88eb517c3ce20591aae29e42cc7d4012c8068228,scam,100
0x33cf1cee79766595db0270867b6b9feb8f30a01e,scam,100
0x8e85939d6c149a6d2a173b5425306797e6934075,scam,100
0xb9d957ed3c592cea30f715b80f08a86614648295,scam,100
0xf97cb2b86dee9c33c7624fd7412889543cca7f5a,scam,100
0x620085d9c1157bb56a9c1afd0ede1e79a42b9549,scam,100
0x83e99aec309c14e117097044e5efcc3672bcd450,scam,100
0xa2e5ac16f76f7a151cf38e65469983e4abbefb9c,scam,100
0x3e58d0921d63e1529a315b972d94467d71fa633c,scam,100
0x2f93947429c9a9c740c3aae495707dd902b3382e,scam,100
0x1847b35a3444edbede05b52a378d45e13eea54c4,scam,100
0x2a21180d900cddc46416117903edc0ee83286408,scam,100
0xf416ecbb9c9f2c0fdec238dca6e8738f31d09d0c,scam,100
0xe79392c79832287f9a07d0af9fa87fd150014e18,scam,100
0x8b0987e0bccb30a53c5294ad73a80ed776457c4b,scam,100
0xc8e16a468db0c3590d205df1e80df7b31902b656,scam,100
0xd1014b048deef8529f55d2db0059f8760cf51a8b,scam,100
0x166ee9bd9119cd8e4e9a7fb27518fce3218f6caf,scam,100
0xa2b9e771b124abc417884b3a112992bb70d7bdf1,scam,100
0xee596e1cb59b0faa005e1bd2bda6d9fba98e43f4,scam,100
0xc0daeff8088d77dfecbfe525af535830be607bd2,scam,100
0x96c94575af5c6755123de2f2a9c4f7b62c43c511,scam,100
0x0596e5e05fd430f7d83b38b23e250bfa98900d7f,scam,100
0xf4b6eddd5bfee71eeef3970bacb290467401c946,scam,100
0xd4ff2bdca1fe1fb46cc9c51f90d113a3baa48aa9,scam,100
0x8f950b4e6edacb14dd3c3258943acd7a922d9f47,scam,100
0x44b7fd8c984d3d66d8eaa6af4a4ba9976f257e49,scam,100
0x454d37c917adaa6d1431c628a3c645866ff8d91c,scam,100
0x88997942776a5de1f1a89d86a46bff0c9f8edb01,scam,100
0xc2c43555ac0fb6fe3a2c9cb9b5b61bfe4f726f9f,scam,100
0x77d15104c41def5dad6d5423206bf04621d9d9c1,scam,100
0x4bf3e4d2378a1256cbe1cd1c2a8bc9857b811282,scam,100
0xf74f6fb4353d43d3dc8c2c4693780b7afac41c49,scam,100
0xdde66bf2a852ea1603686a0f858b45f8f0695d70,scam,100
0x37acc28ca8154ba04d4edef97cf8d3fc6f313ca4,scam,100
0x3132215a1298f645567f2309ccd64b1ef5edde30,scam,100
0x0286f8b63ebcc35c50541013dd9d259574101ebb,scam,100
0x0fe32c4a5d10c8144207667aca2b2232acd8b509,scam,100
0x4a232983530cc4b1d845cf83c0d98f07f5884890,scam,100
0x9709d5a0f4d79fa488ddc918e633c839eb63b9d0,scam,100
0xa592f4891ff2d233c93b641af65069ed663295bc,scam,100
0x1b858871c8fdc0c782f60b350eecc58d82c216c1,scam,100
0xecfcaa9830e7d4fd6ab5932846d38a2c42b33e11,scam,100
0xc8f1ec8fa60ab597b8bc74568c22aa86f3d5f4fb,scam,100
0x3d4e3413babb4cd2ef5220e2cd64e64439b3514e,scam,100
0x784790ffba7136cfb2dd8f6671dd7626a6c5f3e4,scam,100
0x4a66ed7473a4e679600b1ac9680a7766f6541e13,scam,100
0xcca03437d406e7e337ce00defabe5418edec83e0,scam,100
0xd316c5c4b5ff98c0fa187b5902af1b1f11ef6b77,scam,100
0x8bb8a410e770a693c169a6b2b5286297d9eccbed,scam,100
0xf0e28a5485abe4ac9ea2fd7259f2f3f1366f950e,scam,100
0x227ba10622303ec48d0f12c9ed96a59553b599bd,scam,100
0x499ab691db303a1635a5ea38d479460446de23c6,scam,100
0x2423a3bdb6acb420b297c396857c62fdbb4254f3,scam,100
0x4bf722014e54aeab05fcf1519e6e4c0c3f742e43,scam,100
0x0ab4fc631d194bb135dc7a3f99580cf7df3eeae0,scam,100
0x0b70f396d0626c9d8008d68c8d9c98e77ddb8262,scam,100
0x8cae2a8734d781a8cec7e2f514da6f5072f7a6e0,scam,100
0x21693c903aad555ae5188f7813108c61722b94a8,scam,100
0xf7b81abd0244a9c6bb475a0217ce193bfda649c2,scam,100
0x265f38529e6b8c157d9976b2665baffdb0280f0c,scam,100
0xd2c42e8ec5e691bfb6f2e00565cb4455c565d9d3,scam,100
0xb50ebd0cbe2e70ff7ad4a09215b1b589ee4d07c6,scam,100
0x27fddd724fe2a47025444e2e5b02e30899c3b871,scam,100
0xc81d4e0bfcc8d459a4b9c224d7eda70c118eef60,scam,100
0xb836fa488f5ba9e49b0abeb807d10c1b13078045,scam,100
0x05e3208b1f05d1ad6feec6245f226645a43451f4,scam,100
0x9138692bb23767381e1b377d559ac668f990aba1,scam,100
0xd1611ddb20f1819c6506868530328f32d3317981,scam,100
0xfd1edc29754b65f1f45b885589c90811054be7a9,scam,100
0x964a7c09e3db065ece947fdb7f90bf0068a6f98e,scam,100
0xf686f3b77bf7c47aa19d58ddbae60038d1859049,scam,100
0x9d7a6e69515d1138e6b6a184821a24b19e50f34a,scam,100
0x08a14bd2e2993809583fc20ce528f1c835ea29e0,scam,100
0x0d9dacef694563ee0888e2751bf2349ac1b6270e,scam,100
0x4594615c70e277f30bb9c184f3ee5b54f4af657f,scam,100
0x9ef89d10d8c77755bfe263903966eebb73f721e8,scam,100
0xc8bafbd9fdfa359794ee7c1de6b4f3cca0190274,scam,100
0xabc343e36b8d4a63459e1ce99acd94ec6ef6c4c3,scam,100
0xc04db254be07f31c5916df143993a61822a2f2c8,scam,100
0x29d981dd09e5981dfd398978463d7185cbe45bb0,scam,100
0x61aa0c0a553f7dbc061b587720227f62bbc2fd4a,scam,100
0xe7d60131d3773a8cdf75162c2cb8be459600d9b2,scam,100
0x74135d6750da99e55f09d20ce6ae6480e156b58b,scam,100
0xc559b6b7f21c652ef102f55e03d411a8274412ce,scam,100
0x8c654fe2b20bcb48c484c0e1cc5fb3289ba47297,scam,100
0xb9cf80e8a2c4c9b409c709efc2751c69be426119,scam,100
0x8c9d299cc3c2111499416cf4e3677328486cfac2,scam,100
0xc0ecbcd3a5977921fafecffdf96b4bcae1573b99,scam,100
0xb4a50b673cbfad24c3bf3e3e4ca46be6fe7a87ea,scam,100
0xec4e9a06c4e024d03dab3a27f66bce03cc9bb33a,scam,100
0xd343317205a5111d6afb8343c996f1b3a7678290,scam,100
0x6a60dc30ef7e29abbd5a92b7697270dbd2115c18,scam,100
0xe45aa28d270a049b489ccbb156c2e2c3de0d571d,scam,100
0xdada0b3e40c3f2a2586658c2097c3bbcf8294b42,scam,100
0x4f96e55f53927dd720b2a88d910080bd97ccbe85,scam,100
0xd35a7ff0eeb7400e6ffd38b3eb88f070694b2801,scam,100
0xff0e20e3a7575d823302bbb27e233c23f2c3070b,scam,100
0xdf62cc136546e30bac252196c4f623a1b36ea8b8,scam,100
0x2d8d2ac5f701363b17f07a46e15e2e97282f5b0a,scam,100
0xb300f2a0fa449b97a1069ea7ad654aca486f64b5,scam,100
0x58d9f57967cf2d08afd51ec69998faad68dd876d,scam,100
0x9fd4351644ea4c47b127ef3e237476570c01884e,scam,100
0x75b60ba032cf8ee0b4bbd78bfbd7d99caf70a176,scam,100
0xc57597f5fc469386ab8c53740b5cf6c4a78e8eec,scam,100
0xcae453eb95b584331a8a5945d8138ceeed9d5af6,scam,100
0x71f2a8318b728f39483237f99c347b743cc4fb47,scam,100
0x4ff4c15af13f6d4950448104d9b97387a03da6f9,scam,100
0x4c191dca6cecfa1e55caa3cf178eea52728b13e7,scam,100
0xfcf10f54105223dfcd8edce0c62352a059ce1e19,scam,100
0x879a8eea3ea7811fbe7867a8984836d12dc1f9f4,scam,100
0xb5b73550efaffb04f189d05a9744fc2a0ef8246d,scam,100
0x39a37ef88447612abbdc85fe0b3cbec167315ed5,scam,100
0x696b196da53963aaec15e486ae46b2939b589aac,scam,100
0x0400f72bca103add12c6793d6194d041983e150a,scam,100
0xd8959bd6983757fd0f883808f2a7ea1ad18b8d6a,scam,100
0x1e711a766cd4ec07c590eef54a112190b4826b4e,scam,100
0x7c030200a2e8abab418bc58b4f43c46ceb4d9202,scam,100
0x8b6e20440a46881713f8f9da764b4094781e0f12,scam,100
0xfcdd417b449c982fc9b6d7b117e417682e81b627,scam,100
0x752ee8ea6a120c61b71608c80ab154475c9df43b,scam,100
0x3f2d73bd4f07044e33b4b9161a9a812ff044f02a,scam,100
0x3258674d5eb5cfca42c18585b95fff50e098ebd4,scam,100
0x23f1909f7a65cba4d2a4a42ee1ba7d9772c3ba93,scam,100
0x1ccf09f238a9485de914022d47a99431b7ae9a2d,scam,100
0x73328f4f21693c22ffb2009125f6e4906af76af8,scam,100
0xffde23396d57e10abf58bd929bb1e856c7718218,scam,100
0xcba658abf9c7b7fbc5f38bd103d46b40eae57e0e,scam,100
0x5d0dd8e7585201ab1bc36fcec3922cc4ff6cef64,scam,100
0x0ad24a61a0371d1dfe47c3b74169aaa5807efb31,scam,100
0x72a66bba491f0c696c4c4e3154d07b241d371944,scam,100
0x196333b00abf440c044b7164868cd5a4682e0276,scam,100
0xd9a1968aec13220e91a31d602f2519262b38dd3a,scam,100
0xb1843d1eb962da7760a80fc91b442491cf437492,scam,100
0x075dc757633700b257e090d62b62aac5997a99d4,scam,100
0x5123bc9d86e99ea6b6c67c7ba66507f5b4356d7c,scam,100
0x19b619237de51af8e1cbd989cd4e01e7299df4de,scam,100
0x3b99ecad31347cdd987e8683d8076b7bdbe4de4e,scam,100
0x3157c0650bd0c85ca276318de70382f98be79490,scam,100
0x9e78d3aa219e4255d86a7b71fd10a5f6612c8739,scam,100
0xd32357b1e1c0d1b469e2eef5baa0ebd3d02c2e51,scam,100
0x51dcd13361c5d921d2c4818e419011301e7be34e,scam,100
0x3841eb6910fb442f82aaf50eba5da9b275619ee0,scam,100
0xb547027a4ccd46ec98199fa88aaedf5aa981db26,scam,100
0x91442fd15202bd77d7e42e59a87bae18f7fc3ae3,scam,100
0xa9072b454364d1e767f8cc006eb53ff59bc95587,scam,100
0x5416400b0d5798dfdcefa2d22335f18982ee22fa,scam,100
0xb6619073688aa467f8def1df8438fff8dd0d64f8,scam,100
0x460e290bbb2d598dbb75b7c82d70d16a527ee3f8,scam,100
0x8042980dbae8dde334b16df3870014c7bbd62ed6,scam,100
0x98fd213b5b0105bb50a980d07ac6fbeee86e4535,scam,100
0x21d4e8fc08cad9a269e66b5f81201a8edc16c231,scam,100
0xa7886aa3b1d05b72c88dd467d5ada7809f419566,scam,100
0x7f7e6ef413e87da0651a4acb7a96b35c4e90de16,scam,100
0x6ecce18c9c35167e174033d9f9f6e4b356cd2b45,scam,100
0x391865fcc9060f52acbff693fd1bafa0ac480357,scam,100
0x9653d4d2c71cf7f61ba53b92355874e07bb4a86c,scam,100
0xc4536f5c11a478d6b5811fe2d0bd034b3588b105,scam,100
0x87e7ee3cd0c38e49060f3f092f689a094b692039,scam,100
0xa676cc0708e115122fc2d8401435254d47dc38df,scam,100
0x2401fa404acbdf066d3c69e9fbc0e1f5d42f7d62,scam,100
0xd46a0488d4f14bca3e84be33c1a4ca9ad18f9ee9,scam,100
0xa2a3a8e4a1877da1c913df7591ac0d72f27d4510,scam,100
0xe0787aabbd6ee01e55f98647673552885d54eb06,scam,100
0x1865bf39ec9712f5f3d57cf423495c318939ab3e,scam,100
0xb45b13e54e40d8c4de3a972e73e245f3a8e350c6,scam,100
0x18f6f44104e3f67f7e372609f6e64fcbbd0c81b7,scam,100
0xbada3e6665e62b99344881143ebf3edb27f988b8,scam,100
0xb3eefe335f6b60f9edcc709029673d4c69d64c35,scam,100
0x9bce7dbfaeec8d777261b5f80531cec2bbd6631b,scam,100
0xed59dcbf67058b77289b20cf2d1aaf72381960b1,scam,100
0x4076fa5d50751623d70499dbf6bb1638d93485a9,scam,100
0xcbf99a459b71aa633ff40eb14db95e0618c64b26,scam,100
0x57dcf20135b0cb9d167e8ebfe13b84bfd67645ed,scam,100
0xab5fb3af6c7c98bcafcd3c58b706afe988a6103f,scam,100
0xad401a5732cf3e9ed0c02c4e34cb27c6f2e7a3cf,scam,100
0x3fd69b6d48e520e01d189e8d0bb37c5807e07f67,scam,100
0x3784d3526be7cf85b33203ed3cbc7ad0414b2d5b,scam,100
0x57379063ee6e7b896182f0631427e1ce6472eace,scam,100
0x53a0fd5e4d4e9fb633f40bb1b0856fed1e9fea3b,scam,100
0xbd849b0982256765a5886fdb92e2e39c39ef7c40,scam,100
0x0825acc7a8cda73a3630cde5368c5c86891dd48c,scam,100
0xf31b4f7550833a746f788b36f2b292e5fa49a248,scam,100
0x975c5dae9d3c022fc30d065d839d2d7422de04c2,scam,100
0x1447b1cb205158d98fdbd312b37ed9dd1481fb62,scam,100
0x0d5386f63dc1dbb8983b9b8929c4bc75e27f5688,scam,100
0xb131605ad697274a35ea275cbfff9f095723a064,scam,100
0x7df1bd58e8fd49803e43987787adfecb4a0a086c,scam,100
0x69627dad496db160a81bed9e27ce2da67c3242bd,scam,100
0xfeaa8ebd3f3ec6301aa12237e2be3a9e25f36f3c,scam,100
0x1fd41f2da3fcd5e61c4a6b70d387e480b6c38dba,scam,100
0xd83605cf3aed2a56949c27f693c08aeda0e4d145,scam,100
0xbe153f80f3180875dbbf75d49a47ce8633922b13,scam,100
0x68b540360914147bbf236e026286409669f7b59d,scam,100
0xb1898895a2ac9ef09afeda89ee559427b7142f2e,scam,100
0xc31fb4c352cb68c847715d46d97c1fa2aa2d0f00,scam,100
0x38bff309e749b9599546ec75145badc37330ef3a,scam,100
0x6799b40b32f34c928aad6d2104c4a05ff617640d,scam,100
0xe3c9884f24d6a89dd67a04aebfb2a3a766bb5a20,scam,100
0xfc40c2993a0225b6397f0be19f41304fde4ee435,scam,100
0x0844ad5bd729f536f1aee085940eea6fb764e000,scam,100
0x63cba70964facb5f60b2028549411f5bfe3f199e,scam,100
0x358ad81db399b7601e8fcea1bfb01af31e646206,scam,100
0x875d313450ab3462c9b5159960d0e6b6bf9cee16,scam,100
0xc3f4763bf48da4eb33a0da0f21399449af2b53b2,scam,100
0xb1c32c8cc1978f14ea2564ed74ec146e0f079890,scam,100
0xea6e18fd3c301e4300bc99b6db792fcff376abb4,scam,100
0x607c8a459c35f7f474ac2f79f7f5bbf3c37b6e8d,scam,100
0x0642e5db00442400868546d5f8e21581dfe4f072,scam,100
0xe1d3064cfa24235c042b5021516a252affec6aae,scam,100
0x3fb8a191f523973b65c8aaf7910319292aebc266,scam,100
0x8d630073940fde8112c6a5295ba3e490ca992ee8,scam,100
0xd9c2d83e9cee9be03e2ae39ee7a1cfae98c0e022,scam,100
0x584dab561e3c4ba02c74fb76e7c48a0a3b7d8097,scam,100
0xd585209338fdc9eaa15ec3a2b7ec589fc99b9c5d,scam,100
0x46b5d58e8b42d247715368f4dcdbf62778d46244,scam,100
0x738a4daae8d4a640172fac4f45b41707bd2197be,scam,100
0x00650a784ee109797ba8c05f3496bdbf2b2b7a1c,scam,100
0xdf8ee0a230894e7e512dc3e1c9f5df520bd6b84e,scam,100
0x6a73ecc5e1397fae25cbf55cb04b197d4763f0cf,scam,100
0xee8fa6f4c6f6325beecda695fe9357946ce6f538,scam,100
0x93ba44cb6bdc1e8cb033fd1cc5c85bd8bd26eced,scam,100
0x32f36ccecafa2fcea6020279572361d36d923764,scam,100
0x76bf9c57d5976106acf850f5aac997292898c918,scam,100
0x8d71b3fc635c75fe61fd56a9a54d46d1b2163f1d,scam,100
0x5de91c0f2826163798adfbab70e06167d4427a9d,scam,100
0x68283006bdfca9e1a9691601916e99f549584e1c,scam,100
0xad0c88f3313abbce2185597e87a15f764e948a46,scam,100
0x6115c1397bd9c0275322377299aa3207bd969e3b,scam,100
0xff72982d880dc180ce738ca2d40c4c849365a443,scam,100
0x8c1473012fa6c8ce735bfedd8b6b308c6e32abdd,scam,100
0xb3bf9e759c859a63176feaa2244517b2c9309edb,scam,100
0x30750b40e3bfe029d61a7693ad4ebc29fab11652,scam,100
0x130e4d8300e692b5d40bab4a7e15cc2e2acb6e07,scam,100
0xccccd1f98620e6f320e88bb549ef7a214d5c52a1,scam,100
0x5705b22cc145d5f15782e55a8b7c86a62b91b456,scam,100
0xb761f76b8e3222f0be40f252c7240c0f6ef86e16,scam,100
0x48aec48f0ad800ac70614f81a98eb45902931401,scam,100
0xd912289c9f079b0655737a55fd5d745501ecefc7,scam,100
0x073671a608032b2d6f8b2a0f4924da8216339a12,scam,100
0x27b262c6be752b841d66f6d5121a5d332879a136,scam,100
0xe0b1ff574564c88a16f7a5e307d35660118900b4,scam,100
0xf7ad86885088ffd327e8cca80c4e82e4974a66e2,scam,100
0xbcc4e80892fb97c910e6bfd9ae1d4ee5afc8438b,scam,100
0xc69463be21799b00a750cc16b1fe4afe4c03632f,scam,100
0xdb5fbc729aad06129021b2dd65e6d6019d40ae4f,scam,100
0x0a3afd85b3b4dbab37906030287de6fc70a83b92,scam,100
0x9a88031270e35db9d3254bf66b92f64969d90440,scam,100
0x54ff8a2d0a94d4652cfa0f91e1af092e718ffb1b,scam,100
0xa3e52a23060ccdfe186822b52bf60a07451e094e,scam,100
0x441e78a9352fbe79943441efdcd82cbd0cc4988a,scam,100
0xb7f4c2f740186f94ba84d62132d4a6ebb446e8a6,scam,100
0xe7860fd151cbbad28141dfd4cc7cd6d090e4ead8,scam,100
0x67029ce5c22a49f8c5565a59d45c2ea7b67c8313,scam,100
0xa11c70e57e626a6e95c13b9279b40aeeefac20bc,scam,100
0x7e946d8d430ffa662925309211e413e916c23ed9,scam,100
0x67abc0ac6a9713524d49228c03f3f524a7327678,scam,100
0xccb41e2d069559ce542ce3eb825c8eba372a6468,scam,100
0xc4660944a7a823d44e5e13ed17ad7e21346c5c9e,scam,100
0x091b4cfc5f5d4fbc6d4ed90e7aa81dd9f361a42b,scam,100
0x71108be9c232722dd6839a6fbad171cf44d3ffaf,scam,100
0xb94b3ba3d138b238a7c45bab78ff36569674e1e1,scam,100
0xed9012e2da61b832b5da2cc98d921fd28f02e775,scam,100
0x4ea9d0cf2f3dac3c7405c523471b5458ea2a8321,scam,100
0x27f0259f58dd6b33c808cabe27f96810c0305a8f,scam,100
0x9068327ff0f5e99af7d1aefc5310e4560c32b84b,scam,100
0xeb4275a727cf5160f31418c59160de834f6b9afb,scam,100
0x0f556c5ac270aba556f61c6a329d74213d36b089,scam,100
0x977062d52f782564e8b2cbdc0f68f2183656474d,scam,100
0x1daa4f77ce217bdc80ab7eb7fdd9c95f9d57388c,scam,100
0xc084e47015760aa536cf535161c934a209857919,scam,100
0xe7d01fbc6768aad1c757f5295c7f50f560fafcf7,scam,100
0x1e67f055367bcbce045e1211f09355eb7411236f,scam,100
0x33eecbeae0f3d3b74a5c50662f091ff439115981,scam,100
0x85e6cde845de593d4b8d53ae9fcf1897795ed0a7,scam,100
0x6d56b0e1a084c85007ffd69676094d66a5db739a,scam,100
0xc0b9c8dcbabbe0f0febff1a823d87615392aa844,scam,100
0x0177eb92b752fa0715ee0dce1d860eaf739b5cf4,scam,100
0xeead01fc953aea34212d56014aa61ead16e76d4d,scam,100
0xe62d3a856b8f1e687c872d57f425fb24cdb3d7d6,scam,100
0x6fce6d2ceca868ac809d1e8d52e9fc3b8690118f,scam,100
0x1df30d794ab40fb7d63e603df9eb8cc4fa4a8cb0,scam,100
0x5e578a71736308594b98e980e32b5554b2bb4150,scam,100
0x52005b77fbebf53cfd9527a388f58d0431aaaa3e,scam,100
0x942b426b39f201965fafe3b3b60707cfbd237fa2,scam,100
0x7a19733fb69dbc075e335b6dcc40d254340f7ee7,scam,100
0xefaf04c238dc0754e4903d692719de7b12897cfe,scam,100
0x45c5349a72857076bc1aabf211c564368e0ca661,scam,100
0x9969de6d6cf15ff37ad56116fcc89efc4a04edff,scam,100
0xc82e2dfc140fb5d94b612af056c45d08c6560c84,scam,100
0x886af3f44f4cbc38819ace2c82442c1905c0d22c,scam,100
0x37f4e3d166ebc68d22e2959a56c5855bbd29975a,scam,100
0xa4a41d77c8c0882b08c6751841a68570a71a1edb,scam,100
0x43d51fafbed280ebc131844c77ffc546f874993d,scam,100
0x943db403251105195f56ce69c7c48a6320475ab1,scam,100
0x81e4b65b9330c5693d38430111d7eb174615bdd6,scam,100
0x57aa0ca8ddc99096d150f0dd1e1bd50616d809c8,scam,100
0x95115419b09e8cea70a9bdbca3fee8c5e118b228,scam,100
0xd6f1739af2e63575f2df02af59f23f643eae3403,scam,100
0xb4c4523e092f2340557d7298b1541d954b0a3902,scam,100
0x5aa31cecf59b98ed7deed6a6fc3e3771c1b11aaa,scam,100
0x7908e104ae43e5e6bac2d3fdaae3ccdf07ed8b8c,scam,100
0xea1552675b714476ddd159844e279cdf81e70d7a,scam,100
0x3331f67f5b2544fb0f2d7c90f7b8109d24bf6e7c,scam,100
0xeed7072fcf46733833249d1e979c44fe4f2a23a2,scam,100
0xe4e335228e1538cd36577175c27d3fd70496f1be,scam,100
0x6c4cb4c6c533505b7132babd6a35e68ff74012ce,scam,100
0xb8680bd6deac761378bc0be00458de9459627881,scam,100
0xe38ce3a4fd5b5991d34368cf1bde2fbdf2a0aced,scam,100
0xd808259ca07fdf4d8fa825c4704f624352e2dc14,scam,100
0x19eee53faa2820b0d7c56cac3275231a2dc3ca9a,scam,100
0xc2170abf46a478577509f9776512b31ee4af0745,scam,100
0x144826ded37a161f4d0aa7e5884131750022703c,scam,100
0x7467251b9dfc6c8d2bfd8b6f5a2e65ec26594852,scam,100
0x3f645557753c1e01ea4229bb0bbcb1fee76e0b33,scam,100
0xac1ee036c52d20ad437a1dc46056b9abf0cf1ca0,scam,100
0x93186608195d8a432a68653756cedc9c300f9957,scam,100
0x5874cc4e5b29cdfaf52323d85deb5e1a81de1f15,scam,100
0x648fbe0e7cece0362ae02cc4f925e282ce15ba90,scam,100
0x1a8479634ba4f57533b48719f9d2b20c5fcdfa9d,scam,100
0x0b72eb78dd1ae56fe2a7cd53f1bea9f44f7b4211,scam,100
0x4591a15b39dcc417b78563a870e4973645650938,scam,100
0x9145cb518fd02877fe8efa077c3ead95235fda22,scam,100
0x8324676c7cd3a99391d1d69ce3d8a7c2b51c1f59,scam,100
0xda1cc010259496d407a764c381d0e82182d68d89,scam,100
0xe6bf49e5ba7787a3550be485f074ec07f9c86403,scam,100
0xd305a960c2ebcff51c26c6a29b1129dcd2a54fdc,scam,100
0x41eb894bc0bde242ccd2c1321b3d78835b9cf48a,scam,100
0xf2401fa52bcaacfdc67fd7f2b8983ddd15092fa9,scam,100
0x5b2b8b9c674e67f718bb54cc62c2a2e13308229c,scam,100
0x2abe6dbc3d9a3d731db69a23dfc58827c0447cb9,scam,100
0x1032d236da2bfc0c0bdeb59a36242b459e0a6f66,scam,100
0x8e3cab8e3755a3cf0b24ed49e2e17d753d9e91bd,scam,100
0xe56ea353abc25d1a1d49676e6d21c43fae668f3e,scam,100
0xc1c54d65fed3e81afe743e84063019c5d5168b00,scam,100
0x8a46aa04725b2e2029bdcb924d671fd6a9c11dab,scam,100
0x3e5e4f3d514caec2d4aab20cc514a4a79681b6ef,scam,100
0x5411a839780e8b7aceb9353056e9302b81c7f63b,scam,100
0x50d0768a6ef81b0b6a0318d5fac93f6d2a2c42b7,scam,100
0xf91f7b551505720786e9098d6b8a2b2ddc7034f5,scam,100
0xebf8d422beb9ab0058f1b624a142834522ad665b,scam,100
0x25ef655c6c20ce77098d63bbcd32bc7c80987bbf,scam,100
0xbf5234d43980913e962491422ec678ee0f884007,scam,100
0x02dfa0d5184c41689377d5d47054da210ce941f6,scam,100
0x72a8bf69f282c2eb752d48b7778c0f0b6eaeabac,scam,100
0x71bdcbdd42ea7b9c646a9a50e170fde7835cdf88,scam,100
0x5093c4029acab3aff80140023099f5ec6ca7d52f,scam,100
0xac14590ad8184a48302f59a8baaf924b865de4c5,scam,100
0xcaa5854034d7eda409e2479c6c0351c167e21a08,scam,100
0x7f5d2fe39cd0c9924283cd5e92377a4894e3313a,scam,100
0xd914c1152a0e4974dc3985e9b6f6905e002ebb3d,scam,100
0x52bef206e8e0403cd60d37e48f4f3860d9545556,scam,100
0x6d1ca9ee33f0806bd37a8ac4c418a0ecb0c9f086,scam,100
0x018f2f4b3c9e38607aa7ab4dea23e9d663e3e050,scam,100
0xf7355cb5278fc4be2f53ce373f7cd9b543d042a1,scam,100
0x38b9dafe93f0b3ab7d35ac42165b73c0f3c5fd8c,scam,100
0x6cd5d658bac5c7c6b9946382b42290dc39dd7f25,scam,100
0x634cdd7ebeccccf517cd8f4eca959474bc1b58cc,scam,100
0xb5eb9d18c0413535baf1fa8bd8bf8f6ea7fea47a,scam,100
0xe3224fa0197de258ba065c35380d7dfd2396ec89,scam,100
0x91459992bcbf089851abffa033559c2eef120469,scam,100
0x1890d4a49faf31088e5ede045e3a985c82b21f11,scam,100
0xd787e430cf92d42fa28b7643e41ea1d871a19fff,scam,100
0xbaf18322ce288b08b2c58081fd0d1a9f03a9ea37,scam,100
0xc4b1a260735fdc817409183db8594baf9f0b0f2f,scam,100
0x88bdeb65ed500794118d0e5fdf5808d23bb74e73,scam,100
0x9a4afeaecd8efe2a7186365b55e72503d555713b,scam,100
0xaa6a6d930fdc6f32ffc38db4ea6c4668dd10c15b,scam,100
0xf76dea0a7ed40e379cc834cf94a6bdc59ac11044,scam,100
0xedc0c49946b93aa296a11298480ae7913bb65222,scam,100
0xebd411aa59b4456f45529a7cc203f87c0e104947,scam,100
0x754a7657092fd2862338ff06ce02cfc389d49e21,scam,100
0x011da0ab16577cbb73374a5b9b869d66253150e7,scam,100
0x0c8b740e3377f2be7a108aeba6a2f660588c728d,scam,100
0x08986f5cecd3cb8882e4a34a16961e3124377291,scam,100
0x64c940690a3660e68d93d8c6412d900bdd3e11e5,scam,100
0xceebb2d0cdc85e9774a232bab74c45fc883c15e4,scam,100
0x588c0e4af4bb0cd6e63e898bf8ad555452297326,scam,100
0xd31bd0cf9d6800ac573679d1baf21f79e0492ef6,scam,100
0x41467711f2d1f6021119ffb113ae0e78251b45fa,scam,100
0x860b62006ea05a05c7638d16a106858450bde336,scam,100
0x043375ebc36fff7a4fcef1359f3c89afddf56e08,scam,100
0x6353940eabe11c7cd78ecc2085ae65cdacc5a92b,scam,100
0x0967c50bfec4dba06e28e8fdbcfd15a23474fab4,scam,100
0xe56303d8ff8c25c240f41d90fcaae1469c5b5f77,scam,100
0x19bfd8a539ca899983b30e1d1c3370ac03d6b7ab,scam,100
0xeeb70fd96f6c8838aeffb9d8dc042eab97b1bb09,scam,100
0x2cc762c27a50d18e50efcd3bee9e3154e3bb094d,scam,100
0x6c20ef21e604028c649247c581e8e49fda6191ca,scam,100
0x9ee1e7d4f70a698689557b6bb67e8b6555e36d59,scam,100
0x41075e21827263e149b8bb26ff7eb5b185c7b0ca,scam,100
0x5caa556d0b8fa8622b1746bcc1211429737dcafc,scam,100
0x7db9656fc8435f765df5748e32bf329098ffb5fb,scam,100
0x903dc47aa7c40f9f59ef1e5c167ce1a9b39a2bff,scam,100
0x9655eb5183e3d373c6db087dd8fc6dae3c5047f1,scam,100
0x1056d8d9ebb0e0d8710a0e2a1852d4a09d56464a,scam,100
0xecf37af81b814d418b5cdf2ec985508888d7c67a,scam,100
0x40c86fd8d092d997b5ca19d58956a0b9cd14c130,scam,100
0x0324a5f6289e647baf88d9c96c331cf964220ce8,scam,100
0x868413a5d2fe073114e5358c576779ad10df2644,scam,100
0x9e55507a10af47f0a60493e77af432d588b9907b,scam,100
0x3cf5b9484ab874af65ebf7713337a03814538b0d,scam,100
0xa888868100e2a027ed97425a2307958b99a9495f,scam,100
0x4cead27a6a2aaedaa44d35d8bf2a2c9370abbe6a,scam,100
0x1afa01d567434482dcb3ea955b39778589176247,scam,100
0xbdd5645986f492954465b5e407f7528c0cf88ffa,scam,100
0x89c5043a38736f37d12bf1d3a1bb82894b3ebe14,scam,100
0xa4b4cb99a583cd6c570af1223d7c11514c8e92b3,scam,100
0x636141b2c9a53371faa2a2fe90e4d4c6b801397b,scam,100
0xa61344257ed7c98b4690572e63797d75b0753f96,scam,100
0x4d8f7cfae437d2c3aa63827be98a3dbd1bd9edf5,scam,100
0x9e19462787be36e5e3676ad2428b26599bf9866c,scam,100
0x7f642b25a930f732f4214f69df0d0d2f647bcc63,scam,100
0xaa6ac9f7500a42ca0e76e0176face67938daaa11,scam,100
0x91e35d6c5b7323647e0cc1d274a072ac5cbb4340,scam,100
0x024c344da7208e60356378a252dab771c34be111,scam,100
0xe30ee6f6a973a07687c60be30c1b17818bc1c2a5,scam,100
0x6b7c523f0655bd5a18e4cc53b53659cd3def0307,scam,100
0x2003fc0b9d53f934f9bbd57304ccdd5fd2b37c50,scam,100
0x8858297c69ed011c48feaa96f0c89349ef389b67,scam,100
0xf36b756013f80b162e8713fb37df7dda0cd7f143,scam,100
0x118db57c34621acd0a91f02c8c18cd1a3ad7c213,scam,100
0xeae0b6b040bf8adc143382d166cc008d8c317b23,scam,100
0xcde79393c6f0deb9b7b51579a386c853feb8e104,scam,100
0x2d7e6ab02d3f975248c747eacb99107bc597e4ce,scam,100
0xdc3896be3eb4bb3b3eb2f936348e942796078920,scam,100
0x8909cc8d294544ca2c956550edbcb59ce4f2a9ad,scam,100
0x420feb48dbb9fd6bd2b93da8770d8d3eb3e8cc6f,scam,100
0xa6048af9aee7a179777524a6968c20ac0eb1f125,scam,100
0xca4da1753336aa8340710e0e1a8c0bee2bfbf56c,scam,100
0xf8366eddae63af9ce1104dfff47bc1e29c98362f,scam,100
0x7929417834345d62b366d027fb143eaa179ddbce,scam,100
0x46791beea3b9138f03d312801887d907830dce51,scam,100
0x642430e36695ea0a1c3b72e61168c5e797e6b80b,scam,100
0x535237df0f05adf29fa878ebd0a60222d0625bb7,scam,100
0x82b36a7410796a3bd2a0b206abb402b899b0a388,scam,100
0x64b212d2fe54db498df6099e5a9afa8298068f89,scam,100
0x692aaca2f88ed1c6dbd3e4040ec12ee296560cc7,scam,100
0x438e4bf92d25bced517ec3aa211a8e453e3ad80a,scam,100
0xc8bda09b2ddd5a3bf9465dde8d6e0bc3a19072f7,scam,100
0x6bacf2c39a20d6bce7f2747692010b726c623783,scam,100
0x2088f9830951a16d16e6753ba84b6843ce3f424d,scam,100
0xf3ae45d5a0b8efb41444101267b56e6795051fac,scam,100
0x7cdfea62a40319a44fa4c9ccc3fdfe57044f7956,scam,100
0x56d0644c14745db2d2ce0de5c5bef914cedc1aea,scam,100
0x13803f5e158fec64ae7d81ed6799398ab4eb1fee,scam,100
0x114701b81305ed1f67dbdd33e077b56c0a06171a,scam,100
0x219b9040eb7d8d8c2e8e84b87ce9ac1c83071980,scam,100
0xb331728743d45a6470b8798320f2c173d41e4bfb,scam,100
0x596f83e44d6e62fc886222afea468e14f4c3fec7,scam,100
0x6d8a1bc0ae09ae5cfd4a7a2a59194598734ceea5,scam,100
0x36794518b3ef84c4b1a40af9540a03292f692c38,scam,100
0x8fa86218ec14bb207b5ae404c60a836c3d7cbb3a,scam,100
0x7f30f5955b7605b96421e7c170edbbc45b373cd9,scam,100
0x53e00c6a2887f71bed5340ce369675ddaff4f42a,scam,100
0x9c6625dc8333b633c40a0c2f2a49379363763ba0,scam,100
0x6c3bb918a1242ba4e32908d7bf4addd7ef651e74,scam,100
0x7d4bf678252c1c85aa46e032bf70e76439ee1708,scam,100
0x697a260ba6365ab241f7aef057da3587f0c255ca,scam,100
0x7db95f8d8d80a75d768a2f8b0be392ff901d3fc8,scam,100
0x409de70d8ad0135e6fd91f343899b93d903c998b,scam,100
0xa6b60dd3be491aafe5aba8622b35c0ead608d3fd,scam,100
0xbd806a9a7ad8ce9d36048861dd63a295a3c9d5f2,scam,100
0x203daffa152dafaf2a859029f729b364fc8540f8,scam,100
0x23770db05610d3939412cb7cfef12ca16e368549,scam,100
0x97d9f65bc953739a53c9ec20dda039d0b7bdd271,scam,100
0x6683a4be619299c84ca1815bfd9540949b7bddfe,scam,100
0xfe5abe24fe9de5fa1a3e6d433bddf1278dfa652f,scam,100
0xeb9aaa5160d671ff5e9e4c918f8ab0139762f101,scam,100
0x18341b373c795736c09bef6bef09bcecba4d27ff,scam,100
0x3be8df5afd4befeab3d57a4175430a343a633f71,scam,100
0x29cc635a3968beec56c6a3f5da1c033a18ee1571,scam,100
0x85704b506e10b10d714ead28cde947baa58f0ea4,scam,100
0xc7b26546c5c94723c8bb4b65afd8b0dc70db0425,scam,100
0xcfea5178bfb5266c84d0b3f951ae17fe51862b7b,scam,100
0xb8f2b53063ded859a3fdb96d43dd3d37253f47bf,scam,100
0x0128282ce73c72decabaeace9358344adff449fe,scam,100
0xd3ea62baa658a2553cdcef8506ecc7c2c1449bc9,scam,100
0x41abc470d04665f9b98605eafc8c474948fe7717,scam,100
0xe2cdf17f29a567846302969fb7578f7d35bec432,scam,100
0x5917948da83aa6922b55dd689762bc22e555baf2,scam,100
0xf605dd16d85b9ecd2d41626c4dec9aacac9d5ec4,scam,100
0x619f18aec5f8eef483fbfe654a269f1186dda915,scam,100
0x9d713181d04b84bf6434489cc35c69a6532811f3,scam,100
0x48a17df119f20d50b829f15e43e0e59a658c7476,scam,100
0x9e4563609f3315480821433c14f0e94e2f4fbb28,scam,100
0xf9dc4422f9dedb279c125012fd5ba93a973e607e,scam,100
0xc1e6e4d9fc0b7e555bb8634bcacc9a1067bec039,scam,100
0x679db306f7d4b04ff76c8ba4c60991c0d7e76f8e,scam,100
0xa5f19228f15cd5ca7fb0076b764b7c44aa4e2ae2,scam,100
0xa6ab57d5da194d5f8892cd84473d2527a2ed4e40,scam,100
0xde30fd6c04a66dbcb6b0a9e9c00718b54a588091,scam,100
0xb9a129d98f67c90c5d788a7b5f6ba780760e17cb,scam,100
0x501577cd4865d7d50664a1519a79f1c0e7069154,scam,100
0x00c33c49f9a2a920e3f3787204cbda9012d1912e,scam,100
0x4256117a02ac880335f8bfbeed63f92ec0001a5a,scam,100
0xcc9cd9d0ca055616093c52741f19a01fb8fd709c,scam,100
0x2b03c37faff05f3935d1c7edc96132b80c174040,scam,100
0x2cbc78b7db97576674cc4e442d3f4d792b43a3a9,scam,100
0xe45f6c2c0284564bc0b7908aa444730dfd6197fa,scam,100
0xe27c3dc592bdc5c07cf5acd5306862494cc44ac1,scam,100
0x70f3055dde5a66dac0b9df6b09bed0705095ccad,scam,100
0xf36965e734ce6f1abe3b66f0f819b3a8a9bd547c,scam,100
0x3c34d50681fe6a75353946831882b8872026f3be,scam,100
0x54ce5f448b0384e3e97ad3d588c62e2ce6635756,scam,100
0x5a26bc52339327a56beb66862e4170eb96f22b42,scam,100
0x50b95d3e35fe0fd07a0d94b8b784823c4b9ecf10,scam,100
0xc82b37b9ea1d90e62c43b407d9bde7e32d468636,scam,100
0xfa8952e42f2eeb434c6b31c2c55ca69d9770fb2b,scam,100
0xa6f93d3e16622f2d30fd849f39e98b4d3ac5ed04,scam,100
0x14b7eab3c6c7815fc0248f01a022d32f5214b5ac,scam,100
0x9a95f2ca24d1dcb01048e0623f63f9d174237deb,scam,100
0x2ac03b4fc893eb3d29bb886a16003798dd39a54d,scam,100
0xea7e05cb00b2430b486a2b866d4bb8adcf0eba64,scam,100
0x0ea9bc850f78aaede66d473f0a8717050db26ac8,scam,100
0xcde98f7fcaaf6d2d3c30ed41e32d40f91aecdb96,scam,100
0xf7cc855e3bb2986729ec47c1b6f64e36aa2b0878,scam,100
0x1bd913bbade46bf5ad8b1e5d117701fbeb078228,scam,100
0x8e9ce9f09197f87a67b87fe69f36d513cbfc1915,scam,100
0xd88b17314696afcbba531f1bbade53fcf5bc6018,scam,100
0x6a723ec56303409bb674170590000bca583fa2bf,scam,100
0xd34a599544d28f4f1efc307dcaf81ff50e36b56b,scam,100
0x41b68340d454f4130269b38f5b16118b011260a4,scam,100
0x5ae320f06dd93b53bdaaff7bf3339ced86b7fd3c,scam,100
0x8e41b7a2ce76f2d34ff5fee95961bba33faf3669,scam,100
0xa0a3cce6068a735e20bd047cde6bff19f638ae39,scam,100
0x24ecad110119e2c763f1afc7f4e5dd159238d143,scam,100
0x7b8583c2d1a5b66ef6cd377b10130b20d09fc04b,scam,100
0xc6739f5a44bf9552180f87d147f983257fc87bbd,scam,100
0x37cf1ee54a33cd1102bea21cd53fe80cfda0388a,scam,100
0x22ffb8cf9871cb143575effea5524a19d0bd72f6,scam,100
0xb415375c3842d2dcdfc877a495b0fb6387be3e45,scam,100
0x1058affcf5cd061abcab30dd1bfef82727f9e96f,scam,100
0x6e3e57e536aab05950774945d9cdbf506865c52f,scam,100
0xc912409a69f221b3bb1414894daf604c5f0439d0,scam,100
0xd8f203a2cfd7c647cd5a6619e90003724895d570,scam,100
0xf6d72609ce9457aed4f6099b4aee25ad16bbefa1,scam,100
0x93d72b0647156cf33b30058e7ec7004f47b4391b,scam,100
0xd1b3f1117928981ef6f42139f575ee34784b016b,scam,100
0x432da47e9fd49066f001cdeafcb767df43074e22,scam,100
0xbbc0825f36f3e3dec3b6499f02f609bea542e74f,scam,100
0xa6de61dbefa9e2f00ad45a09d7fd063c15dd4e1b,scam,100
0xe2a2e96a1007a0151838235c55cc80aacd3cdddc,scam,100
0xba697a889ffc70ae7152b170ed67a478a7b8d9a7,scam,100
0xd449e4587dc83adfdc92751fc853a67d3cca5583,scam,100
0x5400cff7aa5537881b305d838a951c3fec123b10,scam,100
0xf1c058ae62f2d25efebdd809eedc609cbb9a5090,scam,100
0x17d4434b5bec2b880b69f0577f48eadb6edb26d3,scam,100
0xc1841fca71e31578f28b7787c12e9f1ae18956c6,scam,100
0x45748f3fc419af5a95ea6190f07e5ec57ec09e21,scam,100
0xe0ff829cd4909e8e8680e9e0d9189b479c3bc5b8,scam,100
0x9cb48e7c4f6fb3950a61d3a0ce62d2b0cffd61a5,scam,100
0x40a082e89ffa93d4425e169e54a1c96774663f37,scam,100
0x201d2a68bfb83d4ded413a29bb3b7c5002d32772,scam,100
0x473f4761b49815f1c56b1c00b1a5f9652e7d788d,scam,100
0x00067010f3ae17aa53e2b4d5142dda35380cf72d,scam,100
0xbb8fbca74cf891b8b91d719d6c3f2ffc5345482f,scam,100
0x33d262cbb8d4bcc568f7809230ecf609dd31d379,scam,100
0x1b904168c41038cfb4c8dd0d52635cb8c95106bd,scam,100
0x77b3266cb477daaa2eaacb09d4faaad5c232c253,scam,100
0x295f3272645cad969f71e2a8515cb1f871198d32,scam,100
0x202f88bfffc39c9d3794df28a4261d5b536eb37b,scam,100
0x9514bb0db553b15df6d9e3c4c03620e4c5cb954a,scam,100
0x43315d7190e87dc3160d8f314a75efbfced6e272,scam,100
0x4cbae203ebdcb849ad14278f318118ed44835bd9,scam,100
0xb2c7aa589013f5bfb10e15179762ebc2192e6550,scam,100
0xc79ffe69d3662e5542ac976aeb7644fd9abc3c74,scam,100
0x1169fad5ee177a516e2c7eeebcfab740f5bfd067,scam,100
0xf9e2f408676d1d7a08378ee879aff6c0556086d3,scam,100
0x5b456907074c8ab93af396e9a80e1c5b9f33af9f,scam,100
0x97ef8a1efcb356a76318bf0603890e18ae73d2dc,scam,100
0x8512c6806e8b53a370ea8e8036c33388b825df24,scam,100
0xb25f138ce264d5fe52a64f97fcdc1804c98017db,scam,100
0xdd68910e9fc5b71d4f0f5eceb4ec57742bcc3cd5,scam,100
0x00de6bb8c4c4072aa4eb8d7e04d76a00d4621428,scam,100
0x195c7df16f8f3e2135ac3b52f37c35263fabc00a,scam,100
0xa375d0337fd8d9effa54cdf2989266381bc6d31f,scam,100
0xcdd746703c11272c11c94959397da4abf1361b93,scam,100
0x30796a784073470dad22e6388ea12e048ebca4c6,scam,100
0x5982f7d33aa9f9d0192509e58a59dd282c454a05,scam,100
0x17eb36408edccd62df38938f9f85ac6a590b1f34,scam,100
0xda3c9aabb50a457b2f8b1893058de04c937b66d6,scam,100
0x496475689b5edaca4eac372299711bd8b58e58ff,scam,100
0x0baae096780efa9bb19a1830790ba352049d19e4,scam,100
0xa7f21d9c638881ffbbab011b29aae0a5ec2c3739,scam,100
0x02b781439de5676c0d6cf16413478be1244990cc,scam,100
0x138152524e73b8af07d089b7deae581c7152beb3,scam,100
0x3cac4a9598ed31d5df964b2402131a7bd3605ae3,scam,100
0x36674c2c778f2820170595bdc69aa5ff6d0ba104,scam,100
0x555132cd84613133aa6e7ae0f3b93726e33156a5,scam,100
0xfaa47c195cd058708f18028c5b21ebdbb09aef19,scam,100
0xcfce775f2ed91be67dd0e231e1f8f55c50e11627,scam,100
0x40f726d6d1b858824061ad96e88101231216c7d0,scam,100
0xb74cb9e1defde24b499b3ca01300c6f7ba53ede7,scam,100
0x6f431a1b6c368cd3abb7bacdcf0625d6749f1980,scam,100
0x1520d11074e265f4e6beff7c6ee844d346af8e46,scam,100
0x4cfd0b335589edcca224fdee1dd3b076f15a5efe,scam,100
0xf3fa36d607d063e95bec80a1a4159b380646af4c,scam,100
0x0178499f84c76c9b863318703092080f31dfa1ae,scam,100
0x5a68ea1e6466dc13b8cc77cbe233c8178b6386f6,scam,100
0x434497c1f5a12249493f07d02380f7f8ebe675c1,scam,100
0x45b3ccc6c02bc2c79b1663fa7fd1a28663684eca,scam,100
0x35f8753c2e492ae0200ddea40404f01178a7744a,scam,100
0x09d3e5ed074fa999e5dbd908024906546828da48,scam,100
0x73f2bea72fe860813d8435cd176cfba721deec42,scam,100
0x302897c5b95d7b1f8961b13e75c8424777c25add,scam,100
0x12c97578b2abcdc45d28df7a288f27940705278a,scam,100
0x730189b0c993a8c641fc73e58b59cbcaf5078930,scam,100
0x7c8545ca937767362e5cc348616ffe9061ebb78f,scam,100
0x958a91127dfe526b0c974452fa9062779d532f3e,scam,100
0x09c6a4e5b51e9cf8b863c0ef1e2547bd91aaf4e5,scam,100
0x9f2008a23132e4c32fc0615269c2cd3bc5c03131,scam,100
0x32875b3b6cedf78743de48d4c5f5758a31d1b8ae,scam,100
0xdd002d1de493a8705091f03805f270fb024a579c,scam,100
0x19f327c2b627f5193976e3413d491322bbb4d954,scam,100
0xb8a3c35f9d6206eeecef741459e52134070d644b,scam,100
0x2f8debdcf62eb537871daede11f790d84ddf35cf,scam,100
0xc76be07eba6f759cfef1c369a9c9c493a28208c2,scam,100
0x9687c850cfbd3e0d3b7dbf56ee91365700e18b91,scam,100
0x3aa5c1090e29ceabb054764dacafda2cae605cd6,scam,100
0x76e0a53723a3da6b26629a1055a2fdd263dcb24a,scam,100
0x1f4bb87d5acf75192610bacf91addd71e7f9813c,scam,100
0x1ca986d74577c0a590929b248ddc88707decc8b3,scam,100
0xe11819afccfdc80b85bb7d0c36b33df4dcc561a4,scam,100
0xe24e8a8ad9872ab68db57de4a63800a87cc5279b,scam,100
0x3397f1a3be3ac6b02e8b0aef8b89d21f7fdaf35b,scam,100
0x15de13fc424c4c4cc3172bd85072800b95028bc9,scam,100
0x39af5503788a637984ddf583a8e5128dce765172,scam,100
0xc01873f70cbb68141cef7f0b5188b05e887ff390,scam,100
0x0fa23b1b4dd646a3a55fb5e4c5eeab24d42edab0,scam,100
0xc3aa34a8b288ac4e58a2fd3ed93bcaac0cd90422,scam,100
0x563acf790b87b2355de3945416da14c7ea1eb05d,scam,100
0x27a77398d0a8ad977eb63c275afcadfdf6106dd0,scam,100
0x06dd7ed96a510628405688a2306c33f10583f152,scam,100
0x67747a7c11debfb4694dd4dfd3d50a7ff12b6342,scam,100
0xbb90125091fd7c7953fb98b59f6ce75e2500e5db,scam,100
0xa932dd6d00fed9d1cd140275a5caa32d0b1e0d68,scam,100
0x624c8168212953aac5eeeefaa81d4e421440bec3,scam,100
0x8583ee650c6566503d1d9dd3fae76498e7e4ccaa,scam,100
0x13362e8bf3329ba59c21af50d7eccc3596affe57,scam,100
0xecb8d2e87573d5a0ab2662591121b4de29294070,scam,100
0x9d79aeece49694b01b2d2a44ba2c240de48959c9,scam,100
0x8a6762e718beb7e6af9ab3868320c3c5137adc6c,scam,100
0x795418a1c8b00c7bf70f32a5e67d2a54b60db860,scam,100
0xc55ca254045a09565a3eed7a0cb32d38b7062e52,scam,100
0x1bacbc473428eda051501a65751e185b329217ea,scam,100
0x0dcfe28d5ff99290dad01b592bd46e1de8c5bbf0,scam,100
0x9d665e446226f78a203b0f7674325c1a9bb05c50,scam,100
0x87c4a26f05c9e4af3b8ec6d38f66a812bd41bff2,scam,100
0xdabb0f6cec1b405b69729b60846d52f3ccb45759,scam,100
0x2d515af888401cb3a2140659b06f66c6a7df8518,scam,100
0xa82e2b7ee7c92d6062db14de092a4838a816b1f0,scam,100
0x65440e4ce8a9a596a20ec8f910dfc8b1a20c5f7a,scam,100
0x5afe494bbc31a7e9a898d5c1d412664bd5ade0b0,scam,100
0xf3df0ed1b1e25fce934ec9216d9fac59659d5678,scam,100
0x537c2bfba6b1880a6b11d4b4e83d4489f163d520,scam,100
0x71d663de2df38d61a1871bb8ef503d18d19964d6,scam,100
0x79949b5353006b12cc0d739190d492c577bed080,scam,100
0x2a1c52252043257eb84228a90457772d870c0994,scam,100
0xfedc43d08f2df67bb9087b461db0298ba95d5d3b,scam,100
0x3414801e9d6bdf352d4d21a30cbb9a178d28381f,scam,100
0xf4c996752c0346da4d290553fd58b3fcb6774ed6,scam,100
0xe33086e461749c687c2ddc3ec4eb24ea591c0dc7,scam,100
0x699abf8d1053243411280400bfcdb3b408f61e67,scam,100
0x3c96d7de28048d7f304c378decbc8f18fd928cc6,scam,100
0x1e06d06c84a2a0f26efd2d8b85783156aefb3e0c,scam,100
0x78d7081040b32e89ffc7d2e6c076142abe564a3c,scam,100
0xdcd0de4665d47e50511beb3c14529f38a4ddfa00,scam,100
0xb93184f8cfd3012e77114c93bf6ef08e9d6779a3,scam,100
0xaaddf2d14ef347360f50c50f2337a1fb8a673eb1,scam,100
0xd0d68941509f4231c88e4c204df6bdca05cc6506,scam,100
0x2e5675ec56f8c5e2119a44acc66d780d18a18315,scam,100
0x027a46b6cd1e80df60f5cf0f22c3f3fb899b2efd,scam,100
0x3869db12591382ed94eefe6b55c4e82c6b8c1489,scam,100
0x76638de7e1a2ae5128ff808d17a0a636ba16324a,scam,100
0x738a8589924b5c924997ddfb23238064ed238920,scam,100
0x172f432f0e79cb5abb0f0f9c558425edf41e9595,scam,100
0xa46181c2c7abb7c99833149b4e38ee026ece923f,scam,100
0xae6aab8c97f3c0650c5d441476207cb64719b5ed,scam,100
0x964c31af5b240fac67fe3c1105537d1647050a63,scam,100
0xb10fc7a1b56166101796c720be9553cf1b8364d2,scam,100
0x5ab35e76fad0e983d3f241efef7272b127aaa617,scam,100
0xfba9f5637e94a6518d530b4abc4ef4f08408ee1b,scam,100
0x97944ca6714f3d72b399b5c9cfd3f2411475bb70,scam,100
0x714b56c2454e2ef5e908daa7ccfce1a73184f2b9,scam,100
0xc36d9d8fe68e1a480ecea9471ab8ffdda07af783,scam,100
0x02f8297193719054c7b951704542c46a427d0530,scam,100
0x0eb1e76f51517c0c04a6994e41c10b3d81794d04,scam,100
0xb40368a92600cb3d3f9160288c12f0c4188f690a,scam,100
0x6de7ee53947515fa163bdcb7e63411449ece2c82,scam,100
0xd156e9ce487d5cb0b95bc36105c5aedf894241a7,scam,100
0x97d3bfeed43db559bff64f8192f2052c7267656a,scam,100
0x6a3482d5e573b9a5c26ecac634cd77c83d30948c,scam,100
0xafd200a972cdd210b9665beb3364eb217d94e47b,scam,100
0x030a027cdd6994a712fbb1efd6d36369ec7cca89,scam,100
0x6b7f1ed0a4b6c8ecbabc02f5456bbf48ca61c777,scam,100
0xe18a6f050ee7457d84d604867bd6a71444deecdf,scam,100
0x4b2acbb4160ddf25fb45842bfecbaea9a1919103,scam,100
0x20e8c236ad726fd694cb0fc38654b44de9f156dd,scam,100
0x0468d25b02ad1fd1790ae3554b967241bc970d85,scam,100
0x9a8a61cfb3a3c8dd730fd74cea1bac109bc6759f,scam,100
0x0699b6fef115d0f684d9d96964876183f11b231a,scam,100
0x007a376e488cee20e2b059e683e61af28eea9f63,scam,100
0x32aa5d54150640d56d93032bc409c48c60dd0107,scam,100
0x8132fefbcb2ca419ec577954eb4fe37a5722bcb2,scam,100
0x92370e8b926f29038104a1fbafa024389e753fbe,scam,100
0x3adf6502a6445fbf9d50d76562a7342e6d0c9a3f,scam,100
0x7aeeb8d3aba43b7c033ace5f5c477fb63730629f,scam,100
0x0eb3c94e03dbfc2b7cf50dcfa0173bc53e1d4185,scam,100
0x1a3f591bd2a270dd5e8e77235f842a918bceb4d2,scam,100
0xf8ed2a01846a04e98f6ca7ec4ff15cbcb5406064,scam,100
0xcb8f90b19e2eb56b1470d97bf9bab64bf3f4c571,scam,100
0xda59e1ef93244cb08b0700636e23d314da336107,scam,100
0x78ece8d4628cc1072755185027ad854331ac8771,scam,100
0x8baa4757f0a110dc4e5c365e7376d8449b084d16,scam,100
0x7aca311f96b05b944511cde7891702784e2a50ae,scam,100
0x80f43e67169c917c68391f823fcff41b9b786d69,scam,100
0x7a78f4361648b7f8e27c9d8e724d7b72aec636db,scam,100
0x603d16901fe8d4540249663839834debda24204d,scam,100
0xfc16ad3918e61ebbde73dbefeb356904e524f83c,scam,100
0xbca9495ab86d5414ba4619016653cdc9f61384d8,scam,100
0x051a4a9b07c393f735a84aa9b97b1ea65bbbee18,scam,100
0x92132d45119fae2f375db1cb835bb4ec46a9e71c,scam,100
0x2a4a8d2ce8fe1d723e8f13cebcd74b71d7723818,scam,100
0xba367d6445c181e4033bb2b49181d5c45868d975,scam,100
0xb51f4bc6159f0a97bef80edf3402577fbc75d799,scam,100
0xf16171c676be64689aab46cbe4d3bdc2d4eee95f,scam,100
0x20cbe0524157f564a5dca1c18f376e72b4528e64,scam,100
0x54d2fb4f6ef43bc3b0ec0efe62400c2603ed136f,scam,100
0xa41ecfb0013ae34250c1f6f999160a58a3770621,scam,100
0xa1b54b8cf7414fa909cf6f0f4514df25138ac975,scam,100
0x4c27d166b4919977024d01e632de3c7f06c71477,scam,100
0x7b3049dc72215aa6b8666453b40f6de51acc4820,scam,100
0x3f8a37bde9b15b65c82f9cdd00192e0ba36cc5fc,scam,100
0x2e64d7d37133e505ea50e813400be7d105acf4ad,scam,100
0xf0d03858552dd130110574c4017db77f81a815e1,scam,100
0x656ba2d1f8aa1df72392b066b9bbcedcc86ded66,scam,100
0x7fd2e04ebea26f3a2b971ea94e42e7da0d15b52e,scam,100
0x1ffa5238925b5fab08de1e3fbaa03ca207b0872e,scam,100
0x6e2e9b98af5f742f8056f24fd514c7648fad2d17,scam,100
0x59008c1e271876f8c3b266179c6a1f1c04c98eb8,scam,100
0xc8e1ba6a289905c45805208232dd9be1e729bea9,scam,100
0x4f25c1cc6099f98a1186f97a59be8f611226f818,scam,100
0xd635cb5d0fc7688ab4cde7b71276b6f0cb40f2af,scam,100
0x5b409bf5976adbcbcaf3891d7e7133ce38ba6396,scam,100
0xc1d5bacb61c7b9c2532656c4d4cdc66174189c08,scam,100
0x748c1abb6def9aa944aee49e3a692c63c3ba60a7,scam,100
0x6a54cdde54aeb881b0774838fc0d708a0e9e58f9,scam,100
0x9735ba8d7374649d188afadea5019e12d2587e00,scam,100
0x888f2e62a1465f99ef19dde35751998320eb4631,scam,100
0x2ae18a061de67357fea97408977a06262eedfcf6,scam,100
0xb914dc808d62fc9638d5b04a58bdc831064e7d7a,scam,100
0xe2e4b53a1324f5a7368724ea73e532c626517f19,scam,100
0x9477f48a278909a94d8cd9480dfa85d07103f004,scam,100
0x6ed3a51fd727d5bc98ac39476dd4e129ea96087a,scam,100
0x05a6d48421e84a791c040cda72bb4320bde7e2e9,scam,100
0xc1ebbca5e7048d0c694377fe821bec6d4eeabe23,scam,100
0xd618d05f975c5845a7103a24750971280eda5885,scam,100
0x385afc7ed3782aac1ee10d19892ea9d345bc0797,scam,100
0x2f09dfc52c61cf17cc9bafd5d8e57eb8d41804be,scam,100
0xfc06bff6785075b3bb49b226b8c10b6b98025c80,scam,100
0x13e69be8c633475022b8775e3bd99040107866e3,scam,100
0x075367f23ff0b1c2bb3244ba26e8ec7466678c36,scam,100
0xc2482eb4f3b627d56abb0c5d97e84e6df0055d92,scam,100
0x0d4ba8d3f724716aa923e5cd85a86a6cf2f444a5,scam,100
0x8444173280e5fdc0525494638123b014cffcc521,scam,100
0x9ee17fb04ea22394fa28292c04dadb46b8355f23,scam,100
0x59cec441cd9f89648b180b93c3dd8bae599eee6b,scam,100
0xc5e634da046d6cc13e05538ef69890fcb5f4d472,scam,100
0x360a1a7917d606f08017401751b640e65586d5df,scam,100
0x0c50f72cf786e0e9e0893fbb95d7c929ac08fcce,scam,100
0x4a008b542165fec7ec3343a35ceed6bc4f6b2280,scam,100
0xb572c0cb2db2f634c0b6f72a062866bef7a7546f,scam,100
0xbd0c27adbed174775fdf33faed2f2af997d75115,scam,100
0xfbd5bb5c11bc44ef9ba8717c5a6a9c7633f859da,scam,100
0x0132946103efffa43337128cf65f0b3531378e87,scam,100
0xa817f694b0e6421bdb56a384c0fb5c50e4f63d19,scam,100
0x848b73f8cb6778203edbe4aa18f293b238fd3712,scam,100
0x5d741f08e7f468768eb65af94205df2aa7eda5bd,scam,100
0x0e98ca737c5c4cdad4cb7f390f882108020f237a,scam,100
0x121bb154e76e252a804bea23f875f1c25bb0a7be,scam,100
0xeb0069c34ef75313b9763fba24e802c56df88da8,scam,100
0xf2ecf8794a20e88b37c5de7512fbf79c886403e8,scam,100
0xf695b2752e6e0b61c3c54696925838129ab6b1f1,scam,100
0x94900b6cddcdb5277ab6499c95908be22550cec5,scam,100
0x6ca1f6e449936d538e0495ec5ba193fd0bb07424,scam,100
0xc85f7d1bb0f462d3ab2a2d83e4d5dd2c5adfce46,scam,100
0x492f66c978d1c91f4721ebd4ca89f8e42895d6b4,scam,100
0x1f4137af5ba805833a79750ca571930b3fa7584f,scam,100
0xe525aad8fd7201be94055797037d51c21e72d7b5,scam,100
0x2f0509efad8555012ac770866fece8d35e73a492,scam,100
0x1071c1e161a70afe8f4d60635df7bda3edcc75fc,scam,100
0xc40d71497e8d7f6cbb3a69b2f148d012a6e39a42,scam,100
0x15edb10e1dee6b48eff22e7501bcb3f1ebba03a7,scam,100
0x490705e4927d6cb844e863f54f34ffa6c3a955e7,scam,100
0x51797248a1eb32c473710826928a33f4fa3090d7,scam,100
0xa484d40cfa8f82ee15b135d3d8fecd34bdc9e444,scam,100
0x9de26484108d93d249db07f1f8383a921bbbc6cc,scam,100
0x612ab75c92b19d06774aa5fa75697a1ae94bef97,scam,100
0x3cbd2e6143f057bd49ffb4c7058217a5900c35d3,scam,100
0xd2418a41a708676c450117ca1592ebf435f01ee7,scam,100
0x8ccc7e6cfcd15778dfc94d800ee88bb5c41c2bad,scam,100
0x4fd942e51d15cdb966b58c3297d6d7e24d27480b,scam,100
0xe6815da07faca289e2cafa8684382a6cd0b98cea,scam,100
0xc2fb82af34a16e42e72523cbb456db95c3997ef2,scam,100
0xb3805b7a3098f9e8e4c0a4bfa212d2c8d7d072a6,scam,100
0xdc45871c64dfa96863549f7728638e75e722aeca,scam,100
0x645e1f399a20d9804159716d62dbd37613605bd3,scam,100
0x3aabf12146657ba634ed5d079bd39a44369af2de,scam,100
0xfe59c158025d9e4389e144574b91ded74e0d33ef,scam,100
0xc65ff9f9117da2f4e39e0765a7fa2f8f66952f17,scam,100
0xc8428f2f654bca80ad74d009a48c5c56fc85ab9f,scam,100
0x9fe115c85dee8b0a23eaf09aa0b004979494c1d8,scam,100
0xda88996f7d5548a088d97e6f67ef953f1a07d4b9,scam,100
0x6aef32c32c765df5eabf10c56959297e62ecd68e,scam,100
0x27c57c58559d6e3752375981c499c05279fb68d2,scam,100
0x379e2308268554dc930c235ca6b6258920898cce,scam,100
0xfe6a7af33bc236df6e464d73f356c07af3fc71f3,scam,100
0xb52f5ea6dd9fc119f8195858f785c00c3b5e17ba,scam,100
0x542339950da2fbf60dd1e851c7976f02020ac876,scam,100
0x430e18df147682e43806268bef5082beae418bcf,scam,100
0xa839f422311310f82717cac3bdad42dab2af429d,scam,100
0x1a62141cf8e3d036ee2a26800975d18e8227bed8,scam,100
0xde0f9880faf963c57aabcf92128eb1640dbaae18,scam,100
0xf2effc1cd320ff062bae8649d150dbea3cb6b189,scam,100
0x89b6206ce2919da73a89d30cbbf9c26c6495c896,scam,100
0x0c175e0750075c88da218a9ab969fa65f4dc4eb5,scam,100
0x5e0ec8a70419b1305f33a279ef056ef4f4986ff3,scam,100
0x8a84d4136f4e18c242ea690c745f48ec04585f1d,scam,100
0x471d51b8b44543d9fa33869f743dc6e86e78adb0,scam,100
0x7fe5aa3f065516a9ebb73832d4eb52ae91643f03,scam,100
0xb68ed1abd5a55a0c3a2d7c377f9761f85e865a34,scam,100
0x5b39067ee0309856edd13f23c9c1793f9fda1b4f,scam,100
0xc82c6be141444e31a281ff16f560abe6ee31fadc,scam,100
0x4ca65df36890207d6168ae720a74ff5a1ad0985b,scam,100
0x40a92c8a6e569cdde87c693a374468172bdfe65f,scam,100
0x286f856947fd7b93e29db9376d8c86df35a38c9c,scam,100
0x03d18450b2ef96a94b2930e4c36d8a667ce51fc9,scam,100
0x9527821d55f9e458d22b9f18f0d2eebb407b3c82,scam,100
0xdef3fbafb3dbe9c1af3ecda4b86a6cf87f494ff0,scam,100
0x4d806141ccd4ec6180852efdecb2272fa65cb132,scam,100
0x5106273e79396be5384792de8f5ac4022923800c,scam,100
0x84c9fddd86b2dd95bce28fcb19598393ab49d9c3,scam,100
0xc9873692dca4a6b6024f47f0e5fdac9a133e0a08,scam,100
0x73b0724d8187a1391d88e95e7db8abee3a90f569,scam,100
0xef22ba3b971fdbbc65a7a4e40e60fde98feed5ab,scam,100
0x5a05959fcf373a200f589f811b611ea742f957d6,scam,100
0x53a47e0d6684ac7e3898273626d1a52b194f6962,scam,100
0xa9a69281bfa0fa0b46a792bf74591d9e07a29327,scam,100
0xe6e6b672f4a28c0e0160ecddd46b144467f855fc,scam,100
0xbcd8c17c24514e9a80ec3cd9368ee32115c8716b,scam,100
0xe82fd3b50888c460544f10f9326e789f90679ecb,scam,100
0xa0d5a275a603a9eeeaffd25df902ae51a4f323b1,scam,100
0x1a26aab15f4b12b1c0d79d5c14c817721cce6953,scam,100
0x01b4eedf45749b38cb9ad2bae1e98e9fe2ef1d32,scam,100
0xd264179eee61f46e4a73f15c2624093111a9663d,scam,100
0x82494f5806e473f9bfa9511a0a69f0f47d59b1ea,scam,100
0x16881a3b5bd0f6b2f8c547dcf9bd74442eaddcf9,scam,100
0xf61f1896dedbd8888a975dd89d50155e745d551c,scam,100
0x73de2ed2a3b166288f735409543ef99cf667df98,scam,100
0x8ffcc402b530de684039a96fb87e7e15db095abc,scam,100
0xc9746c60b47aebbf13ba8e45144e4c2ddb3f0cba,scam,100
0x251bdf7a333bef7b349a429f435f8178735c186b,scam,100
0xe903e796e4e0d065701cd04c00aef9ea0d58d8fe,scam,100
0x3d563e10b8f59abb24d3f76e28fcabf0cf4c4a5b,scam,100
0x6eb7de1bd85b072bf35afacc2af38483174b6c79,scam,100
0x9f80754b6a266a9ca3e4f2399eed9045097bf173,scam,100
0x2b4d85023bc9a92f74ec24008802d64c0bb7c779,scam,100
0xe82a101121ba4488d62afdf9a1b5e0debbbcda18,scam,100
0x2a875ef76dc772078b1a42da705deec99341b5ef,scam,100
0x1dd6166a68d464506ff36269f56e232a2a2cafc3,scam,100
0x64d2d15a9f18dec738ef0a5f947a6e4b648e082b,scam,100
0x32b7d2c82ee59ef18e1e17de43e1b9786b6a42bd,scam,100
0x8d68835cc23b519f92c9cae8312607ea91e7ebcf,scam,100
0x02701809c14ad7062c71628c63d7851bc5f367ce,scam,100
0x5b77e6ab2113e7f721e90727de1468d3a20fd9cf,scam,100
0xd305e1b380bcd1042d1a32e70de13ecd3d8ee8b9,scam,100
0x6c83ac2073c980be7a0c0245548b3a2730ab53f8,scam,100
0xdb662b5503aab23bbe7cf6262f96a0503cd32087,scam,100
0x173f55c725d4e6932e24f5eab84da821362aa7a0,scam,100
0x88d243d689c91a9375ca7fde44fba1e0c1dc1c5d,scam,100
0xe115fe30fa7443ce9848be579062343a02f6d646,scam,100
0xfcbce0c2bd85e3349e7c9f60c68b6e2a866bf0d5,scam,100
0xb70f65c1faa2f1160d006b585ebf564781e8dae6,scam,100
0x9a2a70cf15b91576f9de303f5225fec01a1cfac6,scam,100
0x870cbbd204d5e2317c60374888e4b6be3bfa092b,scam,100
0x4711c198e6f04c02413794568990b6a835e8ead9,scam,100
0xe16393601ef64853bcaf3f78fc1f8210a901e01d,scam,100
0x516a9a087d5d3d83097c066875fcf4f94ce21fd3,scam,100
0x3d81ae60de4a15c2d3665f4d9f9ab59fc0b0155c,scam,100
0xa684177ae5d9e9df98a82a4c94449271b76cf8ad,scam,100
0xb12983fde7f7207b2f2cd7b6e415b11e82d13d9b,scam,100
0xcf88e517342aa1b0e17dee16d141e5093e4c5de5,scam,100
0xeca85699b927e91883310c7ccc7ced91e92ad658,scam,100
0xcd867a3661ce6268234e07f0784c27b982f7691e,scam,100
0x36d2dc663364f8eac6dd560ba7fc2adc56e6c87e,scam,100
0x4c2070bddfdfe3a2f52c40e0ad55c80b5aed9350,scam,100
0x950bb8abd2419da2c86797a23d43bbb2da067848,scam,100
0xce9b5ff07f47bacf0811bf0dae6580e4987dc2b7,scam,100
0x4ac6307a85d83962503f86457de9c331a6926f48,scam,100
0xd51b910a21f091995a2fdbc54f8ae2f981506b5f,scam,100
0x23886b2a4e1edc3e558e2411cd16055e006b7a11,scam,100
0xb147a12271ce9fe510ea33c867611ed86928e915,scam,100
0x60e53507d989b49c8cf8c1403a874ebc20ef1fda,scam,100
0x5581c4791b29561985ce4c676e3d72a09b59d267,scam,100
0x1b45ed52cd1b3d1738c0c5af022bc1f3fd2d363e,scam,100
0x3595d24f7b4a48cb1c10af07ff8d31777104e171,scam,100
0x43113a5f765cd9f34ed995c8673b717dcae6f717,scam,100
0x70de8fea22690b3b662e9eba2ae6fd1d4c74cc44,scam,100
0xf962933e44b1dfc771738a034c80d87bdcd96ecc,scam,100
0x3331656f7ac3a12ea5e71528b4c6889663c8d989,scam,100
0x9064bc998b263b820fe07d0482d4473d17939e4a,scam,100
0x7ceaed281a55416a8842c033315a048bc9c77caa,scam,100
0x0ef3be76a9f61c8ca88766614bf36e30d3105be4,scam,100
0xd189e256bcf1ca98804a13928dd3ded37f8ca08d,scam,100
0xb2eb50a68164315939181f308ae7949028cac6d5,scam,100
0x9df618ea881b0bca6b224f7cb86ecaff369cded7,scam,100
0x2fb595ab15edca3dcdb87319d5814f5875ec049c,scam,100
0xdb30b0d44c68b6347e3a54a5defc2a82087d8b35,scam,100
0xeb4b7c7d7b648c7b465274c7317fb00cbe028618,scam,100
0xf5682715e9226a639df24c569eaf688317a671d9,scam,100
0x7344150b2a7a8380725aaa52244dbf40602ae249,scam,100
0xdefc101bfacc7907141056f5731b5dd1149a3706,scam,100
0xa6a31d657b0f1c157f46a06bbdc6a690d5ff2567,scam,100
0x2fd42f6c0898e7249cb3e2c04db896af44390396,scam,100
0x26bb612e398a41db0f749fce24634064ab68c72a,scam,100
0x61a958a47c5640521224caed0873c6aab157fdfa,scam,100
0x7b4be6665504b8e45326ba8c609df3fbc799f0cb,scam,100
0xc0424148bd4a78fe8eab237dfeb22883acfc6c4b,scam,100
0x9a37a0b2db8798061db6f3df8be60fadddb56601,scam,100
0x2f0659e728b2bc6459f7be68b9cd1a919c65e86d,scam,100
0xcb43c4c6ddb7ad0374b348a0a613c56fc8089d36,scam,100
0xe09068325aa3bde8bd3a85deae69705ffc6502b4,scam,100
0xf949a3938401562eed7ca76a1c8dde61e34fd6e7,scam,100
0xbfa78c2bb218a5bd74cb66ab099b9edd7e826d0f,scam,100
0xac7d0cd210a40d3f55874ecc4be55c6371d7174f,scam,100
0xb3f63172a054ccef9809149b14bc125ef1e9f5bb,scam,100
0x05f795e90de1350a2eca301e673d56a5f9e02970,scam,100
0xd88aef3e2be164b486e7a6f85d9da56567802c70,scam,100
0xc81a26be7197338056c1983de4c688cee18b729f,scam,100
0x1463206d18b9042a6cc7cfa182e6dd464a69cceb,scam,100
0x456f6042c81651d234cc13c7039cf092df75be18,scam,100
0x641e9cb381011150eaed9ecaac0406d57c094167,scam,100
0x29e9e9b652ac7971f351a35b4aae034cfe0a6c49,scam,100
0xe481ed2b30881130301e479a911fdd0441391e25,scam,100
0x610eacbc066f8bb1f7853316e214b6bb328b4e8b,scam,100
0xa51a9862855382b5879be35bcccebd15502cc70c,scam,100
0x9315a9478ad1a5414ed39956fbb4f293adc17675,scam,100
0xe7ba62b9d83b6d0fb84aa084fbb86c6dd3de0946,scam,100
0x44fe802c195f8d6d8d636678c8563e848b71d626,scam,100
0x7ff94efa22868243cb41c37e95c1d5b040b88a14,scam,100
0x49029d2ded6cbd6a31078cc45e7f58fa79fae02a,scam,100
0x46ca7dcbb5748e4e804d6d9e9a14cf4948a81a13,scam,100
0xf18e108998d08cfabbd6364535c8a152ef0f801e,scam,100
0xed65d4b2530a193ba98e0ff5b0f30148cbbf9bbe,scam,100
0x05ae6dd50b5a71366fde5eb538a9d41eb3523922,scam,100
0xfde7bc4f67d926328ad881fec09cabbde2cf866f,scam,100
0x09c7206a4365937f1d79e841ab258017ead1a3e9,scam,100
0x23cb06dc044f4c9937866a5928c2427639f390a0,scam,100
0x70ed9ff5f8a02a9b271ce5af8ac62a1b85e51685,scam,100
0x5751fd763f14b4c1473d1a1662b14433a73d0ada,scam,100
0xb510704d1380b1e508714eaa8b2a4095e0e9e4b1,scam,100
0xac82537fae701b2046f62bb718c4857787b0b647,scam,100
0xc7588fa452b28d50977de524972d3dbe616fadc5,scam,100
0x031bf1601c970581e3c50631242197de56918cd1,scam,100
0x839f0763187b9fcbf60cd4d332413b77a7ae2ef9,scam,100
0x8c427c26766aec6b8c148a08c52ed5fab2d52ede,scam,100
0x6652d9ffbd60f7b3690839698708e4b27a462a60,scam,100
0x4d07457f5a2678748f6d4c61421b6d7e2b89f8bb,scam,100
0x51700996a6b66d67ff2ceeae5919cbd26a3f453f,scam,100
0x661169f8c7fe4d409cf7503355d46aec310dc38f,scam,100
0x8311959a608b0a4a55df256fd7d123d89207d925,scam,100
0x8f263ad0ffd2aeaaf33aeeb6e689f1d7e6bb4dcd,scam,100
0xec2d5cc008ba6d2237d33ca9cf74b684737fcae8,scam,100
0x633b2b8699d03f94e5b939babe2c71e7617c7055,scam,100
0xa12eb2fbcda7512a918c59a853988c5967d60c08,scam,100
0xbcab88bed5b6aedccad6c44ef6e6ec1ddc09cf6c,scam,100
0x35f5c0656a70303f1ce82cdee9c00474be5015e6,scam,100
0xb523b228ab936ee3e25c68d5c65bd305ad5f7a69,scam,100
0xa9be676c0cdd18d4474fe4f6c4868df98ff410f3,scam,100
0xea2d88d33d73e5ef4341c2e9ee42c6820effcd8a,scam,100
0x5a167ca0b70482bae7004b3a7cc216af7149abcb,scam,100
0xb424a7365ec66eec119cc5caf80c29195951c8ee,scam,100
0x1f59bc7b5a771b46d40264facbff37350fb5de82,scam,100
0xf855fee50a8915634a105385cb6cb9e442d15457,scam,100
0x41653302b65b7a7422fd7ca692506e8936a4acc2,scam,100
0x2d952899145db489c80af7e493abafb66e539b1d,scam,100
0xaf6f1a4e9e65d74d56626b5af382c902240842d3,scam,100
0x8519677635c22ef62599bafb9ffa2b30f0ed069b,scam,100
0x309d92218640d631bfc0ea7feb7c95bfd69b66ac,scam,100
0xab6e1246ab70c4854f964635969365ad241abfff,scam,100
0xcaee0cfb618111256a155002009c9471f9c26a5a,scam,100
0x7175ce963017307f6e57ce89cdb29a761e25abff,scam,100
0x57c4f08813e9359dbc60d75566d5310bde7aa3af,scam,100
0x4002ef45ed6eb19966182bbc78ba7b83efeab1ff,scam,100
0xdb962267088658d1a9f9158a999044e575a4ef56,scam,100
0x068d4b395064c94883b508fa2eb75b9dd08b5e4d,scam,100
0xdd65fe1c183ee979cc33e1ccff54b1705fe5b623,scam,100
0x41ab70efff0beb5007689bf96980f230b8e49f0e,scam,100
0xbe4f201ca79ad8961a35d0b96be2ff42445a7d8a,scam,100
0x09dab87809149b6bd4d6c890903dabaac2cdd824,scam,100
0x0b7259cd8d10836ef3f50e3e88cb74bd7310a458,scam,100
0xb92686e8518a3b8af402272f1f6ba08db9c56fb0,scam,100
0x44e41150de3b6d11fcd438f8220b6103a671f77d,scam,100
0x5e773419229ca8d5f55e2eb5f7319f1314a90d27,scam,100
0x75d615c9fb67e04c215049979ea8015b38656de2,scam,100
0xfe68de56a07cd3af0ec40c22b0193115ecdd0501,scam,100
0x13c94c666cc6c453b2d6b4a15a2ab7990cfefd91,scam,100
0xe7eb3ddff9591915e65f06bc4cda8eee0224e461,scam,100
0xde4d569033a24637079d343bd09615d80b5cde59,scam,100
0x1e0fe8686850afa01992f5d5611d2d908611933e,scam,100
0x9cfad3ddb521c6957c08d57053c4e18474ff078f,scam,100
0x67c4612b31cb90e6215273346a7a61f74e3f2c45,scam,100
0x0ff1ead12712626dbbff3eec2e5d819bdd25f8e1,scam,100
0x72e7b8285cb2156ee05cfcc8a4f11fbfe4af37db,scam,100
0x1ba10320062103ef36716bb888e739d41b17eff2,scam,100
0x234b086bc79c117e0738d9103cac63bad63d918c,scam,100
0x3e20911ba5fd152cfc55ddd18cda065302fbc516,scam,100
0x6ddd9a6984ab3fffc38999de5ce7339ea2247a79,scam,100
0x36e1f590272965efabf6695a9c19ea2bedcdf202,scam,100
0x8c810a2288db4e471114db6ce7caf342fd1d8f02,scam,100
0x72c5178b5b75eb8da5bce85698296e50a297f59a,scam,100
0xb568664947b08ad137facfe95de47dd9ea18174a,scam,100
0xa8a5ed19480307ee8baae86a1ef5c97efc1d3d69,scam,100
0x58520ba3d9f9cefc67d43a35708d2bc307f52177,scam,100
0xc5ea8fec1b6487087fa862bce574496ef0d4ce44,scam,100
0xb76edeeb8636dcddce53914dcbc7f743a5bf7319,scam,100
0x7b4952e2cc3bfcd67174e5543a4af80475249fcd,scam,100
0x7f2b4801c338a7b3cc322bfaf151afea8708e8e0,scam,100
0xef44179038f46b139bc4b8f7e73e479642c5b302,scam,100
0x68575080a10c423406b29b44338d2be54237ea15,scam,100
0x2325a39895d2ecc7008f4928039fc62cdf93172c,scam,100
0xda4f3dc225f81464610d7627ca648956cef19b9f,scam,100
0x7132e511d992526fbba1c8aa7560574e2ab3d828,scam,100
0xc5c23e6fe876da974a68c66d13f2864144695322,scam,100
0xe7d9ea858d3b7045d10715f2ffcbb7a677b17e8e,scam,100
0x639495fd408d1202ecad1beee9e6a1818db38fe5,scam,100
0xdc45fdba6db6ba5ebf7699df07c118312cea9422,scam,100
0x9ced4ac2fbd8cab17cb66defc6958168256260d3,scam,100
0x2b3f20856ab44677ef8efc88b94f073a0b6edcef,scam,100
0xd816fb91c7688ecb56a75757af3631821297bc4b,scam,100
0x6790d2874f8e9762cb96cd92dfb8a7b91f8ff440,scam,100
0xefa23495f603e9124d0e1c812a02c860a36de084,scam,100
0x79a67bf93a451e2092738d1f1811ca856d3b3ca0,scam,100
0x83ec4f152862fadb861c3d91cd754045996d4c18,scam,100
0x7ac9334686f49da9a22e02ec7808550b1a9de3ea,scam,100
0x5906ddb130765676167e231c3474361524e1d479,scam,100
0x48786ac270a3d9fb489134bda7c19f81397639ea,scam,100
0xebab69fbf3cea1703c671e1df840a4a032e74c0d,scam,100
0x6af114154a8850b1c54d48bd9103bdcdb420611b,scam,100
0xb8355672ee41fa8a54f7f6099349f3b4659b4f53,scam,100
0x7bcb6746ea9e9fffe745d0c9579163ced310b717,scam,100
0x83d09b464fa429a80808a0dc1ee9691e35971908,scam,100
0x9a243375eea7bdfd991afd0ad75c12a8fbeb0573,scam,100
0xac3f567187ac6d0b0773a27147547a6132abf304,scam,100
0x986811332723ac35e0e96ff6611abe5661495dac,scam,100
0x95329718d5c2468c85fb8aea0c5a0f52c0c78acf,scam,100
0xd793e454785c1891dc4f54ba82fa87edf6bbf2e7,scam,100
0x2463f5441b401e02513452d849346e2a8389ecb5,scam,100
0x8e8b88715c5ec0b65321aef47f30b84caad67af2,scam,100
0xd362c189cb0056159d2fe22bd8203e26579f620d,scam,100
0x680d4c17308d5879ac02801404e82d1c337c43cb,scam,100
0x44e5797b8af9d494c51db210d48f7163d4f380b7,scam,100
0x1dde1c4ad966ca4930ad47537e473c48ea5182ac,scam,100
0xd3337eb6bd7809f262f3926f698ebfefd5e93c3a,scam,100
0x3f8f179e7cae4534ec5374c007166f107f333a09,scam,100
0x31504200fe6cd4f91d16ad05d178ec3ce2c5809c,scam,100
0x0fe956d44a30d4f02128983897f1ed1fbc6e8233,scam,100
0x526c4905899e46301600fed2a217289f34797bec,scam,100
0xf39927f58a9cdb1d0130118f603cd3c9c4c48435,scam,100
0xc12800285a5e9048913f64cd2b0722f7cadaa542,scam,100
0x2d0c9c7d0634330cccc3a16e8264e3343ca4f739,scam,100
0x0815461a9601682d901f087643a2a3a76588700e,scam,100
0x139f81164bf849bb0e4566987aef2a4a46c7484e,scam,100
0x016cf0887fb6e1ec7bbfa2fde621725d2a471a88,scam,100
0xec1f9fc70092316cf8caac76f97a7760e75f2899,scam,100
0xc6a9e5e218123275854f6b8fc3123c8c98d4482c,scam,100
0x2492187a69d486e7a500a3a7dd441f034ce6a158,scam,100
0x92d76694c74d5f9336fb16b8b3b688873a72780d,scam,100
0xb507ebc4c6b65a11502fe5f20f8ceebc7e155fb4,scam,100
0x1fced426bc79364a6efb946fb818b5ebf1465769,scam,100
0x4f00b95c625c6d6ef72748d78c750fd6c84a8b85,scam,100
0x152f0872a5c75f6d82f0dcd92be82468a3c842cc,scam,100
0xb336b6b849e7e1642ec82c8c1be035d1152fafa7,scam,100
0x43cf98ba087636bb081a207cda5ba3c04ebd6a22,scam,100
0xcf104286820fe18cfe98a6c57bb0732a4606c81e,scam,100
0x2a3f72f7f5b7d57f6728fcbd093a215d4afb8235,scam,100
0xafb0fa4ff7c3eb798cafaaccebb36869f911a263,scam,100
0xd4364d515103170d47149bca6512645ccb981069,scam,100
0x6617253bb43a0d112ca065e5d2f86507d6d67ef5,scam,100
0x09637e9263d7492230c2e866c5e0def90e67c2ef,scam,100
0xd4db748e560f50fced11bb27255b45fe14366f00,scam,100
0x2c06857c5c721f173347730c388ef07530b26556,scam,100
0x8d1f7dd34fe84ff8d981347952ab34d797001b7c,scam,100
0x479f9248926e889f1f0e826716b2be282addcfa8,scam,100
0x2f285661386ad83f2deb62850fb78bccb4ce8a7a,scam,100
0x93d0b9e683b88fcc85b6788154282104b9fb85be,scam,100
0xdbb7241c87bfa190b0201f552c5ee4d2019f3866,scam,100
0xac708e2243b79ce143fa02d097bee55e5dd589de,scam,100
0x6f41ff797795cdb4f8bf078999148ee22df1963b,scam,100
0xfae752581b9fd547c1652d7a417efced94abd9e3,scam,100
0xa63463ea7c55d99bb8896852764fdd57c71061d8,scam,100
0x1a52c0ae2b39dbf85e3f67f95d0f3075611a003c,scam,100
0x57e47ceeb9b5bb9750eb54f7e0469f710a5fafc8,scam,100
0x80542b8f6e61668e2f9a1a57a680d356b16df7c7,scam,100
0x1ad0d0c821453de875f026a5f438e30d4a3dac3e,scam,100
0xf8423a06f50048de43101713692f5b80ff9d6e28,scam,100
0x33afdd86b694d113ec4f8f1d55a284ebabec6081,scam,100
0x77102c05890ec691c86482883169bbb55746fd3c,scam,100
0x8d8ada797b018d60fb2c92a238983fa6ace56ece,scam,100
0x7a27593bacf900e67a5b315a907a8fa5396e5c91,scam,100
0xa3f209350617a096d24d447b9dde788d1437ae87,scam,100
0x6ab217af622f676a403de3b7fbf75d5348aa480d,scam,100
0x3e9da7727830f8c48dafadd8246069c4481e2ace,scam,100
0xff714f17dcf5d9db0cc3b814e415ace61f6cdb09,scam,100
0x9205ddb511303ab460698085fdaac7a81cbd93d4,scam,100
0x2a1c3aa6d0a1fd21a74348dba16c6abca1c88914,scam,100
0x747e6ec6e82ba72b9e7543a5ae68124131e5fbec,scam,100
0x5a00e1496e19bd2984abe043d6681655e11d3d00,scam,100
0x3709066f0b665a458bae216996e58e39eaa4329c,scam,100
0x75ef5d2f364a605aaf4358f0336532414b97b1b0,scam,100
0x64bcd7c984c269aa92f7357f7991c32fc0f937d8,scam,100
0x2321f6993600859eb1be90f423cabd5bd243fc5a,scam,100
0x42def7491f2f80d478529eb0ae643e86b67f8f77,scam,100
0xaebb072f0d6a85e2ce7a56a9912cfecc118d9917,scam,100
0xdb543f5bd65ec311dc4b27b1f9865b2fb370a17d,scam,100
0x1cbf0fe18f936d6b6e721341c63a7dec833c0db4,scam,100
0x0d4ef858c7f4e60021b42124160f2426e1597dc3,scam,100
0xd98849664d9fc4073041dc632044794d1e6f1a8b,scam,100
0x59f698abe43d2a9eccb2e93e4083c35e8bb34363,scam,100
0xfa76374a94998d7343f5cdd0dfdc67e0c01d0471,scam,100
0x613114d86a7cf2fbee00d1bf9d747052ca06763e,scam,100
0x472fbf5ad1b3a2aad3976e4c1c8c087a343f3e9c,scam,100
0xe84774afe41f7d76188cc78605d50fbd677fa1d3,scam,100
0x9a8f9ce80390d030a3b26fc6f09b807f7b76110f,scam,100
0x9d9e3b1f8762d383b907428fe2982fe62a7a8022,scam,100
0xdb2387e1f6b6ff6df446c7171f533feb403433c9,scam,100
0xd59778e84e8cafee320983f410c9b74529ee9f72,scam,100
0xf49c37176d79865a38d94fcc7ae2e148c6f2bc87,scam,100
0x7031195936cfa10318c33fb6f52b6bfa95e338da,scam,100
0xf7b7fb25b2746814bad7b25587b6a8c0bee6df6f,scam,100
0xd0c50c8d499967a15fcbbb23e0b9f58b8358f329,scam,100
0x444381cf371c588df43a8d2265c2a883bd6445ba,scam,100
0xb15882a04e840946cb12b41bd070dfe7b1486f93,scam,100
0x62ade167ca4632255498550ee748ea24013695b3,scam,100
0x2a226ff47f726180c172b31683318dda5509771a,scam,100
0x65a27722ef037eb23fb85f50852c849de79dd219,scam,100
0x28f4c90197238494d309446c277b2ca93646e88b,scam,100
0xe2415ca9a072c5fca34115f03d2e311fb52cd7e8,scam,100
0xc9465ce086cefa466542036594c3be4dfc2790d7,scam,100
0x9b26f73a3a029cd5f4dbea70d9ef178323b7e060,scam,100
0xf214eac4f122cbb4c2becf302c57499364882b2c,scam,100
0x12962ddd4005a0b20125c7380f28bb4589fa0328,scam,100
0x308bf26872d8b07bb1559d0908c7683e65d61d5c,scam,100
0x38b0d053d47c3d734c9491f61b48b90ea5e70fea,scam,100
0x4deb56b40298ef0e02ba19f0dfa8cc83873f5267,scam,100
0xc2b25d3fd72293c3d5572c749cb8d3213ad9c6ba,scam,100
0xdff06e603de64027cf0a6bd602ca0fa0d88855cd,scam,100
0x2ad8c6ff0f46dfe296066b1643afc04189b4b142,scam,100
0x412810e8f4c2a46804ad9acee2de28eebca4dfb0,scam,100
0xbe2cd7e5a3fbc9855bf501a608d0fd5791293119,scam,100
0xb7686c343be859d7875f8d6bb7c228858e229b8d,scam,100
0x7b74bafa83f5f251b41ecd9b626ae66acee65cc2,scam,100
0x509d0e1600b0723216afc6fbdf58ad779b41e09a,scam,100
0x949d820a68121c5a37429193f7a51aa0e0161ab4,scam,100
0x499068f2b6958a9f570e9ec49e2ececa147f65e1,scam,100
0x968031c8f88cc76a9acdde4809a1368b951f122e,scam,100
0x8fc07640bcc475aebc70fd8d3580dadfcbb51f74,scam,100
0xd852dd6ac9655fa4833d0ec09a6e3d4a44054870,scam,100
0x022154d3816a1252ed0e68c98838694bfcd98be8,scam,100
0xf85b886d39daa1e674fada50411c6dd7bd7fb14b,scam,100
0xbedeb206e7b018d8177ef83b374709e277d6ddb9,scam,100
0x68aeb47c7cc58b3bfb86c88b4e77ccd3dc269ff8,scam,100
0x608c6f2d1c4531254d296dea32fbf981ce1f2ee7,scam,100
0x9ce3f3539f400ba84bd951eb57bc788af730c628,scam,100
0xc75dd862e11253b3c945220fbfa3c52e78dc0b73,scam,100
0x77542dc357745aabaf7e69b97d55c24e563f2800,scam,100
0xa66e7cd67b09a63e0f99bb3522be38e5d511d6fb,scam,100
0xd754b5bf41b84bcb49cb952f858318640abc60e0,scam,100
0x97978862f7b98ddaf2778c71d49a63a69db6921e,scam,100
0x95a85a9e13c096bda41ce0cdf271885698142bd5,scam,100
0xbe33aa645f0cd4bdc2c763faa4ece9b5a6455bbf,scam,100
0x9ac875126f733c3e8b58d1f9a14eeb38facda757,scam,100
0x3dd5583f3c279d9a3db52252b216d7f3f27e8880,scam,100
0xca8acc281e66b29b073b281b5b15f0a6d8d19c17,scam,100
0xc31f6a5d3399b32218798aabade62f1cfff674c1,scam,100
0x8328279baa90debe686b29a2948c7fa636cfcd2a,scam,100
0xa3b514d5050bfda56ffe5828d6ee9d26c5161bcf,scam,100
0x0e34ddd9e27b21c1ed612cc365c42bcd6a7a33b0,scam,100
0xdd52cd02e383b7193426f1626bb9c33110af2148,scam,100
0x83ee561b2abd000ff00d6ca22f38b29d4a760d4d,scam,100
0x389045fa0de32b991fc6138acc12d20f44b0020c,scam,100
0xa932adac459c11acd3410311aab20f377a5f28e3,scam,100
0xd67e205a5b7a5d82b86afbc59f67f74a878d1e68,scam,100
0x46de1a9df7fb7c8bdd3a5eb84789c1770975cc78,scam,100
0x63977ff2eeb3299ff3c7774c2dba40a59dd1954f,scam,100
0x95cefd76a0c342c1130770d4db010926c5e5ad03,scam,100
0x7a287f96bf93f478626db0a5e67a24678e390ecf,scam,100
0x00e8b95224298d3a9d14f4982b56f53275431f57,scam,100
0x589c31cfc70994cced4bde6325b5cce166b7caaf,scam,100
0xc51d701b7e392d32a11f7b86b3fc144fb12abc55,scam,100
0xddebf00fbc27f7baf0bef3fa3665473eec46bc63,scam,100
0xae65bf5bb67a7ca149e92a642fc61a72448ec292,scam,100
0xf76cb4b90bf22608ed667f8b2333d7d87f12c8fb,scam,100
0x67965a9af69dd4fa9d6a60ff55d5bac6e453e0a8,scam,100
0x961834dfed8a283260a29315a460c86517ffaa8a,scam,100
0x0f85f56b4b89d66e18656337f0e7c98499348302,scam,100
0x30dd4b66f6023e5896c066f82dc7628740a5aee3,scam,100
0x8111bae586883ff07fb7b2c0702c3e95bf03316c,scam,100
0xc4b3549c236da61e6739f705775021a2ffee857c,scam,100
0x11e10485a869018ffa4ba093e4af2b461a4e4697,scam,100
0x56f905ce852acbf644c79f732671f62c0fc2e519,scam,100
0x1f627eed155c3d55e32ec15bfb82b2a5040abc96,scam,100
0x7fa93cd2c95a3f93c8a20d3f2d1825f9f14c81c2,scam,100
0x2c25484678beffa8ce2bec715f830dbcf40cfb35,scam,100
0xbd04997b5745b19fbaa3044021cbb2fa336c2f61,scam,100
0xbb8e57ffb8c9d6fe5707ff708d4dc85e9d28d61b,scam,100
0x6aab4345110ad9b151bf1ad604c723b29612ea7b,scam,100
0xbfdf85206d9a634b71fedb8b77bc4d9dd9c4751b,scam,100
0x7bd53c462ac3ecfcab4fbfa20711784bb436c2cb,scam,100
0xa8c1eafe28d48608161f545dc22a805fe772a056,scam,100
0x0a5650aba6473c48898f3d9366b52c21a4eec37b,scam,100
0x3e4af2751b931d5e697ff274f18e823fed351b8e,scam,100
0x73c5a642d0ac80d4033f6782d42bb377d4eee2fc,scam,100
0x980f5a6eb12b876beab1e9a5720d73a2416dc237,scam,100
0x6485e2e2a62b8b1c9c88476ec8bb2a03a2b70e3c,scam,100
0x672215a018b8151c355591a4a15b8be240539bcc,scam,100
0xdd9a314aca28a44ec99dbb6962a47b33c6112406,scam,100
0xd93ed2f2acfd0e7d3df633533dbc4652db923d87,scam,100
0x022477f348a8b75b35fc8cf055d3b3d8a577f514,scam,100
0xe96dc06acce83e39710bff94711c3f2b7e8a6718,scam,100
0x9e4e6cfd41adde2ec74b6a45c7bdd547189850d0,scam,100
0x9a7d1e821563dddeeb83ddbbb50d8293753c7a2a,scam,100
0x8e6a74fdf25fa674890a7cd96448491a5247f33f,scam,100
0x8ac31fe1c6f5d1a65287379267b2d10e2d6bc52f,scam,100
0x2df0dab68d148c53b9b1666f8dc044680860d2e7,scam,100
0x327c697c7c736964be8329fcb89de911989e4cb0,scam,100
0xd1429f893ad958c1a452d9bb91648ec1a82c56a9,scam,100
0x47b24b63c9cf3fd57dc96aab6b8b46e4c5b74008,scam,100
0xf269ebedcc1f430c4e487bd6218c33e86616f99c,scam,100
0x93297b6c882a3bc1bfb1f6ee0e56295606e443ff,scam,100
0x7f0dd36f14f21a10f560caa3d7567f483613baaf,scam,100
0x60c06b0588b93557258fd0cbe23eefe259a5ead3,scam,100
0xac3800002e45ed2e1a55dedfa2aca137f6dba61e,scam,100
0x7af1d63d4f97f82ef6c1957bc579e3be67b25470,scam,100
0xc99196b2dfe705fc7200f3a942803f8fb03898ab,scam,100
0xa1a76daf52733ba9002d74f767196f1eb337d219,scam,100
0x646f6e00f62a0bfa8f3050eb7715a57c551c0c56,scam,100
0xa11bde49514da9215b0b26ce5f0e65c45c8632cb,scam,100
0xd1a64a4486dbedc49b4c361e6aab35a3c6d2a796,scam,100
0x6faa99b46f56ddfc03d68463551d3c4fff33e9a9,scam,100
0xb8258bbbce4d987bf98c5df92775ffc3def94702,scam,100
0x55e22446d5e72f76532d10aa887842387e03920c,scam,100
0xb2fa335594d7a7e5cf9ecc5282b151171662c029,scam,100
0x9ba3833fb2d7a37a4dcf2f58c3f43ed7e397a45a,scam,100
0x5aa66d34a811cb6421d84026705d5de5b6519bb4,scam,100
0xcff2768ae34144cc2a0731707d349e55d39451e4,scam,100
0xd99eb63c5379f099d1642b2bac5a3e71721287c4,scam,100
0x8e80556f11b8b96e99371c8f8abdf85b50063356,scam,100
0x2627d332d0dea9140b43cb5dc102effdf16ce9a6,scam,100
0x45f376a47296d659f3dec8f435f35c825d47ea23,scam,100
0x91c5045dbed2066c8e68dd023329f6885a6540b0,scam,100
0xb197af2df029e3367316adbea2f871fdb011ccca,scam,100
0x2196c848b8b51a90e8e12d3a18fd5741f4202301,scam,100
0x02058ffc151cfb538df97c9ffbbfd0319570f091,scam,100
0x93574d7c405717d80520944ee1cb72d327b01df5,scam,100
0xeeb25f2ced8f964dffd6c84735a4779035f6c127,scam,100
0x00000e32e51011e28958d4696627c82c3dacd5a6,scam,100
0x5c724bab1dcd608e4f5c24d51b3fb385ebcf2314,scam,100
0x4e534c5bd589f74cae608948722a3828e138ee17,scam,100
0xce523e323fa348bb808c7f81bea3ffd0edad2afe,scam,100
0x1736f0b82d21099375aa67548edbc9317fc5c529,scam,100
0xc43c8d134a61c71e1b603b875a0396533dfd9a2d,scam,100
0x56490c48615f663cac98a1f01e22a2a052536aaa,scam,100
0x477f32f76563b1a6a2a53a5429630ea2b5248f85,scam,100
0xe5ff1e2c59ac12a192ff0ef8203458af80d6b42b,scam,100
0x91043168cf5c256df824038f1b7200eb7a5ab90c,scam,100
0xa62cc0cf8bac638cdf0839ffdb0aee05b4cd1f2e,scam,100
0xa7582b4e94b2b4be7c4ae4bd3760f2c3fb11cefc,scam,100
0xeb758d4205292dd70164e2663c3dd4d13ec40506,scam,100
0xd1617d2259b8c5ebf9ae336c34b48d0b4e173fef,scam,100
0x576a0c5e841e008d8c9cd760ea9df5e2ebe1544c,scam,100
0x6e8b5a4f3f536b7b65d4b46160f2fbcbe0719caa,scam,100
0xe5e1191f97025024685ea26567c4cbba370405a2,scam,100
0x62367399903ccaf191293fcca8651b69a036f7f4,scam,100
0xee18e156a020f2b2b2dcdec3a9476e61fbde1e48,scam,100
0xb20cbb9b3272a98e2b3d3a734d87537346b21fa6,scam,100
0x0f38daecb3fb7b87a8d3ed168822c1bc53e8202c,scam,100
0xcf70c00655ec4356005983420b7adc866316713b,scam,100
0x1ab45960fc7c38b5087d2b930a2321b01c2f3ceb,scam,100
0x981300144346690938f89761ae83f27af4bbacf5,scam,100
0x35ac10fa8e4b2af244118dcdedd986fda2609970,scam,100
0xdcf1721952a72184a23d338c050c71f7dba754f3,scam,100
0xed38e12f2a6b19c544d1144ed306b410070b8ff5,scam,100
0xb2b5745a79c63bee51cc01c035f87a2f0faf69a3,scam,100
0x03bef4bfbb4951c7ea53b7124d8dbf6e33d29bde,scam,100
0xdb9a0ef90ff67b9d0ae480565f7d576f0fd52431,scam,100
0xc3c592eb862d94567c14360edb2ce78ed5769a00,scam,100
0x7b9fed811b80b9f089b5e578a20acfc48aca8b20,scam,100
0x2bcb5e087a59a8cf8d96969ccb8f85c4705f20c2,scam,100
0xd719b4f91e57d13f61f4b2fe0a10ec0de64ce02c,scam,100
0x4ac1a7bcca0a3276fa0d03dedb2dd4cc4bfe7faa,scam,100
0xdb7faf0f7b587235efbe9b1142d43347b6c56c2b,scam,100
0x0fe39ddb5875d72f190bb24e2b1bdba711de7fc9,scam,100
0x0875c0774494a3cd9a2510f19fc5f2d5bc05b8a8,scam,100
0xf602b115f20835267d59200841e15ad3d3aa4061,scam,100
0x9736b5344e12be486e344bff3087922f90b18e3a,scam,100
0x2121670ce3b1e5b90b423cc44fe34a4e1fe0cf13,scam,100
0xd68ba2beef81a89a20a4de53878b93a4bea657b8,scam,100
0x900751ba196fb70f5e5c1da7d9ca07c1ec9dd67a,scam,100
0x00dbc5d9f5c3cfb4f9f889ad0bf20650a21c6c39,scam,100
0x0d5d6005fca3d29a3c494863fecc6b0359786e30,scam,100
0x8d6d3495294b6dd0dc4ff3bd93a5e1b1079c2c35,scam,100
0x8f4ed737de54707c452b1a6e55df3b72fc41c9f9,scam,100
0xa1401dcf74f3c15df9ddc87aebccca8d9f446255,scam,100
0xccf711e5634d4fb86a8226fa5eb1093fd82bedda,scam,100
0x8c97da5398784b38204dfa9ee4931a8af7f83b0a,scam,100
0x231e4c0166e24efdcb4c428d5feaff73df7351a8,scam,100
0x91e159d55e1a1f551306194bb0182ad5c2ff3389,scam,100
0x9be62ed7428bdfb9aeca9098176ec2a0f086079f,scam,100
0x39b6ce3428068ce97db218fd2f8df6909b331308,scam,100
0xbd1c7f0bbaee63016fd2088d183eac63e23a3bb1,scam,100
0x1b3b93a9b0a43e33da2726a3f41caa71e0ced5d3,scam,100
0x94ad5c97933753e649feab92b9a4ac660f2a5e05,scam,100
0x3a6e47fb0ce7108be8f1915543f8435ce0eb2069,scam,100
0x9f405a998dd00932da103ed53c07e4d21b4419b3,scam,100
0xdcbb7fdb47112d85de6ae2936d0542c9503da58c,scam,100
0x9b4a4704f8a8e26117f8fd2b0fb1a7479aef95b1,scam,100
0x6741ea97daadff57309b7e158bc0e46219b60e84,scam,100
0x413b55de043c6b0dd99edd77d10d781af8e8e0c2,scam,100
0x986867aefcc55f1bd95f3b4ded189eb96c36ad39,scam,100
0x3681828da105fc3c44e212f6c3dc51a0a5a6f5c6,scam,100
0x4d8d2481073e823d3d5569f2ab9c368c857344ca,scam,100
0x95b5c8eba4852fcf62decb4a158f727cd78297bd,scam,100
0xd4b0ee0176c230693569dd759a8a3cc865079d1a,scam,100
0x9dd2d51a38bf69f9f91499fc0ab019e7816dfbfc,scam,100
0x70d2aa8459fb92b862e7806ef474a9ecaae6c176,scam,100
0x3ddbe3a3c7a320612688352effb5ddc0bbf7b5ac,scam,100
0x770056dd0c34f3f33f5bb55f2fb4f2199c41ed8a,scam,100
0x1a8aee5d4a8ccea3fb1bf87f75d7b2c1c9bf1f53,scam,100
0x419bb81f26a32f4f7fe08a72a700e446aed47ce6,scam,100
0xf01d89110275b8d93e27cbcc9aabcce74126195b,scam,100
0xe078f809e7c766acf8666ab94189e3fb86833458,scam,100
0xc440015b2311b109949309a81624fb4dbadecdd0,scam,100
0xb5c06ce49d0c63211e5d335cf42ecda5c3f30d8a,scam,100
0xf07560e172912c8b52871b0579aea61481020204,scam,100
0xf0f000bd853111d6f2f8869368df4599b0bdc9b5,scam,100
0xe483245b181a6b09a27ac451a77f22a6cf84f704,scam,100
0xf52426340e0548a8d58b970f2283e22c1bb10f4b,scam,100
0xc909b536c02c21db282825f4a9d2018448460122,scam,100
0x3adfe5ce233fddf99bc8525c57f89e20fba5a302,scam,100
0x87ce21cd1447bc968009e03d4f0ccb7752bedd13,scam,100
0x5d9deb46b83db127c092f71138b72326eea6fb3c,scam,100
0xbb53be0690ae7256833099a1f01125eb33445692,scam,100
0xaf483a73ec5c166b32240e6720d8f028c56fbc8a,scam,100
0xb49848c55cb01123411f7b1e73b9b2725aac9db5,scam,100
0x9a56ada62de0a0986210a4e4f85d4f4f7929d337,scam,100
0xa78ec860a66a3a676e767e3bfb3ffbea3e7efae8,scam,100
0xf8e273816910007247f37ee0125ee94755f5db56,scam,100
0xfbf83d7b29c5286b4745513b6a02279218dc564b,scam,100
0xa77db707916adeff81042ca57656931ccd8f428e,scam,100
0x964432e4cfdf1463167d21815bcf9463cf19ea49,scam,100
0x631887621d2f1b1189c6086979eb76cd0457bafa,scam,100
0xd4342a22d8c294f792234303ca9167a4751ea9a3,scam,100
0x7b53d9590dacaa8edea5e978f8d4e68a0db06515,scam,100
0xaa0ecc96571b4239f4d0e350e2cb4633db6ab298,scam,100
0xd3cc87f9070e339c099f01ce4c499bde2cd90f3d,scam,100
0x0111a93692b5ccff5c4b006d88d82664f76dfd21,scam,100
0x48a421a2905fd4c021d075ec049d1db2433242e4,scam,100
0x5653b0a525a73ba2376e7f97e50b96f5f01531cf,scam,100
0x389cc7a509555511a9b54ebdd3b7ee10348b8c8f,scam,100
0xf61d36a410f347c9fd14c7f0f169d04223e187fb,scam,100
0x80e23a71343df6320824788b0466d05fcd679da4,scam,100
0x1da02ac05b1fd3e97593ba2aae920d772727380b,scam,100
0x05e7e06774ffeade0e77a7a58e8a16738f30a2c3,scam,100
0x1e5c3a25a478cb23de3843f518582956ba1d2ac8,scam,100
0x2b281df19308645a24effe2f4873143600f02155,scam,100
0xa6f75494c0fcde3a6abbf4c313103bd5759d3e71,scam,100
0xe55e8106d4be6887d98774b464e8bdfc38ec0f63,scam,100
0x3d8bbb378e54686253af6803efe4cb0e8e301422,scam,100
0xeff58c33efdf42770942ee1c66648db97286c383,scam,100
0x6456b53971924d797a1a05e36daf0d3125f16a32,scam,100
0xe37a8a7e0f5d9b0662116d820914fba7b5e4c2f6,scam,100
0x2a57f63b0b0fc2ca8846229e597c52fa2cd68432,scam,100
0x6d133d7541f3368c585aca69d018126c7bbc4467,scam,100
0x23f345e3ffd537eaacf3da0d59a511ee5f1c5717,scam,100
0x45ae2dc5af4337900b2dfcfaf480d8036ad5df75,scam,100
0x646cb4fac8f9f5b86deda2757eaa6d6a4c82f793,scam,100
0xceb3f016e6b1cbb5b1ec599cdce90bbbb8bc7664,scam,100
0xcc2754337ce2e9f5867e5078354d2b1e59a2b6ba,scam,100
0xee4a42bcb8efb34e4b8f620fe148e5f07aa4e401,scam,100
0xfdc328f3f978f65bb9038ad2d6b8079bf1da66f9,scam,100
0x343a88ad3eb8c900b0b3b6935129a8bb0011a5e9,scam,100
0x4e87016fd144e1716b9985afb704fc359d243a4f,scam,100
0x9e124aea1f0911bce46004c2f231b529c173477a,scam,100
0xf499223672c6283759d7a4754891ab67a7ce09f7,scam,100
0xed636d9c72ddd657fe6f74ebf2220252b3904994,scam,100
0x1722436730afa8f9a8a564289081d0f015d366f1,scam,100
0x0c3125b6a0f973249918dc398379553bf4defc04,scam,100
0x6032d639e634e788fce323b316e06d18194f99a8,scam,100
0xabcf11ac565699246469da805af47975b883d792,scam,100
0x35aa21bbe598bb7782b97a6e3d1676b8d41c7a48,scam,100
0x39fa19f4597f426ff743c6bd1da1b9bde70884df,scam,100
0xdd96b3607afab6266b7518b3c2ad47e678716879,scam,100
0xe336327426b8f95a5f5eb1f74144fd9065069c28,scam,100
0x23471dd00e1c1e470daa920a4cefa35b89887c13,scam,100
0x2abc2ef47570531d026b9d8b09defc7f2f2330aa,scam,100
0x421df188acc8adea192c0511e3ac0a5a8ee389e9,scam,100
0xe3b4ffdd5995f8442916dc8101ddd22c983f1198,scam,100
0x45978fb0fe38db2e4e54e866f9000d5f8d3ab7e9,scam,100
0x7dc6037e4f84a44f67356eca1825fd5b97fae74e,scam,100
0x74f772d9887a0adbd87ba53e91e3ce821d0028ee,scam,100
0xf08ad4086d2ef23da65cf1008eea37d1c89014ab,scam,100
0x14c0bc72b6023e3d8f8f2d37fad785bcc32d543f,scam,100
0x72736a91f746b8e0c446b32948bb7cd8c2f8c54a,scam,100
0x2a6d8021861f27ab992572d8689017b7a83c989d,scam,100
0x938fdac116de11faf8e682e93dec3c849895e380,scam,100
0x48298529042c8c0f2b6c981a65b8400713e64f7b,scam,100
0xb1575e4fc74d08101b0875d303e5dae515d909c3,scam,100
0x52414069b0af176210603ef8621d0b0d6b669e6a,scam,100
0x903fe18b6023db2c58623a39b064e7b3d3fd7740,scam,100
0x7fa4cbcfed0362516ab52c16d4fde35a72a5c829,scam,100
0x4360325de602b56f9ec7f9a88cef909f249d5677,scam,100
0x15a99893dc47bfae5b06e9b4c8941aaca60f8af5,scam,100
0x07cfb04588154b06e3958b5d70408244102014d5,scam,100
0x875c9a271eab0daf1f78d061879784a24c044b2e,scam,100
0xbf471cc7379befe3612cec5b6f24344415da4f24,scam,100
0x63cdd7f7f28727e6a5d16418c402073ff48b8e52,scam,100
0x1e0a8374a6c63acaaf4c020cce65c30e855b2b71,scam,100
0xc91293245b669da19a96cd85d40bb9c203359657,scam,100
0x85d642eafb5f15ef54852b57302040ab066ff2c4,scam,100
0xf6ce1549a57f39238b47569a4787e25e5d695d22,scam,100
0x62ee4a3c690c9660762c52bf1a232365c86c879b,scam,100
0xd1e12869f076f1fc88ced475144d372988bd6b97,scam,100
0x99947568fa087b633b0677fe4487873da4d43318,scam,100
0xff96c1a8cd66ea0db71908e8c6e47cb39baec608,scam,100
0xcdb26199db086d54f7b11e50ca4374b4dd9ce13f,scam,100
0x813bb04b3cf705fd42325f7c552e804a32fbb84d,scam,100
0x4a8b69bd663e6967a118456a30a51495bdba704c,scam,100
0xb0d2d2791657ce6cdf48b77a1e10f62e9b4ee74b,scam,100
0x73d6b01f55e81a48155b0174c1f1386f8a6fe0c4,scam,100
0x6e8e8be5b2ec8a60324336d8e2dfcd38f649acf2,scam,100
0xb9cee6fa32eb4d0c8f30e3cd335b72461bd9126e,scam,100
0xfc74fb0d5df08ec546a3da18ccc7fbcbe031f5d8,scam,100
0x9a4b3419f7e74ffaac61aa7ae8d345dc4b8f0758,scam,100
0xedfe1d963b32a89e05dd0bc0e8f595b4b9afb544,scam,100
0x556456a0c6106e8b5bd0ff08a199fc7ec500e051,scam,100
0xaaab7c31ab03a15aa60f4df217b351677e5f07dd,scam,100
0xd1dc670608c00e8e6378062b48ef5911b068ae3d,scam,100
0x984ac2891fbaf6a10038c25cc1ba20e787416cfe,scam,100
0x2e02b825813f2040632d41dfd00fabf82df25eff,scam,100
0x6d0b87b8b8211c0fcb37bf043c6f3204b593a796,scam,100
0x90535c2fbc15e9dcdd95d60dcc1f80321e22ec7b,scam,100
0x9aa722c9b6e63325797e1b2f8ff6873e44dd17c1,scam,100
0x233772b61331e4355c5a3acb1ede5f0793eb273a,scam,100
0x7b16e9f14cb9fd74bf254c620996c7f4750ab1b4,scam,100
0xf9c8c57fe9eaabc5dfef8a8d03ef308f2a28c91c,scam,100
0xb6adacf355031c10b4fd70ee7fb4aca88a7c216d,scam,100
0x8ca61e380ebbebe412b5787a20b6ecdf2ab21997,scam,100
0xb733a811edf703701d2403d8196df87306bed6d6,scam,100
0x05e85d73eaf6fef228294fdf867abba98552a99f,scam,100
0x997ad34840281d459251abdf9c90d9a8c6a6e01a,scam,100
0xeaa4b711e7c025899460b429bef1ff8155ba4c66,scam,100
0xfb03e59c83b984da0f6a5575b955541af28ccc65,scam,100
0xf0b53b0b187e576dbf17ad23037a8a293faab0de,scam,100
0xdb850d7dc1ade8ec00ce4269e732d3aa44286f73,scam,100
0x48dcc01a31e38e14f6a63846e371c6e9cb0c3f3a,scam,100
0x9849424a2f3516b70b56d70330c45c25dccb2c02,scam,100
0x839db3994bef8842c0809ab84996ba839fcac11e,scam,100
0x2c1df1d2b053e2bf89bb5251af392bc962326e51,scam,100
0x4dad23689bef624af5d1757a56135901c915fcfd,scam,100
0x4a8264933388e0f526fee7b5e2b8a9ad74d1a11c,scam,100
0xe3bbcdf129da8cf2b4e9c4950e343a693e9229cc,scam,100
0xa8b3c9c2a45d68eb435b5f3ef6712fa50cdbd996,scam,100
0x55782237a7e2fb8eb46c22e34f13d3a162286cc0,scam,100
0x775ba1603f538f462a287c19efb77b9a616499e5,scam,100
0xd3684115c5aec3736eb02cd835c53dcc7ad09ff2,scam,100
0x5526dc369bbe6b9b2c5e64bb368c1d3ccfa58271,scam,100
0x54189eab44661be1b081b4535c050230a787d816,scam,100
0x1ec6ecc934ec1ad85bb4b579cfc53807da435a4d,scam,100
0xce82f4195c47110978099f86d2b33a8135f71974,scam,100
0x4121cc82607ebab3f334e067f37fe2709c403bf6,scam,100
0x297a88c749273f2de6a378a6015dd624d993c671,scam,100
0xcd88045ecc901dd6e0beb11381d42c10429042b4,scam,100
0x8715e3e9cbe013bf54de58431a078a650b2ece1a,scam,100
0x6d0aef62e321cf1afb74a4a305f380d9f5c34c8a,scam,100
0xb997fcd0574052a26f68518afcb30fd46ef3f90f,scam,100
0x3bd49b98ffcc5f717eed0c9e78a276ae979de6e4,scam,100
0x837d87448df3e3cfbe1d613287e2c16d6e8a811c,scam,100
0xb6751b16add74242ea28131ae7008f093734e455,scam,100
0xada33957e96a59265345c75e9d4151dad5665270,scam,100
0x3d3337c3f58d6a09cee493a4111ff8b7df8ad001,scam,100
0x4e8f5917a0823a51206b8caee095b0995e8dc943,scam,100
0x798fb97bda4db2bdb5f75553f5a1ba73a5edcf30,scam,100
0x81053c561fd1e5305d05c651fcc2ae7c4ae2cde6,scam,100
0xdf7ded886067e693f50adb227cf5c0421ea351b8,scam,100
0x3786db0c02ced8434623b460781dbccd40b608c4,scam,100
0x002bf459dc58584d58886169ea0e80f3ca95ffaf,scam,100
0xef8e0acf5046d418c681d4b9c181a4332bd46e8a,scam,100
0xa2f3fda8cf36b1aba1ca8b006d991d82211c7a38,scam,100
0x7b433d46e875fe540b1ea2d3011113f1b400d3d5,scam,100
0x425e0406395243f087100c8f7b67c02217974123,scam,100
0x135a24a24e524de187efab379fc655061a67cbd5,scam,100
0x9852286460022e5151381361ba4271c7272cf966,scam,100
0x7d52327b12afaead317552a1e96bc55eb8e0e52c,scam,100
0xddba58ab70a50271bb73de9a2a191bb4f781e0d6,scam,100
0xc3cc3230d0c50dc3a3a8cf77f6d6fa0a618bf5d1,scam,100
0xee073abfca2ca2b2a15247401a12602e35d5e974,scam,100
0x5a27a79f5217cad7d95cefcce0ecd18a4c33df84,scam,100
0x4684d57d2fe38b7990d6d82760922da0928e4eda,scam,100
0x458dea31f89d70ed1923d414e4d4a72e98ad0a4c,scam,100
0xcecf09f9b5c6d4d7651cb83ec8522d5879a300b3,scam,100
0xe10708068c2c17b1d13ccd2f0b572fb737fc69c4,scam,100
0x2a1cbda9f24255ff3489561af72342871c06b7a3,scam,100
0x096c39ab4fa36ca74a36fe1f4767ff487762f0aa,scam,100
0x718ee443ffdf50b30a5e8226d4ff71e605c5ca7c,scam,100
0x821efcb121b9c646dc8d5fb61e9c8ee9c30ba9e4,scam,100
0x60e6a89060b325148fe247e9e1c0d090e2764ec2,scam,100
0x434e9f6a1ac134fda3e7ceb3fd67c3d9b3518737,scam,100
0xf94c71665124b46c2ecc6f364c6bc793c0ecf3be,scam,100
0x8e073326377b34d039f7b2cbb28cfccedd0b91f2,scam,100
0x1d4dce520b079a3e3d971eb0b93b1840baf989ab,scam,100
0xfd20d39244a4ff63cea5a6965634afe7afeaf23f,scam,100
0xdf1ec2e44a8b1774b068ecfc5ef1c937a86baf3e,scam,100
0xd36b818cc8be57aa48aaf4491b3950a1b5cc97ec,scam,100
0x0971be0b5ac80af27501cbe2936db48e6c2c118e,scam,100
0xae49d83f54aba8c44cc5195ead928b344cdca449,scam,100
0x41dd52240cf1a3a250ac57b112cd61d90f185cf1,scam,100
0xa6d1fcaba6a2cf4c38c6d9bd494d3c29da104158,scam,100
0xd6657d73a8e994ff83bc2761802456c85f966ee9,scam,100
0x7bed530a0c85562ceff547df75cd4cf70a5a5eba,scam,100
0xa2818e01a3aa1720ee87164fb81de1509a286f4d,scam,100
0xa6142413486c95e68e4da1c05ed85791cc727bd0,scam,100
0xf49787d8e47bf62d860ebcc84c57d456347aaa4c,scam,100
0x9af3bf0b0a117d3fbfb37dfc7fa67f9a645488fc,scam,100
0xe0b13c073e8173b06062c69a160ebb54e2af86c3,scam,100
0x0c5c5eb4c5601ea92bbc1cbb664c1e98f42d98e6,scam,100
0xc9f4599726b1dd12f4a72f8e3234fea79d4d6fd0,scam,100
0x5c4d6c7b7f7efebf6208e5677f652eeff9983b7f,scam,100
0x1a2893432d0615a0764a311b5d2a6062dc212c9d,scam,100
0xe1336320e4f593a79c80cba5d9f18f0657aff1c4,scam,100
0xcabb89cbca9fcc8e0866c5dc3ee9e4b368d0a4e3,scam,100
0x3dfffddfc0a10b27d5e697f5f0e319e18a9d6d4b,scam,100
0x52119490822a148068547d3d6198702bc1423581,scam,100
0x5304756e1d2fac3bb7087154591603adc3904c69,scam,100
0xebafd35cb6e37c8b95a2ae12caeae32cd1ef66f7,scam,100
0x0059b14e35dab1b4eee1e2926c7a5660da66f747,scam,100
0x6124f244fb0dc21efaad3ed8523d406a1d6e7597,scam,100
0xcf554eac4c260c456d548f00b8e72358174d2311,scam,100
0x0b001279e3324f22c57c88fdbdefe71ba183fbb0,scam,100
0x5fae64a5306672c79e4654873960b20611ea548a,scam,100
0xf34b357fe1538a67b88cd39b90c45ad36496dc39,scam,100
0x69ff68516cb36384546786243e1f314d7b9c7e57,scam,100
0xc25fed458cd7ee6948729fad58bebc640bdbcd18,scam,100
0xbad41e5412ebaf22b8ec127521060fd9fa29bbdd,scam,100
0xbe2706e85f72f16c7121a5c03d0c87184a97c808,scam,100
0xef79301402010f85b14ce5a931ab14e6de60bcc0,scam,100
0xeee82b5761c48cf895e3fe1a6ebff3be3704bbd9,scam,100
0x6194338943d1fb18c4399f042fe9790e4b80fbac,scam,100
0xcb07eebca7c8705da415ff23e64ac4d201f3a83b,scam,100
0x90b7ed2dd3c9a8eb82044ee2268cd7d8945eace3,scam,100
0xf80be608e2d2fd5f6f1a03082379f7ec0c9967dc,scam,100
0x20fcd427f514f06e74ea65cc1c45d962e0611272,scam,100
0x814e1158dec3d861acf78fd591cb377e6612628f,scam,100
0x830b99a1df212abe46c2634f4a0d26685b2b83cf,scam,100
0x942025fe4662ad0fd2801c094a5217a16b05cd28,scam,100
0xa0b8cc5136af24813d89fff39aa1a31c7bf7e683,scam,100
0xc0ad01e6f283d5f29930e479b9e9588107230983,scam,100
0x82744ba0766bdee409885c2186c44a4a73b0c97f,scam,100
0x0e8f16e39234a164d75d18858b9a90dd52aaf361,scam,100
0x345092a86c71a7f3a4efae41ddd6de67a6a13e10,scam,100
0x6fdb2fe7ee003472de92b039de2d7e56f2e91e6d,scam,100
0x13860a679d2395e4bd1d552945cd7c9309ebe1ce,scam,100
0x7fc256c1e50784736f2e2f982db62fb77487ed11,scam,100
0x47e3df1892c90f952b7f9c8d127bf9c129991014,scam,100
0xcd6a68c4205bf5dfbb0729ca179c144c9eaf314d,scam,100
0x9f0f3f5c23ba4749e6bfdbe0795389e36159f008,scam,100
0x4b51c31c6cdecf114563f4dbca368644cf3c2910,scam,100
0xec77d8ceca2653d9d2ff5772cf58684a6fe579fb,scam,100
0x545f5e5c54d8ac72af1c7de8c070387b73841a24,scam,100
0x20fe1d0e7f2a15469038b11154627b8a299b301f,scam,100
0xcbdd1f8e116be13a35617e0559854c50469c680d,scam,100
0xe63e795f5ecba36f57067bd5579d0e15be9e7e4c,scam,100
0x032fb380d84917d408ea172383cf214c28b4fe21,scam,100
0xaa1ea8f6cdeeb491d9cf9fcdfc8fec6b4040d1c4,scam,100
0x126de4b8b4e10840e7931e5858425f35c99bd323,scam,100
0x5d156ef9b1f8bbc3ce1eff16a3834e8cb3543c41,scam,100
0x9ac6ee80718c0e3f3ece956cc52d02c6ec8a1dde,scam,100
0x7a2bb19483e0df6fc7d5159e2f70480cfef4c50a,scam,100
0x925b2b9371fdf0e21597fafc3d379cf3d2160277,scam,100
0xbe11d0d38ef4857224032afc9c96647492f726ce,scam,100
0x574b7e93b755fd36e6a62ffbc25be94c65a929e8,scam,100
0xb7d8c320cb7d1de6f7e62cf65146ead4be48aaeb,scam,100
0x150f70875c0229daa9c46e461498f81ab9a76a81,scam,100
0x18f3c8cc8e628db33c56a22ddb092d1af9fc96b3,scam,100
0xe75cb1646422dd9db0b47647ee5545f6be341fb9,scam,100
0x1135a2f00edde3e66735ca31dcd4ca817348cb24,scam,100
0x32a4bbfa9f55cadeb0b8f33b2d9499c524987f40,scam,100
0x5fc2d416388fd1c07ae7e4a10b79a498eb4383c0,scam,100
0x9df28f9d9fdf90495f51cebb4e6eb00c480cd57e,scam,100
0xfb064ac90e16ce61fd644652be5f1959eb5748b3,scam,100
0x28be673a550c3946b031a6d42aa745f9f6e04280,scam,100
0x7aaf74cdec6da05f41451d6f2d1f17c1a84e5b14,scam,100
0xd38f1a526a013d846b48beb642ced2c49cc3d29f,scam,100
0xefdd858ed5c9df1b977784c3041140eea533b48c,scam,100
0x0ce2eaf01543132b88e5e8156fcad978994a9cf6,scam,100
0x181b89f4002d2cde8aff8d98ae7805eadf690ea4,scam,100
0xec4a36becffe26754a7158f2017285e8f2ba4543,scam,100
0x3f37442c8b76fd15e66bbe6865540a7d657712ba,scam,100
0x034963994aa22d86f7acb42252b6de7488adb0ea,scam,100
0xf880b70ce700297f70ffad94eebcbc7ead6b1b48,scam,100
0x4c6de024527aa08f5f21848754da4c88d090af14,scam,100
0x62e8aaffb7568cec94b0e15e7b4d859302d65ee9,scam,100
0xf58bfbc4955bd36b83a9fa9cbe353918bd3a987d,scam,100
0x2e8f621fa42331cdb8489b7048b5bf6a97284f85,scam,100
0x1e6a9ba05c5b538fb200056db77d70c63f3d0193,scam,100
0x8c3bd49ef2d468e80879eaa230538aef08a44175,scam,100
0xdee993d994f06bc06144aeac1e78bbae3b06136a,scam,100
0x4b826ba0795b76d5f3596abe28a77e6d3cbc3a15,scam,100
0xd49ff3bbb2b2b82538baf25fd5551186bc4994d2,scam,100
0x3c7c92bbcd9de6d93c04c2f3544c837da567d805,scam,100
0x69c24164b73693656747759181fdbe24ac9607c3,scam,100
0x1b5eab73aed3e7c9b889c0fb55ecb44a0dcb5a6e,scam,100
0x18b7a24c0ed9bf05e968d8b2cafc1f6c561ab82b,scam,100
0x5e29fe8997059e766819055a2c10d2ea305ba92a,scam,100
0x1d49428c8d20fd5f22ef44de07d09612800b24ab,scam,100
0xad853d8a602c44e9b126fb6e0a4228ea91c486f6,scam,100
0xa3431f8648fc1307ee7435e56cbb14d9c7a13724,scam,100
0x808be229f98fd0f22d90008bff6bf77cca15d229,scam,100
0x06d0bab6af8fcb162f044a0fe5eb56dad29735d6,scam,100
0xd9356a97016bfe90ed4b793289feb812c58ac127,scam,100
0x2189b1eea27f1d19bc2c61d991068ec947d8ec7b,scam,100
0xd83d2b3c816f3923867f4c4a5fde46224e919236,scam,100
0xc859d7753a0295d8b88be34014a4956e15a2b745,scam,100
0xcfab6ae6d403fe4d1500756b301028162b670355,scam,100
0x6441363696bb5377477e96d3df05604732e7ec35,scam,100
0x25381a98c848c445c21211b0e365175435c1ea8f,scam,100
0x2e8243757a3e4c829fee9ebb672bdb5b0de4085f,scam,100
0x36b64bb5b3850c1a412f422f36ab30c11b6b94b3,scam,100
0x06105bf02b36dd91bc12c9ac2f1c8858cf3acc26,scam,100
0xdf283ef5c8baaa03c70ce3e7a554ca06719b5f17,scam,100
0x54ef7cb98fe97ed02ecfef1726b1a3ef9f6382e9,scam,100
0xcda93efbde45fc661fe07ec0e42885bd498d7ad7,scam,100
0xb5004cc4faf99270356740dd6ab217ea89ed515f,scam,100
0x8084c9a98ebdd0314f77e738982859fe85380582,scam,100
0x41e40b666a093806551cb4891ad687778ce74bc8,scam,100
0x67f0b6922e533b2a967d7a856a96f9b8f59d8be5,scam,100
0x71e10ec3021dc58fbfea484c6da226e7b6f61507,scam,100
0x457f4aa8525caaf4a4343988bb18ff6610450bef,scam,100
0x07b1105157c99f4ee9e6033abd7d9f8251873094,scam,100
0xf9c87dcf56598ce676fdda2febfdb3eb45e5007e,scam,100
0xe695c41faebe1a4753d5ede23db32541b137079b,scam,100
0x53ffe7422c7c1769e5183377bbf2f6858b0d74de,scam,100
0x8e22c4713896cf2b69a0cc1b206c8fad980db322,scam,100
0x6df4c8316d9584aeefa68ba40af5b4e026d1d030,scam,100
0xd5b32a25bb674a3fdd5faa0549276e6d192982cf,scam,100
0xcc1ce5c8763f3046de155926c39bebb0f9365995,scam,100
0xd7ef26f0cf2e21df02ad391d89226c7a72efa4a0,scam,100
0xf738d0b7e34d7b5a63d8e0ccfa25a0d9d4271816,scam,100
0x4a7d4264291d6bee4d4ee3eb01006445e19ef366,scam,100
0x59c26da37e1a97eeccc9fe9ae35e3fc2df6fb582,scam,100
0x07840bd8212039fe9d108dca7e5af53b5a8c10e2,scam,100
0x92127085c609bde93cab077e60f417d852222299,scam,100
0x30fe607e1b776fca07a55b9b4a011ac248a51ac5,scam,100
0x48ca1b283148a9c90bb443c45360f1dd19b47f12,scam,100
0x06ad9bacc335d658550c3be1fd1a2972f0ed6efd,scam,100
0xb0473323f6d0eee8732fbc6af8f32504ce897611,scam,100
0xd510d55710f5963d3bf64c74491a886b4670b611,scam,100
0x16717ee44e8ab3f68bf288e3d977cf23207a3872,scam,100
0x20f1ce2ece9b82fbe501cf4ad62dd7f7dce52534,scam,100
0x4aef20778a2e8e3edeab721ed235264f00bb6d20,scam,100
0x98e7d59d85a6c50a0cb654c62edb14c6656f97aa,scam,100
0x887d27da0a963bdfbc503357f2dc9837eb2c9444,scam,100
0xbb3c73e083bd6816bd011d3a3cc55b1f1f2949fa,scam,100
0x1d153dee0a823e9238b4f2e83758e27be3f1158e,scam,100
0xf4800628e5da2ddd2f74c860107fdc7dc140b4c0,scam,100
0xa8fd4b93dbbfdb6f01a6768ffebe8a6e06fedb28,scam,100
0x2268b0ac97d742d72541760f2e8af1631927f12e,scam,100
0xc809e267ed1896a99f544d418332d921db1d5f9e,scam,100
0x8c5846dfab8601596aecdd6e88a237d8e817c03f,scam,100
0x7b981d07b83413c508337cea8f4c5067be9de229,scam,100
0xeb17037df15f171163d82c586c5b65ef112924ca,scam,100
0x9a84288f18543c28aa66d23c2bd6413939b067d7,scam,100
0x5c3b18f36b37015b255868952fe10b2beeb4d8df,scam,100
0x2fc0385f289a1309ebfd0825a714e169dda71ca7,scam,100
0xce035dc257099c916eeb03fd638f45269420706e,scam,100
0xb68b7cdfa293c2a121dcfa407e4e507699ffe24a,scam,100
0xe24deefbc2abbc3e07e1a6f81e993dfb388cd80f,scam,100
0x6b60fc69d16d2e770c2cf652287e7c604b9c4012,scam,100
0xbf3f305325c91526ff7e5c32925934fa6e6cd9c4,scam,100
0xd92326fe697f1edb8ffe710901904029f5112eca,scam,100
0x78d9e3f7780c306fc80d1e74ed617e0c08e795d5,scam,100
0xb9a0abef603708a6ad2ded3ef652a6eb81ac6a2c,scam,100
0x0820142415bd66c94398fb296268646738b18ce7,scam,100
0x5c55485c9b11c7d5dcb5180056faf0b780724127,scam,100
0x26a505222eac10ea7e7264ee4485063895b83146,scam,100
0xd73d6ae96419d112c31ad96e6decd37e2d34f4a8,scam,100
0xde97bea954e1f1a102876df225bbb4f014d0c487,scam,100
0xe14417012f306b89d0138fed7a04a134c978d5a2,scam,100
0x25ad159a960fe0f6147b7c620d1ff77af26fa319,scam,100
0x4d4f0ace8233836e0cf6ae21820bd7f76871c1ec,scam,100
0xd523911f139f5d6d9c8c8d2a1eef42f1a1df31f9,scam,100
0x49c5cd3b1ad9718db6e275b1b3d81c459cb59a6a,scam,100
0xd0e929ea70a916e53b4606d7ea5280cb0ddaf7d1,scam,100
0xeeafdeb9cf25a2a99f630e59e5752a44711889d6,scam,100
0xe8ddafab7212f988d84c973471c6feab851769e8,scam,100
0x00000000bf02300fd6251627aa3db8933a0eee83,scam,100
0x0000000009324b6434d7766af41908e4c49ee1d7,scam,100
0xe80a6146a6f341c4c0877be9a59fd8279ed4971b,scam,100
0x819d0ee7a8b64cda36c6574cf20144ef2c6f12e9,scam,100
0xcc66ea7ef61a67df02afb18706c68a5f30b22300,scam,100
0xed85a4ab61e8780775981e2c6be2f77f026879b6,scam,100
0x1f13117d63e7fedc3cde6775f9a0eefce328ccc9,scam,100
0xc8f223f9bbb5e776ef787ba36d7875ce6d56c00d,scam,100
0x690c3d88b6af25f6186845571ac35d4d8595f4a1,scam,100
0x540947739cdf166fb32ccfd8b51474fce6997736,scam,100
0xc7fe1ed98e5f2839b31a696b99626e9cf7f4412a,scam,100
0x1141e2d12a4d1644ed53bed922f15d13736c1f02,scam,100
0xbfb2ce39259e0254c2d614fbed77d6973d51478b,scam,100
0xfa737b64d5e1c2148eaa033fd6cef2a5856916bf,scam,100
0xe405d2401269e51815a7bc2ab78e3c7a04d5b806,scam,100
0xd27f5994bc5d49a7af593a8b2fc3ee2f8c2fd296,scam,100
0x869c893e84618da936274badf3d9e800d0572955,scam,100
0x2b418bee379c1becb9443a0a326fb4e26cf72078,scam,100
0xa71073cbc47c62257a0749503bdbd4d9b5595294,scam,100
0x96a37e4c3bf5942f7fbc82d0d72823c717ff473b,scam,100
0x061bf8eb985f02a5d267addca60e692533d7779c,scam,100
0x00278018530825863b765dc6cd581c0a8d471ade,scam,100
0xb4ff44b3f2ad84c539ea1c94d9bb808ee83326e9,scam,100
0xeb27bd674333315047d60c97e1ac7490705a2e8c,scam,100
0x25bd5962f862d0a3aa14b49e5ac5a6c73ee69b44,scam,100
0xdce3819395c1a72b30caee3ddb83138f7a93194a,scam,100
0x475f02d1ec02000419c1e43fc64e81f33d8da316,scam,100
0x95a19b0ccb7a1c68aaa60813deec265a08998109,scam,100
0xe088821a4ddc1d8137e3485ec889fafeec8df52d,scam,100
0x015a8f02b4e55b3c93678e5b44f7205ff9e8ece2,scam,100
0x77a1615559eb3d03a0d68f18eec43f3c1083f418,scam,100
0xcfde4df46cf406324f3c53c9a72fd3517ede6bbb,scam,100
0x43df727a3e1722d1c476ee659a87c80283aa9b5b,scam,100
0x7d269ae50e0e46595d7f9cee9023b60d64ec24ad,scam,100
0xd033e9033c15bf16c7bf02db442ff492cabc8dfa,scam,100
0x75ef676846732599862d0091fb485e7486838fd3,scam,100
0x98642636ff6262107a97bdf8eb342633e5163ace,scam,100
0x60322fafa022caebeecd0e037bd6b163dac3d485,scam,100
0x429ce0f6927954fea3392eaa76dbffe2e3d428c2,scam,100
0x3802b5311c99845fc41c31a0ca99a27f7ba2042d,scam,100
0xe64df8677512697f448b3fe54ddae8013eaa47c1,scam,100
0x193a7c3078b98102d0dc5838e3027e9b718d08c6,scam,100
0xa91875fb18cadb4e728dad7f7e11ed28b6286fbc,scam,100
0xc4f9fe6f5410a4f4118c25e122f9f3979ffdf235,scam,100
0x4562b3eea33b3eb4ed2e08719a05421e06e452f4,scam,100
0xdfcf794a95df54c921a07dcc77788460906b28e8,scam,100
0xa88f16b7288736bb5913d2b4848d26e112658726,scam,100
0x546d0fbe36b105d219ee326a0946d81b2faee028,scam,100
0x000000000532b45f47779fce440748893b257865,scam,100
0xf159987531a6cec72763f19a56562cf732a2620b,scam,100
0xa9f277570b33d0a0902faedd7e92db83df1db0fb,scam,100
0xb8a36e99de680c2e7cbcd1f56af056365fafb38c,scam,100
0x031ae3d7e6b22b5400d215e6ca84ba4341e48b24,scam,100
0xf9d8774230e55ece5358c2c1de4cf6881fc50e0f,scam,100
0xa367b4143c956d7af8357a65de1f47d1dda458b3,scam,100
0x165b6749812900538402cd540c55be68411f8ea0,scam,100
0x922970cdf5e99a745da99f41a7a289e49ee5d5d1,scam,100
0xb366898b85ce3ee45d5909372fc67456f3f336aa,scam,100
0x4b1ac12c77931455935684d56a3d9167d4310883,scam,100
0x457ce1722862caedc30678dea9f68ade4e48f5af,scam,100
0x7f75179689f45206563504b23b2202b0786b76a6,scam,100
0x30842a003781ad62e51c2ca18a61a3c7ce018db2,scam,100
0xbd303c2836fd6811f7b2dabbe99e9c84723dcd8c,scam,100
0x2dc75e4f747f12ed0e5e8b31f9503141471a0c8b,scam,100
0xdbed7bc14a0e6d2ee77c3489aeb8c7667271e6b5,scam,100
0x9c8c8a09220b80f01625a59450f964e98a4ab3cc,scam,100
0x378a9b0466978224249c6b6ccb26194eb65c1d1d,scam,100
0xe00ae373f0d97f6e402644d45434255f946c421d,scam,100
0xf76653cf541dec6d82e0f8e6404135b957aac095,scam,100
0x0c7bdabe793f84a8f8fcba6a84eddd7b250b6481,scam,100
0xa5b424581c8b8037ab34cf0f3537911a8e7aca41,scam,100
0x6683f908546e5c86ae8af05735a8016c4526840c,scam,100
0xbe1395d3a6ea56f245a46955d20ba2c3bfa538d4,scam,100
0xe10c32ecac0bd4767e21bb05b16ae7ed1b7d457b,scam,100
0xe350160e3c8a07e92ec58ddcb8df81a73aedc6f9,scam,100
0xc5399832f1ce5830c8acf5272e7bd89904c62230,scam,100
0x06d782793e8b14c7b02bab9b139d8e296995f292,scam,100
0x55c556ae081b7c3de12127d6df9802698b301898,scam,100
0xa9fa7065701181d2d62234badea16a33052fea22,scam,100
0xa81d9ab4dc3994f4e995297f56c19e6079ed20df,scam,100
0xbf7c1fa00de07b3041b4a099c2c435a5a27f259f,scam,100
0xaba55c0c84b9af33b928d4726b54392acccc571c,scam,100
0xc213bb75f99795ff6cae16ff20a056aad1c1408e,scam,100
0x86bec5dadcda8f180391f29ef97c7c27a07013e1,scam,100
0x5ad418f865540f22bb2e0d2e227cf0e47a1642fb,scam,100
0xf8c8405e85cfe42551defeb2a4548a33bb3df840,scam,100
0x25f46306aaa6762b2242d4e8aa2ba851cd24ff72,scam,100
0x0621871f8636ab81abd3ba6d06d807b330c35ff3,scam,100
0xcdea1b9b05e383f13028551e934ecc65208a65b7,scam,100
0x548821e41d89303810f3886f986b3e0c1f6f8858,scam,100
0xdfc996c04f76e5983b811485d92f81d863c60e2a,scam,100
0xd9d550823c20315d62c1cee49b93825ba31cee43,scam,100
0x933227ee8b04c72dc864788fb9cf2e5352b5e147,scam,100
0x356149c2eeb5aaa1030022d22134abed97bd496e,scam,100
0x388cf3c02c034e7fe8ef164a2b414534fc212119,scam,100
0x59cbd436237318f7cb9c92ddb060b1a023598363,scam,100
0x7a023247e70ad842b0c1226e09185b461a1cd47d,scam,100
0xa863c0bcb9b3b5ea0b8b1d1f47b5533eb4235e11,scam,100
0x4217c883eecd9581644c31794f695553ccc505e1,scam,100
0x83e8846bb3e2d3167c65d5c41cf2a4cab23e6197,scam,100
0x0f746e54ee888e9953ada918d4ba02ac696b1147,scam,100
0x3fabb468a3caaf55b4c3bdd330fdf4be73fe7ef6,scam,100
0x760774022517950fc1874b66cc71a83752f2fa89,scam,100
0x5714b032c1f3bd2c31465173c2bf9951f6f673a6,scam,100
0x4046c3d647b6939a20d9d977097c361b71ba46b2,scam,100
0x46ba8394210eb32e50943bc963e300ed8b804d30,scam,100
0xe9af60463ca5579a17df2e7016853e2764f529ef,scam,100
0xe17b1ddad01a87acfb71e000a68a24c828336da3,scam,100
0xdce6ee48dc59da247ad93430e18c87b653f4c3d6,scam,100
0x4958f1dbcac084a1b92b65f972612cfdc82aeba0,scam,100
0x494dbda42906ab14da5a591f5772eba1f3aab478,scam,100
0x8759374e7cf14994ef599e0e9252f57ebfe10a9c,scam,100
0xa4c14cc3b9b9d6ecbe11a9c8720326270656dbb7,scam,100
0xeb411d5df13ac7020992306e78955fb7cba5f260,scam,100
0xe159a6d174eb2cead94c4fb93725fbf68a87993d,scam,100
0x77acce13a051cc95bb22b62d0848486ed783e557,scam,100
0xa07ddf9ce7dc9c8492a9a307c1bf85cabeb6a8de,scam,100
0xa0bf76c8de60a1089fbb8567b2beeca6ec01ca32,scam,100
0xc774f87dad5d1c333a7490e55d3a74d22e24e3ff,scam,100
0x64b57f49a854533722435652054d0f924f7acde7,scam,100
0x29356f085ed17c96b7d1c8a20d1ee79e616d75bc,scam,100
0x8bba1a1c5e9f72c2ce97a240a7878dd4ae803b61,scam,100
0x60c9c2de546be5fa9f5f1a05d174376d9bb7ad48,scam,100
0x0bb4251b8c5e8acb27d6809d77a10aa1cacc5144,scam,100
0x84a8e201cfce8a10b1e721e1940a78a3326b7c97,scam,100
0x0020731604c882cf7bf8c444be97d17b19ea4316,scam,100
0x86d5f3aa7bf4060a3f18832fc3faa3569483cc62,scam,100
0x069757a3dfd227e39493890e83de11598bfc7f85,scam,100
0x74625cb6492a833439d8f874ca2df77e6a61af40,scam,100
0x988caa328c1f5f802c936dd1ae9e3da24729b687,scam,100
0x9366876700ca6db41e244c6995770a518e043fa1,scam,100
0x482729ad79e5da6c48c0e7a4b3e67ba13ceb7404,scam,100
0xadb2f5aa3ee37bb3900db9919ab5cd8b148b5348,scam,100
0xe3d474f3686a831bf380498d1dbd57fdf972ca30,scam,100
0x53645080083e0037976455ef903bc88679d1029f,scam,100
0xa87149fc85936e6807222fb211162d5be440a930,scam,100
0x8f0e5ef93838ffb9bc2c5afb34c32f55ea97a932,scam,100
0x2d1f576724cf3495fc397490ea36cbe2f8bfa7bc,scam,100
0x7c9001c50ea57c1b2ec1e3e63cf04c297534bfc1,scam,100
0x6d58459fd42595bdb61660541bb5470e2e9a12c1,scam,100
0x0a2020dae40fe0ebe1ad79c9fc692455c962d43d,scam,100
0x70a1d170d055d0b5edda1056747119550cfc40cc,scam,100
0x0669398307efefb60030ff328a0cb6a3a840182c,scam,100
0x8105ed8a3be363e32c91a0904cd59e0f843d7123,scam,100
0x2914c01d6589b3b52a065a9d9cda539ca765a311,scam,100
0xc1b439273b8ba8ab5489d5ed945f559f90d92988,scam,100
0x8db2ec6cbe35062a3f30dcbf7f281604820490ee,scam,100
0x117262defa4ece46a009e5e883d7c6f9d2d69b89,scam,100
0x5584d5ab83d9e338a89769c66df095212bc528e3,scam,100
0x9a827b3aa6dd9781e25dc7bb58de67b2fa721d16,scam,100
0xd28232ccc22eb037394dc71a6a4274260a965920,scam,100
0x2e3a5deb080fcabc9ebefd5c871989ac507c94be,scam,100
0x07315f6ddf3348c6d5f561ca6cb7451f103075aa,scam,100
0xf34bdf2c9057b186499a7bc8afad1629c808e263,scam,100
0xa95171e49a7e187585c0d5cde0c209b76a5fd220,scam,100
0x9a27f038a711d84b4b5da0d3b96827e11b1de6db,scam,100
0xe84a5d3eebbf460b005a9d4d58f1c3576c7036ce,scam,100
0xa815748bc376d0014797031941ffaa5c61377735,scam,100
0xf33142f5bb228516f93e4267fb5a7241dc241614,scam,100
0x2bd267ad20e8c42c85f9c16fd4c6f24770dc492c,scam,100
0x32c648164d27a2fe26329bb0cff5c379cd1178f9,scam,100
0x839baaca91cbcf6c1632c55e1ae031c6b270df19,scam,100
0xefe7157a5ae8db1158312950102c887c8e3d34d8,scam,100
0xa1b04a60a35854d0749ae39b0346bceb55247ecc,scam,100
0x5018a34c512a092a8620dea08fd0f078c71f7d92,scam,100
0x444f5672d88264c4a1289c2aba1826f9b4f14d49,scam,100
0x35a95d5f0c8f676bb7b2dab47d6368a4ad5cbf8a,scam,100
0xa0157d54b87bab72ca5081794aa0b314639f46a9,scam,100
0x603ab01878daea6fa97bc7a02a6a4e6d6f52205c,scam,100
0x870691b57198f065530e90f8e98c70d0bd545e3e,scam,100
0x751d37b94dca1ba7a5f5b46e4fb33ecf27f3bdfc,scam,100
0x237abde05ac2f992a44436bfee8b3219a329c5a0,scam,100
0x74682fc32007af0b6118f259cbe7bccc21641600,scam,100
0xd0bb7c83d18ec1bec23f501b2336571dbef5f73d,scam,100
0xa3efa3aeb27711b51b8bd12d8bf0885d4949f065,scam,100
0xd154c247bfc6faad6494ee634ae6a40db60b3367,scam,100
0xcc1495e5c33dd65ae1006a3d61c908beece0e771,scam,100
0xfa45857309b1759a6bd0ea470002049bdb06643d,scam,100
0xb6944813eaedca33c7009a187f2d68be64c516dc,scam,100
0xce08fa33203caa2e3a4e641b90e92f6f95234099,scam,100
0xce00fc48518ca24ecf5b251731b64a0c3a9565b0,scam,100
0x1cffb3299a244276940f4d4f898cc4b26a782c2f,scam,100
0x6689fbf833f97850cbe93a5bc1ef62cc5e808b72,scam,100
0x88d1478b6e494dc8b888c587c622c71f748112ad,scam,100
0x19afb5e405613906137cc137224eafd4673faccd,scam,100
0xe7a191af6f8d900b3f15001cf892da5f21b25741,scam,100
0xe94a75c4f11482bc784b9c2477cd5fcc9160a8c4,scam,100
0xa48648fe549e18351b9e20fb6ebccb19437a452f,scam,100
0x8debecd53ecd2dbbd16a8252f99573d4843b6c49,scam,100
0xea29a691b8db77b93ca1a537ea3f5e26c36d45ab,scam,100
0x25424e57bd525c585b66778b323cf642bfa07b79,scam,100
0x14c5f7f580479757cca90ed635f803fa26897567,scam,100
0xa9de949762755442cb41a426bfa3e6be604c4324,scam,100
0xd04e3c599d6a2995869eb91bb7d3c06ffe859fb6,scam,100
0x256d46b673825a5eedff1bf8e0a967a5f99ea1cc,scam,100
0x9c07c5ae5ec625bbdad7925e5bbc21afa0af75d1,scam,100
0xe0430890f9c7010ad6743293fc352680e2f01b4e,scam,100
0xca5a2ab1da51f2ccab2324d4ce74265f05d602a2,scam,100
0x3f7112d64a64e63936ec040c7d9a6a3636cf33a3,scam,100
0x1a9a77dcb35c15f4c98c2407f84997b514d782c3,scam,100
0x02da54ffdbb67e35d70c6b20fa217349dee28b08,scam,100
0x4c569022016eba68ea10dee702670dc82d2749af,scam,100
0x021bcdee4d5a997ae0a594e8362fe103f14aff79,scam,100
0x41ad2bc63a2059f9b623533d87fe99887d794847,scam,100
0x02ec8d1f360ac651a99aec50c873100ca3563301,scam,100
0x0701793adc79cc1e5327bee2f30bdf59f8cbd9b0,scam,100
0x2ac811d5097b4137a488fa59fc966b5a593227e6,scam,100
0x10c28135faed202d16b847ba16b125dce243da39,scam,100
0x11111111e9a229f3c77b564e78799447bc5c40d4,scam,100
0xc9bd5fb20ba70ad252a4e12e881eaee4e75879dc,scam,100
0x1cbada50c52c3c311f66929ab1c02db4c8a01f5f,scam,100
0x0edf3c76f7ea5b673b9d25684baa6daa892cc763,scam,100
0x923085ec2fd8b2c0976faa0adef8fd07fafbca60,scam,100
0xee0f21d805525ce3f5edd354c3af9a1087d7f702,scam,100
0xb079227f2a088ff095eb088b3d5ba863d3ab6d31,scam,100
0xce02d501bb83f17a765b9e5729cd32521ef071b1,scam,100
0xce011a901c68d42742df008e1b2470f61d9985c6,scam,100
0x94beb76e99c392f9eff901641e26b4e486026724,scam,100
0x88112404429f5502de6fc84b11f98ebd1de025c7,scam,100
0x56d5a047c4b9c2a432b76c90d48f57d616db289b,scam,100
0x85232e767e14e826ae2ff2b801eb1b2ebf6d2661,scam,100
0xa605881cce40af50afe4400626d76dc2a324f387,scam,100
0x35a0d3ab1bdaa5de4466dac63eace2b6b2147538,scam,100
0x9e124026ef606441e303755f6bf777ec8a30644c,scam,100
0xf737e532d49a8250e1947ca60d9a8caf170eb5a1,scam,100
0x25b5304a0b4adda114f5bcc0bb2bb85c7b67a98d,scam,100
0xa27b7fdf0f8e9247222ef7609594b4faf38a6e04,scam,100
0x3c2d00254b02ac5654fc725e6cedc77643c0086c,scam,100
0x75fadd6002e9f8ad654080ac463dd816a62913fd,scam,100
0xf743f077117f25c5d9e2a635381366bcdabda901,scam,100
0x602026bd56bf9ca9d86926669e4353035aca2a88,scam,100
0x8255f34903440ff046169b12ea848ce6f083a631,scam,100
0x7b904df207858b9a4fcd0d9538ef633bed316287,scam,100
0x4eb1d2050017cf862939340c017a31aa2d59d8d8,scam,100
0x18365a89e092ccc31d2a49ab5cb697564ec81bcf,scam,100
0x8bda591ac93925f485cd420a47a48eba87985ea0,scam,100
0x9404c08c6ae0cd5f1fdbc558c7a61d3d7bff07e6,scam,100
0x3c98b49694c18ab0492a048ee213e2c3d3b3e0ff,scam,100
0x523ab8a576f3ceb0982913e651ca56495d54ee45,scam,100
0x579c0fcc6d58731fd94de76a13390abe330d9106,scam,100
0xe8166a324fcd1645d8ae06fbf98f945724676207,scam,100
0x368b04c943161febd18aa596b657a8db22031957,scam,100
0xbc2f218dc8a094c850856cda55d35fe2097f21ac,scam,100
0x68df455d595ce83498242856bf7b04c50696b21a,scam,100
0x8f46233dafd44b331753e53b8785b9d83fbba463,scam,100
0xcc3a7e3c3cdcba86761de4fb3311b8add77761f2,scam,100
0xdc48d0f659267418e05915cc0a299cda3f30bddb,scam,100
0xe4837a2ece6832babedc2be30bb92da6fa42f484,scam,100
0x1d7bc400d3c6d9d37ec54d0e729cbadd06dc0390,scam,100
0xd6a779c7fb040d7d82283efb6b64810189647405,scam,100
0x8b0e77fe177d555408339e26921be7d76d398d8a,scam,100
0x8c966ffddd04dd3169016ea0ec1d55465fb40d37,scam,100
0x155ea3c47d523ea150b2fb33ecaedc4928e0f2db,scam,100
0x44af22ab4b6cf9deb599566163aa4c1b4f4196a8,scam,100
0x1038945a8acf315ffc97d54d3b4b72f3ed2fe2bb,scam,100
0x79b01b6f2f312c5391e1d9b8fe80f5a991361482,scam,100
0x5a307bb9490bf4bb588a6bea77e1ab622e02678d,scam,100
0x015f17e2851ea392351b7f259e4cfd03dc443cef,scam,100
0x02fd82cba3bae39484d5eb7f75b5f3d5f418c691,scam,100
0x7513c584e280fd9f5f3a38f83fba342ce70ffd79,scam,100
0x0c626d05fb5805362f2fbd5f4291211b691f129b,scam,100
0x3c3284e18511e6fadb62be6e090991540dc8972e,scam,100
0x8b7399097f741a60a734d66030782d79776c8a0e,scam,100
0x548f0678ff6b82c2c97913ef3b0f2c515ef2594c,scam,100
0xd79ab5cd842c068e4f592c18ee3fac4e806d4c31,scam,100
0x7f83403bad5dfd150c10722977274a4a2bf05870,scam,100
0x0f11fa4142a73e2a1583f0073ab942ceb73456d8,scam,100
0x8802e91f3e66a3d81519144100760b222fbd3e05,scam,100
0x63517fe71fcb339767aa6abd14ca10341dcf267d,scam,100
0x46e92f6dc9a3ef7329e506e3834d6b36160126fc,scam,100
0xac73ce5f0756c908daffea721b65d887c1814e21,scam,100
0x435fe8272698ca7032c41cbe5d412e0369d159ff,scam,100
0xcc71ee0f039f07adb1cf2484f4663cb6bf9e2689,scam,100
0x3f05eff4440c5b75cf762d2ae105bab7fd7df04c,scam,100
0x9dbb4976ff2836a6561da7e1e244bc862d2a1977,scam,100
0xd22066c4e511698b626aea89cf70fba5fd3f37d4,scam,100
0x542315a573347561868df7de09adcc246e1a667e,scam,100
0x4ab00523ce804a5c083c832570f8de665876f711,scam,100
0xce0682a43d8b3d7d080c51931f7c515c0f130d62,scam,100
0x11cdaf423b9e424b9b4a3d75274f16ea7571a5ab,scam,100
0x63cf3e19d9a1e600ca6201bfe39172ff1ee4c411,scam,100
0x15bec1907a134575b0f15838c98cdf052b67b83d,scam,100
0xf724d6e04ea78c3e0b62f020e792cb8a7e1929f6,scam,100
0x4d76d8dd2a86760520255e99c05a5080fc8d33cc,scam,100
0x0f65ed6419a54ea5c55d871af77aef0086287dd4,scam,100
0x11343194b9ba84c8e5629ffec4f604f410ed28fc,scam,100
0x96c3c7690a36fc7c0b57a3941b85a677d4d10a35,scam,100
0x7a376c1bc2f1a041d676b6a0307044d8ed8314d2,scam,100
0x7192ae7bb891159788fe9788d151463983cca869,scam,100
0x3c95bb8dc87fbf56d9bb4eea0f36b4e90b9f134c,scam,100
0x620fc5e7763ee88f7be0c0bfddcdb338b349b9cb,scam,100
0x4cbd91fd4ca10e0c5c4410ddd72f7657883add1a,scam,100
0xc7f8e7db2e868af8be0a2e4d01620a0628804272,scam,100
0xc219a548bfede9138469ef277730e107a6ed8976,scam,100
0xce0b1630a8784407f68184789b64a477d1345890,scam,100
0x67ed4c80fbe18715ca67b8d7d20bc20dbd4f1b69,scam,100
0xb2bfc5fe46c59451e7907bf6bf54dc9fa47c5602,scam,100
0xb62e1d96d1e99a2264b0b58e303ea5144a65d215,scam,100
0xe7bf867e7f682a89f00da9ad0df2450037723630,scam,100
0xb5cd83d28f818284295a20b09b6abe8a631c6ac4,scam,100
0x3c1fad9c487c765a6c0781d274cbe1b3109e98cd,scam,100
0xc5a4b7979d8f129090792deff1145311a9cafab7,scam,100
0xd200c6403509589098745490a1fafa024c987581,scam,100
0xd5e310bd39cd20ec1db047ec1d28dddf9a520d51,scam,100
0x43cf35aca5ac49ba8462fa02de96e9d469e9188c,scam,100
0x3ad072778446db654dee3ff5f80ac1e5ac12dd56,scam,100
0xad93fef882517ac61d266ad60665b50e6d331c83,scam,100
0x54d9aa49eebc8ca9582fdbcad8adbc5049fa7e07,scam,100
0x3063494a00b2fa9943d14753682dc3a63c15dd8a,scam,100
0x19dd963b4241374e988b1de46e2092371e38caaf,scam,100
0x67dc51fca0626bcb18eaf82a0e8aa355019b8723,scam,100
0xce07c5e71e41b011f526b08e6fcafb58926c43fe,scam,100
0x781f0c81f93a25908c3aef8cc504652eee3fe3e1,scam,100
0x516980e3321482b51b0e10af2770d6fbd47f6f9f,scam,100
0x8532d553ac7eb83b0a75fa6de3e298106e8bfcb8,scam,100
0x7f48a221989661b7bf5a961c6620554a2a3b781c,scam,100
0xcc661ff19fbd11d28ed3d48c06e8ac7fd89152b0,scam,100
0xce0aa8921ef80242f03ae1824e31ccf912ba1eb1,scam,100
0x1b4d216111f162bfc8d60a8ceedcd8365086f42b,scam,100
0x6471d81163623b9b90719acac81d13511a898771,scam,100
0x30e06718d0fa16189f7b899e6f7c05a07a3fc83f,scam,100
0xd2ccc7f96b12d609159a49b819fcab3e9644d06b,scam,100
0xe9a2cc79e5d707fe23aad7d731fc5ae5b38ac3e5,scam,100
0x69cc914ea9bead077ee6096afa7335fd239ecb3d,scam,100
0xdeae3c4c04f1524ce3658a10d922253202250846,scam,100
0x96252384756c3817f14a907d3b4e8b698ce81ca3,scam,100
0xce0716ed421100ad87a647cdf13a28c65d815062,scam,100
0xce020c1b886bd3651c4828319dde2575fb7e00da,scam,100
0xdd097dd312c95a09e81fdee2d66ef7a92b78b674,scam,100
0xc432e1e4e36804101d65472e58fbd9137e442323,scam,100
0xce038f65575f854525c20aa8ef4048e3a9cbc14a,scam,100
0xce0b17dd7975524efadc097ccc2efefba3b19e89,scam,100
0x97d463f90f3176438628ffd04e61a91e70325931,scam,100
0x5107d9b6d70a9cb12a35311f188c7ceec59eade8,scam,100
0xce0e0edee71095df57919dd6387e3ae5549ef05a,scam,100
0x8d12b7dd1dd1cf974814b396bf4046fbfa3938ba,scam,100
0xce02a4050cfda04364f771a00f8ddbfc73207a09,scam,100
0x0d45cf809d00d0551c321b71fd221ef67468f223,scam,100
0xa9d499f4e14d5046cbdfd01cde3e8c3ea0ac94d7,scam,100
0x0b458f0ddd983c7efa79a61a1ff806bb11f1d912,scam,100
0xdf9372c8bb73006668346d153a79ea217c8265ad,scam,100
0x573b7846e365050517c022a70c5f1bdca76d58ac,scam,100
0x35309e0e5e86902fbd53d2d0c2f25da9f3842db3,scam,100
0x0cc4682b1465bd3bf3b9b13dbd310a1f37c7500d,scam,100
0xbc84a531195b9ee3cb67fc14da5c259a5ea9e9ff,scam,100
0x6dc5f61513230b1f652a4a304511075537b08f63,scam,100
0x53815823fe24f8520dc138925ae1ea1b8cd21268,scam,100
0xce0cae825de6c6939dc05f46a40065006b849d50,scam,100
0xffb19ea3dbb08615945c3e6f380fa77c1819ebe8,scam,100
0x47545d1f047defa2e7d543e603d74ab8e26acc91,scam,100
0x8296344f9e37dd2dd65494f18cf1a45977cc9307,scam,100
0x51f39c6ae320b26dd6d38d0ac9b991320e791d77,scam,100
0x12b73519d6e2bea18d55298e924e198e17332ca1,scam,100
0xce0a62249ed1fc7d027cc6d62a55d72030ae0832,scam,100
0xb1c179c9bdd0593a2868b2aa0f469659bbf49411,scam,100
0xf5c61f981414b26f80b1dfc19422a6ac9798cdb2,scam,100
0xdc3cf50dcac60ba3f56487adec58f795bb9d281b,scam,100
0xe45f1f2ac63b464fccd55845000a6300fc55027d,scam,100
0xaff3c57469d4d7756caed351ee154734b7e733bf,scam,100
0xb49b016f80303af3ef407dd1ebf11257a80659d3,scam,100
0xe61fb5c8af81932f9a1b9878acdf8c8bd1c3753b,scam,100
0x48a1b80e1868901479f0eebec7b66ff23d59e61a,scam,100
0xce0e4be6a8d295be2c6b65e6ded1484dd34cdb40,scam,100
0xb119ea0fa97c926dd55ff11cb90a1a0d578dc57e,scam,100
0x0d6e198892a124fde9956d581b193832e3a8f583,scam,100
0x20a7a56175872acf6d3a8566eb7af76e01900c84,scam,100
0x976b3b64a42cf04d735583004c298aa4e62a913c,scam,100
0xbeeea2f6499ebc15256905c8284fabf2d9653582,scam,100
0x35124e63425645e352b56a06482cea32bedec838,scam,100
0x7c99f9cc14994f4b0d2e8cdcfda4811bbfb69a57,scam,100
0x9273d7cccd00d63da1f5f03e5f8e7399d2c45e25,scam,100
0x2784574e2405a7d3be1259b5f00412ae652018f4,scam,100
0x124c0c9a23e1c4c04b10cc1eda4934f9818c7ec6,scam,100
0x3e9163816b073c2ce425c99e68ba8ae7caaec067,scam,100
0xba8390ac823bc06186ebac3fcfe9bd984c1dd594,scam,100
0xcf1e4c2899ed260dcc68da9bbd986d8ea1c740d9,scam,100
0xd3d26c61401924939bee67dffdb7aa7a0138844c,scam,100
0xa8c01a36546fb8f62c34946a57c2dd0950285228,scam,100
0xa42d1ddc11f95acf17ee44f59ea2e8e72f9a25b8,scam,100
0xf4145988fdf8783fec4ae21f251054846c787cf2,scam,100
0x51be7fdb5bad04dc13527aaf81b18c65053fad6c,scam,100
0xd2c3d630b77c2a1b080daf11942086ade5700e5d,scam,100
0x215d809962134828644f434ed87e79a64b95cb96,scam,100
0x13d0f60b2aaaccbab97551219b16bc41dac84c5a,scam,100
0x8bc817dccdf0fb4e2b742bc997637e0dced83bb4,scam,100
0x514efa2ecc1be6228e46f45999dee7f1e9ed7b9a,scam,100
0x7ec9f63851341f16af6dfe59018c5fe02749c079,scam,100
0xce01bb717eb5cf550ac2c9941dc2c8462eef4355,scam,100
0xa586531c48af98d9f9d0e7ba8b0ed2c5f6db9787,scam,100
0x687d66bced53e0c6c167af6fccb6bb858708f9a8,scam,100
0xb0817e9b63068e2d8719dd067ed874e97bff2584,scam,100
0xf99cebe36f400e63b77a400f98ac18e49cbcc2a5,scam,100
0x66135496a28c81e22fbe4b9398b25f5cf7022325,scam,100
0x546e79ab833af590212a17266012ebc7d7a2f8ed,scam,100
0x5d7d56d1d7e18f42c88c1192a550ef6a46f1e0b5,scam,100
0xe7b10b9f2aa3bacf2831878bc63feb97c52fa454,scam,100
0x8d1f89e686290a5215579f385b032804a6307b48,scam,100
0x508d448bbe350908345cdd0af77f7e0b1580d098,scam,100
0xca03cc32bb8063261aa6ff488b89da5b0f8a487e,scam,100
0xfacb2bc89209cc498b01484a265e2481f4b960aa,scam,100
0xb66d79c6098e428ab7e7b0760c7bad9fae8f86cf,scam,100
0x5f37e2788e419568ade357e483dc8cbe3a96e2a1,scam,100
0x7635a2366acbe47ec8a8b7da515f8bdd2da4307a,scam,100
0x8dff910ff09f7428a41386c3e11c6bc72adb1d47,scam,100
0x4ad53146e203e9c1e21c98399d2cedef421a462c,scam,100
0x03b7882e55871ffb6300bd2511a52685d689bec3,scam,100
0xeeeee101e4d8ddcfcf64e20f0d61c9b04a441f15,scam,100
0x0fbdbb563b1e951129d25b8cb13bd11219294865,scam,100
0xe92e38987e9222b544c8375242f79d2d76bc3b55,scam,100
0xc5ae4f0989a03387678f1166d14b888c2b79dfb3,scam,100
0xec95f9588bc37aeeece18333f57fdc0c07cadfec,scam,100
0xaa6fdf36d30da31ddc9ccdb7fda9d2f9070ec078,scam,100
0xa464c7a51e867be1ea5dcdf7b8453f32ad4c4d9a,scam,100
0x68c9f9842685259b918faf0b7e88225d0308eccd,scam,100
0xbeedf38b5368701f9bffce8fd522f4d896b6d656,scam,100
0xb54b143eb9161054e5096cccf1f4477e0784ab6b,scam,100
0x15b28795ad746ab67944b8aa3943ddc26a69fa50,scam,100
0x12591f8e0b746761a75a5f9d52f5208a638b4991,scam,100
0x0297772598b604cce74bafea2b863205541934aa,scam,100
0xcb373af9607f5b758045240cea9ba1c94d33c055,scam,100
0xcdd18fa560e4ff4348f3883457691308ce0d18f3,scam,100
0x987d7e81f3f568fb0f6ec79626254c28ff94df82,scam,100
0xe32da8605e6d4802f9fa9a5e3776c12e06cb93f1,scam,100
0xb6af4f38eed48fc7eac5b2a765b0caa1be19bb5e,scam,100
0x2d11fdd7a31ce7355b0377453cfc0aed01ea622c,scam,100
0xbba0e6d7447dda09ca40e95e696c6fbce8a8115b,scam,100
0x5ce0cf86fe50c3698405e63398dab4e91924b220,scam,100
0x606fe6240c16a7dcb60d0dcc06f2f78b60199e46,scam,100
0x1f1686649a3b84d6250fc52f275c9055cca28518,scam,100
0x38d1871e8594b791571693737535fd230e054286,scam,100
0xa1b70dc70fb74767cd380985cf93c4fb132fc4f7,scam,100
0x2f4d7ecf5d7ff547e0aa20e7d98958c044cbfd8f,scam,100
0x9368ad19c907db33611c7fc274dd622358e01113,scam,100
0x7f1b27fec1ad7f5f8d8aa3f2812cb0f644b61fef,scam,100
0x92cbe102eb318bdbb2781f7caee764f71630ef59,scam,100
0x7a03cf1efad2232006b7469c2c3c02b088760a00,scam,100
0x76d667bf8f1eca3020b3259d3ac062edbc0f9958,scam,100
0xc6a4f03f745f4203b2db7c520b327a27bf070172,scam,100
0x7e22895288ea22acc1bf1b95cd47bf4b225c21d5,scam,100
0x1431b5c053d5e639d9a302d48c18de5fc23a2e61,scam,100
0x7970780b07b6a8c814eaeab01a09c4f922906da4,scam,100
0xe977419ef28e71ed541ff6318cea9a6392709a48,scam,100
0x3ee0e92c44a18a15fbf5abec982c48c6f60e796d,scam,100
0x1633570a65708ea48c51064a62669e3a85911922,scam,100
0x919c570a707c322dcecb43f474b1aeff9bd29bd4,scam,100
0x45be5c265cee05d129932e0e45a831fd0f02845c,scam,100
0xcf45624eb75be6252402312d030a7d3e04c557ef,scam,100
0x95e525f434315eab8268fdc0cfd0555eb87a48cc,scam,100
0xf774aef374312bb59e8c447a2315e8a273f6f1b4,scam,100
0x1aa18a80822b3fbed557f279b8666bb4962ad6de,scam,100
0x69f8e87518129498da751f26ea2309db05e7270b,scam,100
0xce02506cc742ae7bcf75f0725b05f4addfc9403d,scam,100
0x8b2c3bda64a7c8dd46bc0ccc5db6401d12f24b30,scam,100
0xce0d99f1772f90a558368e566e81689c357e9047,scam,100
0xee15df2228b5cbcc01952be0861cf57ba10f4957,scam,100
0x00dd74a19a4a7f1613f1bcf49d81944a7974d2a9,scam,100
0x3cb3cca6185bff079b69dcb1fc2256dd8932632b,scam,100
0x3c5329cf0bcf0ec0cb82b4a812ff596911aa52f1,scam,100
0x1711889449df3e54086021398b65693dd0d4916f,scam,100
0xd1fef5633589b75b8961fcc19ee94f07bf9f34f2,scam,100
0x6fdd519438b838561ab2819b4245b82b8d44c4b9,scam,100
0x685445fe51b31790538890a6468851afbf7a0519,scam,100
0x79a9e902cfbe87fa5065905293992c15de7f6095,scam,100
0x153084214680f1cbacb2a940e1bae3b2c8772586,scam,100
0x8ebdc7a1c2d1365cb00127129ed498fbb4ab1b98,scam,100
0x206e5c61cc3f7bd018f641fb79373f28cb30242d,scam,100
0x9cd0d014d683c26d7f7b24ea6a001d9caf8759c3,scam,100
0x07f8428993e0d16f914040b4ac478fa82826a796,scam,100
0xcfb92a9d628faf3ea43aba0ef087bffefc31c2ed,scam,100
0x0344d3fecda48b181d99a0b7d875d957aa12369c,scam,100
0xde117b88db44287d6dc78d0d0b7d670bb47859de,scam,100
0x1adc6b83db36db7b0d7d68a8c6bb685d6e5a6da0,scam,100
0xee7221adc34b88c3311b0c1054eeb74af68f4f98,scam,100
0x6d6883ddf4d7e209119faa8042dd311997516134,scam,100
0x4caf91195b40c8175ed7ea9a92096a08114364ff,scam,100
0xa420be3b8c17e0df418629eb9cd0c68f49a99461,scam,100
0x1722137749338af245e09b1f58973b4ce1deb331,scam,100
0xf646b725306dab4a989e26cb7615998a25492aa2,scam,100
0x11ab90ab478b6c7892ae3041749cc8352962ab20,scam,100
0xd1b532d5f9d8c95baa706aa9710ff73ee69cdbde,scam,100
0xfc8b9308573bafd259da031628e5f5324bc37a19,scam,100
0xa5376c3d561369636b3da5a45f10534afe41e10b,scam,100
0xbe4d96c175522ee81fce04c4f2e346801f4f92c8,scam,100
0x48dad6c3c3e6ad894ede27990661dbc20f0c7a85,scam,100
0x570ac27d1048dcba1a4c58fe80109b9cf9b0e2ef,scam,100
0xd53d7576d42c525fe2cb44fbf82afa198da3a10c,scam,100
0x94c4534f834b3da9e8c677d92ee173d99de2baf2,scam,100
0x1dd4c4c639e6264bfdeeca0e9814d8a33a0c3a40,scam,100
0x2aa8af4a79575458d5d0bcbff6d7f045f877e3c4,scam,100
0xa51cc593b0a55b3ee61fb8835c87d352211bfccf,scam,100
0xd5edf7ef02912a7bfb540d070ddd10d0432e4c26,scam,100
0xcf73d835a960c9c3114b5051d9b5dfa9dcf32956,scam,100
0x82d5109de6653db5fb9f277370ef9621ebe67abc,scam,100
0x49912808195c215e7b3743440e20700cf818d0c0,scam,100
0xc9ddc35218dcf2c7d4417f9943a029e420c6cf65,scam,100
0x247733af8b2bb8e63e3a2a419761c0fd71d40499,scam,100
0x952c82c3078e5fe08b6b16622d27a195d6690300,scam,100
0x78c1dd40e11c360084f046984660ff8bbf8cb7e8,scam,100
0x54faf0414295cbda1446b6dd35fb2d2934222329,scam,100
0x14978c62fd31c4b02fa83ac9cddf2c8c48cebe96,scam,100
0x443da1851b4bc78e722627a654d58839dd61caf1,scam,100
0xb0091be2ea814275a4590afbdf7c609c8e27bfee,scam,100
0x79d31b72efae46801e822946fca13d30ef30144e,scam,100
0x575162ecc95ec30d99da411ee04b35e5cd50778d,scam,100
0x961bd2e55d694e77f0816e9febf91e068cdf82a6,scam,100
0x102f896c62091686baaec194ef42caa1193d03f8,scam,100
0x0b591a58137f154f59aea1284166d6a7b49821fd,scam,100
0xeaf0705eb9ce1964ae74958b8dd753d6f503d586,scam,100
0xc1e97d5f2527ad5bca74dbd528dc89e34348e12b,scam,100
0xb49f533d766443e4a0cfd42be511bd987b3fcf46,scam,100
0x47d9f17024c651f6a58aa5421c4809313d9be6b7,scam,100
0xb4179be2a85a3b2633d74d86055610adfd690217,scam,100
0x1ea3ecc937bae79353d198db2cdab1e5cbe625dd,scam,100
0x917a417d938b9f9e6ae7f9e5253fb6de410343e3,scam,100
0x2306934ca884caa042dc595371003093092b2bbf,scam,100
0xc2a9ca9117f8dafde8ee7b14d3c86feda5969873,scam,100
0x529158c43b00b727905c67fbbd6510f3c230757d,scam,100
0xf6bd9b0394a153cfaff3d5bd26e8cf4e163773be,scam,100
0x74a37eca87807e12bf3d4d088fb6b6186a630926,scam,100
0x8c4cb3433993b4fad3c78f692a7d417faaab3eb9,scam,100
0x7848aa63e9beec2405dc3e5e58edb568a8dd0231,scam,100
0x8babc460731cc581bf7cc2d819069cb747077d55,scam,100
0x7f830793a16e8380dc6d7477dded435c7bee499b,scam,100
0x42551f49c7e7bcc836722b072b52a666b9ffd76b,scam,100
0x17528e3baee18484f775874cca27fac025bb5715,scam,100
0x8bcfeaad8a808884d837085614315f1c137621e3,scam,100
0x4b9cb0afefc4f61d49443489557c7a29bb1fba48,scam,100
0x715d0e44a3bfef3834dcb29405e5ad0bc7c01806,scam,100
0x7dcfd020ad161fbd4c45894ab352582018ea9197,scam,100
0xf4a27922bd432d683e704daf6f8563f0d03ac13b,scam,100
0xc45475306a5a0b5e76e5c3d64499d50f6d30ce32,scam,100
0xaa77827e4e7f4a775856e62c0ccf60284f6970c2,scam,100
0x0a99bda2b26c7a31f567e8de8d4acb5e40cf0a1e,scam,100
0x72cbc2e861484f6384cae74583cd53d9e8156b18,scam,100
0x884c66809091bd332a71db8cbdd67cfc239128fe,scam,100
0x69bbf9a44b46083dad05d070422aaeafaca3204c,scam,100
0x0913e0169f5129185c3934920d3cf6e5f56bd3be,scam,100
0x2b4ba785c91ad66ee0e1ac4a145f304a1feeca19,scam,100
0x4ce9461c4d8c2602e7cac5719471b46e8312d098,scam,100
0xe88379631857c0d8174efefdf8dca25b29610f08,scam,100
0x95ae5770f6bbe0326f48fcf582f02bd87ad525c4,scam,100
0x03e27c1917672800d5fdceb96e1ec3fe672c2859,scam,100
0xad88ce52945787c6435a867430bc1cb22427a4f0,scam,100
0x746fa43ad6e2fcfd7fc5cb6ca348b5caa6a6081a,scam,100
0x91bd14a1de43f49d72503a1def8e7273328cf80a,scam,100
0x0d9a72db955e98089026e4d639f9ea3bb5827a26,scam,100
0x0aeffd862a9cfa827574e2e5e50cda07685c9260,scam,100
0x2e7f29ed5c73f5bad44ee7ce20afeeb67d11de23,scam,100
0x74fe63027ccd88f9cffe4255fdf2075243582ce3,scam,100
0x125afed1eb0e75c20d919f875f0c952311a8af40,scam,100
0x4899f3371fb9f8e68a0b639bf1fd75220a089c42,scam,100
0x73c521e7bd009e1925cf0b4175da2f86cf805b3b,scam,100
0xd264fa72cc12690e1cbca5052c803d28574bbf43,scam,100
0x992aa27cb917d4e8c8a65093f0a7b8cd3fcbf7d3,scam,100
0xf7b39ab5ea52a8b844716061350a6840c05be042,scam,100
0x56cfd73d7273f79f76bccc1f4bdea1a4fab944a3,scam,100
0x9da1f846a241e4e4ad4be8b94bd9c953e76c6887,scam,100
0x75ce09d5fd18e8aef5a46143f80be80df1845e07,scam,100
0xd58ca904db555b67e78dbd94fbc3b81f68dcf76d,scam,100
0x191b70c998d57ac8d93297a6a919f689e64ca645,scam,100
0x18f39ead861d9edd999900a1ea8f4193a481e78f,scam,100
0x4bb1c210e3921e0f051ed00e898b9605c902114e,scam,100
0x988e8749bbba431f1dcca9b01ab77f0e94fd4b2c,scam,100
0x5785b038682703ae566b564fff813ba1d4103fbf,scam,100
0xc366acea2118a505e059a0cffebca70df705ab31,scam,100
0xff3d2b561029845b84fb42f6fb646e1c3a0d6caa,scam,100
0xfea4384f85fe123f87f393946118e3828187c28a,scam,100
0xd08805413b2ff03824d8ee96cda6b3583894ac43,scam,100
0x71d36dd886d7aeb01950162a740343a92769d1d9,scam,100
0x2ed31556f20db283569ae040d6968f65efa240ca,scam,100
0xbb1e05701756064fa32bfecd35bd96751361ccb0,scam,100
0x8ab2a5c943d71959e73dcd7c075947c27d63cffd,scam,100
0x58d1cdc08fdb8f80582f9bf9bfaae456e96385ae,scam,100
0xd787fcafb49fc1b41042a825f97e2dec5f28369f,scam,100
0xaced61307d552c37555cdd8df82aec34176bd9e3,scam,100
0xc7dc36d47215c106b637e587e975837436b4b74f,scam,100
0x7f169740533249d426a99ac139a4e243460c4e6d,scam,100
0x87eae7af5117ed8dd81a13ed8f6f40cbdcb92f44,scam,100
0xb111eb751ae54f675377ff8e6d357c0f4f59e937,scam,100
0x20869b304287e11f0ccb15ea3d6faee3c2b362ae,scam,100
0xc1935f36a5d0f56c00779ec609a59c5b3f995f0b,scam,100
0x5b0a511548dd2a7479af9d521fc70a05c3015e37,scam,100
0x3e97891da9a6e6d4484572c25270a4a46fac52b5,scam,100
0x74886dd45da313f3d3d32235fed4595827d0865d,scam,100
0xccdf72de615b5158bb37931bbce645aa69221520,scam,100
0xebdc8d0445e111aad61006f13e7a2d071a473779,scam,100
0xe3805b2e44c32d51dac04a2a3fe2e6670b7924f0,scam,100
0xc04b7542a6ca219a242d9558ed63687409185922,scam,100
0x884e02eeb0407292baab1fea17dbecf290b55443,scam,100
0x33f78579ce0e3a96ca53e8d38b2b624ec432662d,scam,100
0xa871657c39bbd4b6732f0ad6fcfb1253f4ec962e,scam,100
0xdae3cfcd62e297568f024db2f089c80b14e9e4a0,scam,100
0x0b296edb9e41f48c68b26f7500a6e9f46c1a0d39,scam,100
0x94049346ce7e43237aefde0bd5449775c56e0aae,scam,100
0x029c42a07652d436533e3cb9b9c69fa188e91981,scam,100
0x8a6fcf189437928a6a07f6899b675d11f3d3f778,scam,100
0x4207388910870b2afdf9df2ccfd06830830004ee,scam,100
0x09ac4b425ef1ebeadfe4999d9f99e89c99b5937b,scam,100
0x7240f09a6f3d4877c9ba513522f8aa983ca66d1c,scam,100
0x6448912e952595720e7d31a2cd41c41640a78a96,scam,100
0xa2ba68c42e53ede6ebcfd0d413b83457e2dbffc9,scam,100
0x8b1dded551b2154725ccbd4324d287dc774183db,scam,100
0x9e576c64e79ba7ea4d61642ab37a3ddfcd52d0e7,scam,100
0x805547869741f83c9ac325a2dc034cb7b1cdc5a6,scam,100
0xbea082ce2672fb15d9b6e88385aa4c032c5631f9,scam,100
0x7ea8ed2892e72a5264eef4b72b5c10d6a4b00b1a,scam,100
0x9546748f47a77408dfbff0dc22505b2e9a75fda4,scam,100
0x6df94eda5fa1fb0cacef6fc3886b63728e8e574b,scam,100
0xc3c897eb0a0933a4f44c0ca405dd1f856a12ef4a,scam,100
0x3c8ef342cce872c8ee4a41b8539b3ce95e2fe699,scam,100
0x12ee527b57f5c862ad129934d2852b62aa14fd2e,scam,100
0xef67efc45ab3a26fcff76c7884603d212c39b75a,scam,100
0x184fdf802e9c4018f3a107d73efbe6b6ddc4fb85,scam,100
0xed40dfae2215b96762949204687274ed21043b75,scam,100
0xa08f203211627035050fee967401907206c92bec,scam,100
0xdd9dfcec6823835ed771275beaefc626a0955d7e,scam,100
0x84970ae043cec19e409a66bb5d8c3ad4d266312a,scam,100
0x87dc2b91bd923a9c43047102c671e7cffefb9fab,scam,100
0x0ca54e0bd5f0870ec9ff7ef2c80d94ad3c5c5bc7,scam,100
0xe2c7b245335a416d56bd06c08456f9a4678cdf69,scam,100
0xe5737446de405d13b3d0355c175a728ab344f792,scam,100
0x49e88432a37ae2dcc2639efa7601807db98483eb,scam,100
0x723c3121bcdf07750b874e207fd20e0884739590,scam,100
0x7cacaea4a2126818a1f2a3ebbbfce3b0e5480318,scam,100
0xc4706b97971325ae47f5e36b96f0c21697a06a07,scam,100
0x00bbd61f1f46bb2882e59af47b69dd7b501d5317,scam,100
0xfe34aa1b07c3c61305df1be55719f0be44a23cd9,scam,100
0x003f12c49df27295fe97d4990b7901e2c855adf5,scam,100
0x358ef89b4d37f16002cc4a853b321daeee423519,scam,100
0x80e313e41301312cbcda2fd38aa6142af637f8cb,scam,100
0x4b724c862456cd287be39c8bb93f8b73716da61e,scam,100
0x1cc46f05c98d409375012c9e0ab0ae105c72b3ee,scam,100
0x5bb6aa761ee435480859124b3db6ecb03550f075,scam,100
0x9961fd00110a4a968ee9f1daeb8f4a87b61f29ce,scam,100
0x80661cc2950cb1a32668bf104f5911d3aca91ff7,scam,100
0x9457c385d12c800e3695376efae905265423243e,scam,100
0xfc1063cb3885da495ae63c58e35d60100dfa85a5,scam,100
0x3a0a14e9b5d9e7d3a542d9ec3442295069dbf25d,scam,100
0xadd375ffb70902bacfafc7f4fb92f05650caf537,scam,100
0x76c88cd1ec2442c4f929b0f87280be006d7ba725,scam,100
0x4da6da98385c95b3c3e9cc7fb0954af4213af6fe,scam,100
0x300e5cc5847db2ca0190465089b8e568caa76fb9,scam,100
0x0bf4a182b52ef3ac75241377d12e11cd9e870575,scam,100
0x877271d7746ea3252a6996aba1524bb4d473c05d,scam,100
0xaa8f023923e2b2056296d176d78936b4f530f9ed,scam,100
0x4ba71bb3f013e1fe5fb8a797d9835f3eb5bc39bd,scam,100
0x290b74320705ac9a41331f6794bd1bb63dc7059b,scam,100
0x5b8c17f135f651e929aa4d7f41ba73a1630ca506,scam,100
0xe99ab3035cffc3810c9a9b96b8f2fa2f9c140403,scam,100
0xeeeeeeeeb3086c7b26b2027f1d42e83c36d49489,scam,100
0x4bde78ead56a30055d33bf84f52e420b0f6070ba,scam,100
0xab16b77486413086730b200232ee9dc0699179fa,scam,100
0x6a79961bba60028c2f57700dbaa45159247b79e6,scam,100
0x14bb6d69ab7fb011538be47efa115c8ff7853d0b,scam,100
0x27f97bc09a4e28d5935a08e2810b3e3c94f04220,scam,100
0x09710c915edbce7ef5382214094b562314c5c626,scam,100
0x153811025ae71383faa51d89731db29a0f8d88e2,scam,100
0x98e3b489cf416861f6f47a32cbfadf4b414613ec,scam,100
0x1afa52442733791aa493a15087b1dc3544684d9b,scam,100
0xd57efd4bbdf2eda99e52cba8f0baa6c10a7a1255,scam,100
0x49dd6d0b21c1156e90b9934a9f2c5f427add5fb6,scam,100
0x629b2aa7fdda8f7527d6f8ea742c1d5774e567ea,scam,100
0x5c5b3646368ff03f14f58b5e622b3f47f60aa9ce,scam,100
0x415560c296146bc9667ff42088b821cf84eb4a5f,scam,100
0x1792e2914b2ba25b507ba11aa7e4d1c0a99bb20e,scam,100
0x911ffa9ec83bd443ba040f3c5e576d7601c1a433,scam,100
0xe10eee4a6dc0d8193430b8dba35514beea508412,scam,100
0xa05dc9a7cb0c222bfa329646eacaf5061962f057,scam,100
0x083cdb896fef79b2034579bf8f7bf2b2e723a736,scam,100
0x3c96667dbfe9745c595865e7466f313a5ae8c413,scam,100
0x694afabc190e2041a334986129a722474efe0643,scam,100
0x2d675e9df1b5f36fdc5480718161cc1f041140cd,scam,100
0x89e5124b5162a0ceec512e8ba97cd5e6f065fd13,scam,100
0x1cbdb2fa7861f1b3d01e0249c1cd3532829fb08a,scam,100
0xc77815170a7b8743c2e1996850cbb91bdfcf185c,scam,100
0x4fa5f575c3c11d3d3ed2f776bc906d3a1ae31a53,scam,100
0x9bb881cbe417261199273d6a06c839f2ca78e784,scam,100
0xe52f0887a8b351a204c1a36c4278a5699b137b95,scam,100
0x09cd1a219ee6ec3d3ac428fdf2dedec27c900132,scam,100
0x9aeeb96044d3eb81f1fac7f81e2a5cf89cf31ee6,scam,100
0x886c18194bc6bc30086cb29d41082aa7574048db,scam,100
0xede745d4d11056442508e086646af20639be819b,scam,100
0xe551df41b0ab43ba14a4fdd21c0d7431d07dbabc,scam,100
0x9558beca8790cbc465d466fd0a96583dc64cf1e8,scam,100
0xb639ff53f78f04d6f666a1bc4cef4348c0abc69f,scam,100
0xf7981643eb843e31e2cb58b6bf71d49683b610d8,scam,100
0x6618dd109ee9dc93026ab36ab6ab7b4fbde0411b,scam,100
0xb9ba5ee81c6b58b79da3c960bee88a016a5240e9,scam,100
0xaab56a192172d1d9ac18315f00c887258528ce07,scam,100
0xc8edb98eb5002d7d8b0f9aa7ccb9c487084b6e67,scam,100
0x5b7e0ec6e0d6b5ced72b55fd2076312cdef22550,scam,100
0x484067d97e83ce140016e8ee9d644e1901b9a3b4,scam,100
0x3731ee38b675d83b61cff716d4530cdd11f02812,scam,100
0x74104e8c7f546c7398d198f6678310ce9d1b8814,scam,100
0x6dba043ee0b1dad1a3b48be75bf28dd4b45fe3a3,scam,100
0xed1eab18667ad15c161a227c462f5196bf071580,scam,100
0xe55e749770f1aa743d6ce30a14f84105090398e3,scam,100
0x857439b937f7bb76804a6ff8ea35be2d76e824b4,scam,100
0xa79f7e53b3490d24216f0c682581f68eaf9a0b36,scam,100
0xf26c5f062f3638ab7e880f6e9efc49c2157a1a13,scam,100
0x55320f98ab91d06f14adff822cf093f91d60c32b,scam,100
0x84bdd3398669dc5cbca9c75c700fbafc53627140,scam,100
0x8ed46b363e7abfc705188d5c4dbab88d0fa97597,scam,100
0xcfc84de17cc9564ab12871d4e9f911b74b44e9b2,scam,100
0x256b6711f4fab3c18df208f3eb7b87384fa13acd,scam,100
0xa6e5b2cba338e6fa4895afe2055274e4f4f4a680,scam,100
0xeb5d41bc689fccc9b5534c02b9fbb347420f7abe,scam,100
0x1e3f0b4efb8fce43d9e7bba3d3fd6fd25948b484,scam,100
0xdaf0204d6a701bce78de63d4fdc9f76695a01b1e,scam,100
0x811d25440cf7167dcd95b5cf3d114046a6fe03a4,scam,100
0x050022eba4d55d242d9568794961df5596f968f2,scam,100
0xff7c3b7f4e4260097a33c9dcc291b9d1baf2edb5,scam,100
0x78694c0a6990dc9179d692c373140b7e14657fd7,scam,100
0xd1ef89402df5d0cf08b728a30b3495281ed93555,scam,100
0x3cc44b68a8d5b04720328d5146ef6bfc76ff2ec2,scam,100
0x17a5a3fab6a22378756ef364f495032fb634eff8,scam,100
0xb1d997d9ada0c16ce3f5c9e12f36497659a82c41,scam,100
0xba9da55bbb2ca86e13315063ceb6331da677d9e9,scam,100
0xfadae8cc0d922990f03c5c1bc4623bc55dfd8885,scam,100
0x525a963eda51fb3a36730b3c3214946c6a137f55,scam,100
0x55ae9d9b872faff25c7804a3e78c7ebdac47cdc9,scam,100
0x0d2986972b4446c6cee3326e4ad8f927cc03b91c,scam,100
0xb97bc55319c3dea418a04802084101be7fff3a21,scam,100
0x7ef39e737e0698acd2b361510682abba93c10671,scam,100
0x9a7054dfab2e6884ecf23f8f3ddf93eb4ad247b4,scam,100
0xa4635bdea7d99deb8a944e085d03a55d4b9d65f6,scam,100
0xe276c66af8853cdd91c1a25608b4e8b599f4da0e,scam,100
0xce7cf36d9b8bcacd4c80024a10aadd8f7d1173a2,scam,100
0x5f55167baace65a39b3d9e7e6e6a5047cc80fcd7,scam,100
0x05605a807f4444f8c2fdbc44f51717ab6c055cd2,scam,100
0xdb72d3cbe827afa4b223cd928e4f9bed7418444e,scam,100
0x9c51699b4cd43ba4f6bc81d70b21291b63e6d130,scam,100
0x6574c0bf7f3d144f5837acc160773ec8f2a5cde9,scam,100
0x1b3acf93f3a3e9bd52292506f7901bb1716c31ec,scam,100
0xe64c050379b6243c405e848dad8d5cb5ce380451,scam,100
0x3d2f3a9ef8f39c4b3ac713fcdada11a0626c803b,scam,100
0x4dffa3928aae206fcd7a251f54fe1f5d562a027a,scam,100
0xbadf21a0e927df9abf773f01aee54b53a21a1787,scam,100
0x8c31e77f2b46a2957fa465ea9f85786f51345841,scam,100
0x1d6cd1fbc644ad737db641f0dc91d2634dc8440e,scam,100
0x3580b10e7b6401f1f6d86f782a5409fb5198ff68,scam,100
0x8bece7f1dac4834af77c6bb78b008a04cf861d53,scam,100
0x74148005e17094cd696b520c8f00a5b429cacc8c,scam,100
0x59c3f67a32ff4f88c3fb4e3a63e3b7fd3cbbf1c4,scam,100
0x0a9b5abf61122489da680d74a0f9b143352eba83,scam,100
0x0e7fd9cd082a6da1e383e5a0ffb8041ca14ddc94,scam,100
0xfeaa2288d98fb4886a45bb153fcc05bc7a2de8da,scam,100
0x492a848c8b57534efed2be954572f4c71034d5a0,scam,100
0xeade619ee57d4edf08234b9b635ac951a590edf6,scam,100
0xb294b24d67a4ee18098e80e9efb9d47394a65993,scam,100
0x787d43a0b5739afcd807fbb90f1775c4f22ca182,scam,100
0x295fb23c2b81e30e9204af2e34ed3bf433397afe,scam,100
0x7c2eb2cede12ec5c05046907102d56d657f27b69,scam,100
0x95bb5cd2c3127f7f5b16e5af0c3b459e33fe93c5,scam,100
0x80e8374a89c514340a7886defabfc338dff34d86,scam,100
0x8125bfa9f2d958a774b71a2c0d1f1f4634ff3f6a,scam,100
0x07a102e7456c5878a04a4d5ba9c05800d1715f34,scam,100
0x7eb28833082eb28fd423ab30df20afde98c47dbf,scam,100
0x3a5f12bfaf71190eb0997078ffb4fe767c5cc299,scam,100
0x91e650888a226944d35d2201695ef179b5d51a17,scam,100
0xc64d2e9afdb8f64104c031cf16ec9c24d72e2bf2,scam,100
0xe137e09dcc1f0b983dbc3e29d00b87f37e881feb,scam,100
0x662cc6268eb3c8d75bf0415a54b1de9fcbe55ca5,scam,100
0x4355853c6ccc77cce73d4501f09c1a27b1b30146,scam,100
0x68c61530aa996cdb0c8c92821569ccf38c9ea6d2,scam,100
0x2c97fc2afaac350b42baf0223e0a42459ebe21d6,scam,100
0x578fd2367f31b62b6a32ef21d2a3193d22c34fe9,scam,100
0x145eec5c45fb211de026907d20f37d2243e49e6e,scam,100
0xc9a08162b95915edf6570f0439757e1f655de576,scam,100
0xffcc89233015b37a136e95525905fb4fd1256777,scam,100
0x4d5a7d6ecda9df9e89d4dc2410ae2776e3481c03,scam,100
0x3018c81dcb9caa2554d226d5a1a929dd319f085d,scam,100
0x8b1deff8d7d0eeb1869f9e3e52169f19cabdbb5b,scam,100
0xfeefcde74ea44efbdf9a16e2a524da54f5cf2221,scam,100
0x8bf812ec596bce575963accb13ce3e6586b6cb93,scam,100
0x85059b78e07f12424e30c28d3d55da87752ccd4f,scam,100
0x70febac8d7bbf17209c1db45beec6c77c08d1889,scam,100
0x58ba8ebc3d37891cdb0a63ef9023599be462878e,scam,100
0x9eb041af96d44583110565abec79aedf22eb60b5,scam,100
0x93ff1870219e7c722f61f0c09715ebeafb4de631,scam,100
0x782b00ceaa3b13ea36044596eb4b33d1eb58bfdd,scam,100
0x41545546c1b5a0d72f7f8105523e9579ddcc6b9d,scam,100
0xe2975f91873dd319871da61077b4c9d1d5d429c0,scam,100
0xaa74c85158be3cef42140a2d59c063862463c703,scam,100
0x99f3d11527c4ca9dd4e7e2320ccec21c08abaec5,scam,100
0xe45f73dad6af24273b361f02c3749f13c2231080,scam,100
0x6123e31bf9384ac5946d3affbc830749c4999f58,scam,100
0x1fa4c51efacad606e83cf951dd71f819c8f6273f,scam,100
0x3f95335394e8ef1a7f2e7078eb7548ec504ad471,scam,100
0xd1bdd067f5f1cbd358e2dde444f8d9f41de8ae76,scam,100
0x12b62fad1f5bac3e3653d05422c4816b91a438ad,scam,100
0x2d70d8138edd99e32dc72a2fa4465c267ca9d051,scam,100
0xa83060a89300c76b26aa1af767b8af23faef4c29,scam,100
0xa964851392668bec4bb806dec39d96a2850ead25,scam,100
0x0000000086c5d614bec59dfd2c9b88f7cb57f23c,scam,100
0x4c8535c942a18c15d2e3837eeeb30958a16b8a48,scam,100
0x41adf29532a797e6421da918003e80ec70535dda,scam,100
0x7ea4270d456bc7b3e1c72f8a21a88a90c3d60147,scam,100
0x8c34460976e89edde3e2898dc7f23b597d295103,scam,100
0x9fe0627303fe40f1631231b4dd016d30c13eafc7,scam,100
0xf39f8505c37080998a58bc9bdd946b81d4949004,scam,100
0x86a120236c1f595ea53a93736b2e397c27af802e,scam,100
0xcac1e876812a36392ac2f58c507e912accc8c1ba,scam,100
0xd47a0ce5d41eb793bd7008436082388b6894dc9e,scam,100
0x69428858906050e78dbed8e65083d47139766b3f,scam,100
0x58dce1959623e1210fe465ca3afa3a05590cc4e7,scam,100
0x958007d285c3900212f146770acb235ef385529c,scam,100
0x3d9d797b15dfe68d5010fe9c9e8a1aab1f040932,scam,100
0xdd1db171b110fb857311fde3236217894e7e9ab8,scam,100
0x1901d590f5ddbe8d58c69b324c13f884ca1d0b31,scam,100
0xe597880cb0591c6fc09e1b2778c26cad34922b82,scam,100
0x92fa227d01dededae2a50b9da02413c48a872424,scam,100
0xbca804d30e8602f3ca47f8c8b3a44f8e03fe1594,scam,100
0x7402f8bdea1d05f039c98d78cab0da6740fbbc3f,scam,100
0x5a3dee76449fe47158bf6b3b68c629c4ecd2554f,scam,100
0xa47879fc57ecd8b52bfe7cf61b9bb41b7ef84efc,scam,100
0xf6eb7d25dfb8cd1d8fcb8d1cccab9f6f3e594ea8,scam,100
0x8b84af89c167749d60e2052b0533d8cad1d91722,scam,100
0xe03c6fdd69e268a00cc93fa282fb3ce82afc8b12,scam,100
0x18bff0b35d63b6e19775d3fbbb5a9fa9d7288a74,scam,100
0x9baac782ea141718437a825704fc61802993c03a,scam,100
0x3389a9cacb4a3fdbe43db14d132b3f1e215a835d,scam,100
0x2511a5cf945e1cda14e3210d2a56ea0de1d3e031,scam,100
0x27075c2f55bd05c8f7009e8b5a1d3cf131806dd5,scam,100
0xa2aec7e1e3c63fa266ca443d37dc88fd35a92d4a,scam,100
0x24f7ea54d9cdb021c0788caab3c1796aa8b2c161,scam,100
0xb93235c1694814c8c6534cdb14806fba39f8fc97,scam,100
0xcb515d908e72dd0e3793d285f4c8208cf0dd592d,scam,100
0x51d3ce5237b0aacb14ea4ddd1093b10afc69d40a,scam,100
0x927748d724f1d163540d95ae83aa9e8bcde767d9,scam,100
0xe8f3d069db0d50e31181cf660f45b7976c0fbc5f,scam,100
0xf8abbdc8578b940b82906a2e8da893b164d4fa59,scam,100
0xb51734e8a270c2e7b31c6dd692bbe480353a985b,scam,100
0xd8a054e24dca6ab7327556262bd186902095b893,scam,100
0x1f85ad342846fa0a93ccc2ceb542fc087e3e2912,scam,100
0x962b55decacd69b74d83a1738b1e42c1e834a029,scam,100
0x159fac9f7d1559833b05ca4f01fe956ddf978daa,scam,100
0xf48483a7013aec550d47d480d91e7f6769f517ae,scam,100
0xfc38463413b3611c224cfef15493de955672d4aa,scam,100
0x110d246eace2bb15a065db0d351b352dfc048b85,scam,100
0xbdf4886524751d21ecd80aeaff429651f9491bcc,scam,100
0xa213344262535d3ea5efeaa7f7cf74e792da6258,scam,100
0x1ee6b25a0e3f855a10916766df3a056e924e5dce,scam,100
0xf4d5819ac50f1e5396a5ce92a857829585becc99,scam,100
0x455aeef956d303dd97c54d15b11af7d7be9b1e0c,scam,100
0xb1a07895ba97652fd9f0aa7b086787afc3ba0c68,scam,100
0x82aa927292f51046c309e79f2a272bad474cdd7a,scam,100
0x9aee620a4d7df8e0056fb2896528d0c63819390f,scam,100
0x723301720e10b1d24860f991d7615c6f219c6cc9,scam,100
0xeb0c7fb7dfa3677b811a9c2c17f70598be706136,scam,100
0xf5289352f62ab27a4369780572c4799f58ca3563,scam,100
0x5dfe4376e321227801dc46edda4eefdd47bd18e3,scam,100
0x587808a349c5cbec96d75b234c4fed38ac4d5c8c,scam,100
0xa46e49c298acbdc40067b453c7469182ae69890a,scam,100
0x1a8f8122fa84c664ac105607eab99b2e5ae7c11c,scam,100
0x96435270799dd4d9ebb1d6ef007e61f2efadfe8e,scam,100
0x0297a3211d69a1a268591e1ff6f570699ccc50ca,scam,100
0xf02ed2e4045e024d04e032e9f609d41795a69c1d,scam,100
0x67dfa651e7aba5ef524920d2d69302ca204be633,scam,100
0x1c2a263bed6d2b7c6962884c06d2beda9c737a16,scam,100
0xcdc4fca67ecb386458d4ba8a4fb8b726d2af5ce6,scam,100
0x13403162ef6cf6219441667ae22892c997262611,scam,100
0xb467ca6b266edfec39441e82c7dd3b2021da4846,scam,100
0x3171b40d92195d65a406f947daf0d5354a138fb3,scam,100
0x8ad3f1d1620176a1d7e1cd76c18a60a514fed346,scam,100
0x412552139852d3310e58858803a97bfacf0c86f9,scam,100
0xed51c3c2fb6e6965aed7beec167b0596dc36116d,scam,100
0xabbd5f7d4de3c91706c73fd7d09b9ec3ed9ca697,scam,100
0xe349b26753eca84a2858901d414c612c8c8e20f9,scam,100
0xe4fc4c3889b5442391acad627673f4ef7efe7b97,scam,100
0x82dab2b5f2416cc61176c1e03bfd4afff52dcdc1,scam,100
0x92d43d2f55e077d1bebc6e348a9f4ff64fd4f21a,scam,100
0x0e2fa227599b1701ceeecfbf0c92d8d23b2f493e,scam,100
0x916d37534f95f30c35a60a58150f48c2d0ff4be2,scam,100
0x35647d709bcd5b451f8c62228876975e8d31f85b,scam,100
0x0a10c493bc6f7faecca5be1e82d7fd7fb3774049,scam,100
0x8d305fd29aebd6e0562de9321d55e7f0e6fbacad,scam,100
0x5c0133dc7e8811b3faddd1016d0800dbf5bec2d8,scam,100
0x96ae446782c99e952f17626826c83bfdce53fae7,scam,100
0x2271a88623266069352196363c1e54f61c5141e1,scam,100
0xbf863b57322a1e634388946f942306393a5d4c69,scam,100
0x2c849c6eb45e44526b1485364b25816b0560d9a9,scam,100
0xacf90f51d960bd6038e8a2ee7eba13cf714cffbf,scam,100
0xc2605dc15d3ece4ea7a160c615fbb229c88efca7,scam,100
0x6442dc8bcb92fcd556c78d91f551cdaad62654f4,scam,100
0xd0e45dceb9b9a3ab8bd59a989cbdbc03d1507afd,scam,100
0x3e53a430c39896daf1b241828e3b5e8d526503fa,scam,100
0x80b501e799ff901b649990cd595659c4aed28493,scam,100
0xac2530772075b7576a7b27390e348fadf3345c29,scam,100
0x50a9a8c8ce2bb0ea10f4d4a586ac2d77257b8247,scam,100
0xa78959e1568448a3cf866968872431e710458552,scam,100
0xf2db2f7aec4e32fe10a8352e1e02d099a194f7a7,scam,100
0x5bc947356b9a75fdcb92f3eb550682941aca376b,scam,100
0x06091b32533835265bfa6ef8b32b04747ba77bb2,scam,100
0xf358b296ddac14bb76d364a496376107cf5d2866,scam,100
0x25ac09820e65144da1df55e8ab2d343fca974040,scam,100
0xa18dfe5d1d2d1eedf18f0c00f6527e86677189eb,scam,100
0x4e344fa2ac01f1fb53b388fad51427de170241a4,scam,100
0x94b40ecc7b38f5a9316b03dac4fc663e4d10cd15,scam,100
0x2645eb18da2a3ef3a772d2476ae4fc81a86c238e,scam,100
0xf5e83eff1a77563f25e1fb561cb20e4c51415c52,scam,100
0x10b895676f843a674c5c188299a884d09f44b69d,scam,100
0xeb7cf9ea7b0c172e4f3a12df3d565a373ccd3583,scam,100
0x7abd5104d633738867a763e2de30c9870a603396,scam,100
0x3da35833d1968b12b17488277ce85a0ea1518813,scam,100
0xe93a6627cdfb1f3b640e4eab649b897786602051,scam,100
0x1616820bb1184eb0bfbf92480eff78fabd0e33db,scam,100
0x5f5729010c873232f0ef6a68dca7455cc11de0e2,scam,100
0xd2d64d3758928a09448d6a865b8bd5f325777876,scam,100
0x8ee48417e24a1903b11056aa904f8de887c2c350,scam,100
0x263855ebfe85a1532ffd3ef21dee111378be8514,scam,100
0xfe75aee72700ff0e0742c00d12acf2724827fa00,scam,100
0x72dc6ad43749a9fa2ae381ed35b5fd8f6604c7bf,scam,100
0x4a0b32c45207d063bd0e3583ab0fd9f359267731,scam,100
0x401e72fbd9d8e23d7397583695ab9b4c247b762d,scam,100
0x41b9d703d0ef1d19f4b631604f45f663c5416bf8,scam,100
0x2e43ebafe93b726e5b87916d00ea3827da897257,scam,100
0xa358cf2d2cb8a447b45846a4456d6e7c08d2ee7c,scam,100
0x25f8b4acd2c37d7ebae0066fdf9f13f327c0c4eb,scam,100
0x848668c8c07924d77a600df4033c6e3170fb7aed,scam,100
0x51286825c4c588c05b7c1d6b513828cdf2117c63,scam,100
0x39d80d7de4345821b6691ee6d71347323a8178c9,scam,100
0xfd6fce575e3a117a0d889d1b32b5e3d5e5c98bdb,scam,100
0xfba4f48ab4a394ff38af368b7c2b37547a41e1b0,scam,100
0x84936a1035298768044a98aa85312d17af2c63c8,scam,100
0x197e45d545f4da0c3f15002222bcaddd9d3d7d37,scam,100
0xa1ce6a77c6b0d54e305f1e23633b3778693e9818,scam,100
0x24f4a749095f9d8489090e0d369f8419e347b594,scam,100
0xa79bab8d82baa14884f4be6244d11eed6ac6fd3f,scam,100
0x27210b23018bceffdf2762359ebb337e429ec000,scam,100
0x262441a1a31b44b469eef4380ec7de275c17e890,scam,100
0x9a092a20ef112da183e14c7ede7ed9fb292cdef0,scam,100
0xb2628597aac64b136c2aae3a516ea79a44817d77,scam,100
0x75c2516e5c897b28cca3a878350eb5d1befd0c5f,scam,100
0xacd1d40f00f3ada36927b7a78473af6ccb7ca6cb,scam,100
0x2a013a5062420607038c1e162fb46a177dbb287e,scam,100
0x87d7da420bda88693d945475a75f2d4a849f8d93,scam,100
0x96ec7c34b029015c9bea88d284c6a456bf0a6faa,scam,100
0x75b393208842a6ce0794a18f79d0e7c8805a3bbb,scam,100
0x73c6988c0b414813d8c49977abd7d1805ca0122d,scam,100
0xeebb7c69646a633d794e23aca055baf8e3be2cc3,scam,100
0x28645844df0fdfc8e17d5fc01b9cbd09c4d9dba3,scam,100
0x57269f40f4bcf93643be082be3e5082a4269d02a,scam,100
0xac674b8d0e05d8d34a627cb20338a7c192231575,scam,100
0xe020bd03cb5472d7d4b6729e3e4dae8024e0a63e,scam,100
0x91518450bd1cb56ac96d7855fb1081a8bfaddd9c,scam,100
0xc6e9b072af6b1222be1b581c6f3e1a00a18e0f42,scam,100
0x94763846b1fcb75fccfcb51a9636ddc26af281b1,scam,100
0x97b9ff9cfac7f7f2c9b9ba74f3899c56f67319a0,scam,100
0xe7f25cec2687b2d08969ef21d06b40aba248c177,scam,100
0x380fbbe893826049941d0db5e88fb3fbd60a7657,scam,100
0x86da32e89924170cdfc8b11a6191b22ccb65a658,scam,100
0x09750ad360fdb7a2ee23669c4503c974d86d8694,scam,100
0x1032dfa47034bc11990cf2df61c140e09e959671,scam,100
0x5987bd62148392261b85f5ecfba337cdaca62dc0,scam,100
0x91df1b50fb079941892d363852e48e53bba091b4,scam,100
0x29aa50b2f54b72131385a1acccd4de256487ae2e,scam,100
0x30f22013cb880ea03402a4d71880024837336d01,scam,100
0xb2172027cb233198a3945a2c864f1ec5b7e3b3da,scam,100
0x3a27699588f7ab17ee25948d8c9e2fec3bfa9e7f,scam,100
0x2b70e5e3c39926d5d71ea403922175492ebd77a8,scam,100
0xe2b7a0c7bc21e000b8327713513b9d4d2620a414,scam,100
0xbcc29dd4b48b39204a05824dda23ed5542cdc5e8,scam,100
0x613a204424c8ceb65f2147ca05ca4e8a898b998d,scam,100
0xe23b3a7ae54b94a28e3a7ad744a91108fad800fb,scam,100
0xaaf710a008c60ca60454fda7384a5b11313f8cdc,scam,100
0xa855b39598c40c4cc38ff3c59c35cb966d7a9380,scam,100
0xd3f382b6fdd5adba1d6d8418302d660dab78f3ba,scam,100
0xd56b1f48cb0403063804d73916876a2b140d4e85,scam,100
0xf5c86c5ba5291da78a2b4119dd7aef99e3508362,scam,100
0x1efd59f9892c6c797a41691029b607f972928ce9,scam,100
0xb3958757fd6d2dfbcc934f39faa1f82210da6f50,scam,100
0x3572dc43e9ae991828633339086e6e1425e64281,scam,100
0xa2065164a26ecd3775dcf22510ad1d2daef8bd2a,scam,100
0x113acf282eeb4d71bec61ad83e934bf75bf8253f,scam,100
0x9ec4bb86a20f579fe0422257814e26a6385660f2,scam,100
0xad723f9913c68bd81b529077b2a5b988ea26f98d,scam,100
0x28f7153cfc1c81efe4a83566b0e35d367638bcae,scam,100
0xa4a248a0bb71816e2283cbfcccfe04c59bbec927,scam,100
0xd9cd7461f960e56364a294f124aac77b25e2b784,scam,100
0xe4b1f9efa824ade4b3f819f30e2b9839dfd73383,scam,100
0xc6b7c61d32773a252858df24d486ca2408202143,scam,100
0xd74ea268dd71fdcb5aeebe4066574ff5e4e45f78,scam,100
0x1db3dc42185aa6889b92793380c09c2f51b44f26,scam,100
0x4fab53d922e393d8c2e49ceecc685abef3fa505c,scam,100
0xa5978a61a90ae7217c60c7b275343ce244a053cc,scam,100
0x8f9a8dc65a423c7dec9261aa6010db738407c879,scam,100
0x574fe7e632e08c8f0f265b1d7d482330504547eb,scam,100
0x093fad33c3ff3534428fd18126235e1e44fa0d19,scam,100
0x9ec7b1c0d63a24063abc4e4d9027ed1c3f8a3831,scam,100
0xd5381a253e0f14ca010839dd71502e0b35aed990,scam,100
0xd63fc5280580242f79e9f98c4e64f032109178fb,scam,100
0xb448eaedb5bc19857745ff32112ab4d092159949,scam,100
0x82c05561473e5f762f57a2c63dfca86de551cb8f,scam,100
0xaed44ccb06ed816c99c13e6e0b2eb48557fc50f5,scam,100
0xe7c04e44048f328dd67fc2532158317c42db8dbd,scam,100
0x12b1036ed346381fcccacab8b02491ff37f87d82,scam,100
0xa46c9e0b39e2fa395b8d209b39b6b43a101a8d53,scam,100
0xeecc46a74cea6133a12672bd62d5167877b4d521,scam,100
0x0dee972fad19f4ea48a4d9604ac3fc9f3b56b7e5,scam,100
0x99b1805fa1642fc891c06ff0f0c3d7cbb73db1b6,scam,100
0xf5f6294e407f3a2ac3680b68f9c879cb82cee675,scam,100
0xe6b1b3fd91776c9a6693ae9bbbb4dccf08936ce7,scam,100
0x8b7899daa44e4af0a214fa87507fcc92faef0223,scam,100
0x2b979f4ba194e5a0864cc428f0d1937b48bc3b74,scam,100
0x9a284ae457c879dcfdf1ef25eae04ff84765f7c3,scam,100
0xcae7be2bb517bbf15a8faf9cc2d8c54f7eaf34b7,scam,100
0xf64e2312f224b92eb5c903c94f87bf4a0dbaba85,scam,100
0xa6bc2675ce4677205f376416087269085152567e,scam,100
0x774148e22f021972bfe082e1548e5d9dc6e1d76e,scam,100
0xbf041d5a2c7537e545affa55da850779ef334d6c,scam,100
0x8580e674cf0a7659c07b0958c030171cc2d2258c,scam,100
0xd610aa5086eaaa7b6f4770804ee6dbed0e708c36,scam,100
0x818f1199269d72871171424ce3210e1852651098,scam,100
0x92fbf673935c28296e33170c1f70a33d95cda6dc,scam,100
0x4d9f1714363d4cbddfec9b8f8469df594b2368d5,scam,100
0xe91843ed2071f12cb4d3189742d40668a6ab789d,scam,100
0x44b20db0a6ec33dcfcf97b0d5b89421e6d82e602,scam,100
0x84ebc7b3fa3bbb11b87fb67545dc2503615e3d40,scam,100
0xc8c3234aea55a5f746b2ae585a849ba0bfa57785,scam,100
0x655c04ac7136242783a28215261890f82a9116fc,scam,100
0x50e8fa3e84dcad47231dd9452c3329ba01323bd2,scam,100
0x3641e3db66fe98fb22477268c5a598f958ed5198,scam,100
0xd5e7796456c250edc87769bcecc19ca33cf284f0,scam,100
0x800d2b0cdfbebf9437565b0bb7426fd2e796b9cd,scam,100
0x4c334f280f9e440788b66c4e5260c03e4477267a,scam,100
0x42b32269537820f232eeb2e5c97e29416dde25b0,scam,100
0x7bda601bcfb1145903b0ff3cc850c05866028031,scam,100
0xa7ec44b9a0b7d45b3fb6eadd10bb7c29d076739c,scam,100
0x0677f5ad9b72aa29f7671cebf86ce3735618c3da,scam,100
0x5b6d3d66e18dfd31ed9a753c406963c401f356c0,scam,100
0x3c0470b476aa3bf615bc828a6b2006aabab440da,scam,100
0x724cea3153a61d8afb6ada553f096ad7311324b2,scam,100
0xa78457fdb6731a1868c9fb789a2a0bc0fa7eed6d,scam,100
0x8b9cb1038f9e0a00dea81009e28ae6d231b595c8,scam,100
0x4f043b470eef891527f81481fc2d348b8affc7d7,scam,100
0x144a1d8097de3b63f5db425f2eda3d25b6efbc69,scam,100
0x9102ac730172bc5da04b94e9e5676040491d3fd5,scam,100
0xb657363ff37003b9681f26977e01651c2ea6acdd,scam,100
0xdcd0f8aa447f94e24a86732f8aeb7f6fb9373e5d,scam,100
0xe8c9a01879d22c72537dacf7ecd237409c55bc75,scam,100
0x3dfe9f7af8864df0b7cc2a20430006fd1af8da1a,scam,100
0xb7c06096b7cf4622ae0da4ebc929649463c8692f,scam,100
0x718278dba6774d510a79fcd2ddcf8d09b6c6d30b,scam,100
0xe073e5ac357b983e236567ed837047ed7bdf9d85,scam,100
0x16de1e3d416cf107cad0e53a35a1023145aa2bf0,scam,100
0x5555355055795ba1bf286507b6fe766c0c2c45c5,scam,100
0x38a19ca0b320012b1ac6227e391c11c34a12131b,scam,100
0x2a61d3860e19cb557484cdf031e54f3a50a4bdb0,scam,100
0x370cb661b2f76ded571c8c38b304098d4206b060,scam,100
0x5ba77185e28f31b785c8f761eb0c4e3e64fb3ad2,scam,100
0x86ed2e7dde8177229a5831dd4ff8c67de5bec73b,scam,100
0x1b62540641acdf9d5063dcf1111ce700a7b52ebd,scam,100
0x1b65f0d8b79de7978f32c5460dad003306dbacc0,scam,100
0xd8db936e060ad8a4d1a435289a8ad1be05b22878,scam,100
0x8e9c9d40cd0867fd17ce7d45781c9145d95b8dac,scam,100
0x17505602047c58f8e97f5f8968a3f343f2a147ab,scam,100
0xe6d18c06b4dfac77a54891063800170031ff39a6,scam,100
0xcd7c79b4c15c4d5d4cb5393217be27e2bb7d2b24,scam,100
0xbebb35aa51cf29a6c345b18416076d0ce6e3425c,scam,100
0xb899c815c6b179e4ff6608bafabb5ff4f156d3c7,scam,100
0xb7c559f8ff2e918ff867ffecf9ff935d902b2ade,scam,100
0x96ebc304b128ddf22b0e850c9b84fc5d5dbba05f,scam,100
0x5f5525fddc94fd1e21c15188d9c92880b4fc4c17,scam,100
0x93fc1cc1057dbb27f34ce3bc8985856789e7e0ec,scam,100
0x67c9c1c13033d381e9089365a0bb560421ec2773,scam,100
0xf6c4fc68805b9da28dc44887928a77f8a09e5f5f,scam,100
0xcaf1285c4536a0230f6bfbbb7c31cfca696dd76d,scam,100
0x9bce48508cdef1d054e9577fde58afb3bf6c73c6,scam,100
0xf94ced943cb595007526b40b0addc28772696b07,scam,100
0x7b8b709130069ea308ac56d9f2e3e685a6438320,scam,100
0x062082fe1e7c5dfa7729fbf0d330b9bf65cde510,scam,100
0xb101f0eb0a8938769d4c3fd4f933b11627ca3768,scam,100
0x07204feeaf2cbbde2be760909af2f5ed6e2d14b4,scam,100
0xbd20edd21b6cd63057d41045eb72f2bc775ff88c,scam,100
0x7c5d28b238758a11f5bf92c2cb4381fc8588f027,scam,100
0xf2dcb22bd195b2b6bd3574d7cd612e19dbe7c605,scam,100
0xf454a6fe9e03ce9933f6def24f56c4dc94dc0d13,scam,100
0x3ddabffdba61369ffc0daa28c33ff974bf6bfd98,scam,100
0x07956d21122817a3bb042dc1ab47c49534d11ddc,scam,100
0xfc6e44fc94f9e0f69b80dc1377e37bae858cc7e5,scam,100
0xddc936af5b621733ce1c28537852020967156ad8,scam,100
0xa82c7c0ef05080463e4ac55db8b8531007f3a66c,scam,100
0x3834a5c59c088e4f50fd87f9f2a3059f7747887f,scam,100
0xe0a3d0783f6c178e29ed8f6a637cea161d8c1f6e,scam,100
0xff4a9b2da613b7013767d91af302acf7c06e4eed,scam,100
0xa23d81f41e039b6ff6464542a1ec32b34fd38ad2,scam,100
0xf9bc56bdfec81aa1aa79bc02d2e70584e81cebd7,scam,100
0x09606ccb020d62eac18219d85f6d58c951b017fc,scam,100
0x29c742ac63db10c35b5f27ff92ea9731d5345da5,scam,100
0x8bdcdc4aa947f7d79138f97d1f57dbd78c846452,scam,100
0x6ace0c63f8808aae05ed2685838980a891a0ae21,scam,100
0xd56df468acb9c85953fc1a53ae6133bedbc53165,scam,100
0xa2b62f35cdb9514fbe6e3d26c447cef810b54e4a,scam,100
0xee1410703adbde63f20093ced326f2d10c3b8553,scam,100
0xb617c0d30f265defc474fbb500eba8bf8427619e,scam,100
0x8a0424ac1c1fde4d9a765cd5739c4a5a4048788b,scam,100
0x21e0ddad4277d984dbf238071f6681d625408d10,scam,100
0xb541eaff334076206786152105024438efb98bf7,scam,100
0x23b562fef70c5b02eb9179d87af44f4b82fdef18,scam,100
0xe36fe2dd2fea7bfa7d882d3630dc6cb2607ccc98,scam,100
0xbd49c19d78382c7486d3b029cc3a9b2a77365fdd,scam,100
0xac1a4f4d49715e31f54cb8e0bf867bb9170c10cb,scam,100
0xd2e5c32effe8c85bbc911d865cb25ff148961018,scam,100
0xf62960f4b886ff538eccd07ad2d3bfa69df956bc,scam,100
0xd51ea7f699f5eda06b68818764fbdd77264a7cc4,scam,100
0x540f8052ed4b8f3cc73ffc4421885f9c604856ea,scam,100
0xd2866cfc6136afeeaef74af16ff499a9d862dc2a,scam,100
0x2674732514beb77e0d79b231a3c66f0fc47e2741,scam,100
0xe7853dd873bf57b6aa9d5251b16f8b9d68c4ba76,scam,100
0xbb835bd2259d34e4ea77ef39ba63ec1d93a047e0,scam,100
0x6aa5f110651d5c7914376cc9a107ee70ae465648,scam,100
0xa9c03bdb5569f3606420547218cf2813003d3142,scam,100
0xfac712ac804355fe14a7e460fc3c704fdde69cdd,scam,100
0xa288bcca4951000634e16a90c64aae43e4a4048c,scam,100
0xe77867a3a1b765591602ab97bce9148935d413fe,scam,100
0xb961f2a5eed42fc1607f4fb795ef6d36d341cd56,scam,100
0xd9ac9d0f84318a317db08d4978e3675dd2d2c4bf,scam,100
0x28fe5d410e503fb8beffd7cbc44ec2730ae19481,scam,100
0x65b4bb8493d39538954f0985908d314690d8179b,scam,100
0x9d6a0cdc1fc6412a22eb913e970073abf0c5711d,scam,100
0xd0ac32ab01d9d3ec145ef63f73bf4e222dbcc0fb,scam,100
0xeb8f42582cfa46563fac9d8798e3b15e1c06060d,scam,100
0xf598f9e6c6667d5d49cbaf23868314610be89f8d,scam,100
0x48747fab447ea26ebad1a79c5beb220cf9b73f6a,scam,100
0xb1ce19d0bfd0ae87db722a8a70ae39e519e68ef2,scam,100
0xdb29dc01828be7e7764888ca7e675b2b584ff262,scam,100
0x5b5d45172f7354f1aee3dd2187f0127924b22dd4,scam,100
0x1467dbf1a548dce43033737d79ca9239bebb3b91,scam,100
0x82c5d0c1d3d0f26159eca6e35b98249838b59688,scam,100
0x50ee292d4bab4b9647178ff3d2737ad2970893c4,scam,100
0xe90a3c163abcb8296080f06b9a9122499d6689d5,scam,100
0x3025c36d8a9620d3df89e9e9b1acbdfd639a6f37,scam,100
0xa3bb696b8559dfeb2a21cadbc92c52008dbe1ed2,scam,100
0xb627e9e2c993447bc433709399e064ec653704dc,scam,100
0x99bfe4239e631c38974c306bbc95282c6c381968,scam,100
0x00fbf5e62c707a9a5f9dd26d425eaf805eb8d548,scam,100
0x926ee893b7a9d9edce57cbb7195f4aa431144db0,scam,100
0x406644102a89a718e4a0f175cd9a3a5d47cd28eb,scam,100
0xb31d2090633ddcfe4ef676cd2eb38d5d36163ac7,scam,100
0xc88b5f4aae1c8f2778def2257b6baf1ba62e4b09,scam,100
0x02745ad75e786f0b2efbd99504e22c3cace354c1,scam,100
0xb76a4770587f76d6c644deec275a2c76069b5f14,scam,100
0x419912d0694ca1deca51fe852a387c47c967d48d,scam,100
0xc3255e535fe867566220918362b5a6cbce0e7362,scam,100
0xf96fac628987691189dcbb69d6a8e184e63c1456,scam,100
0x633de5cc9b5af88c69748bbe33e58a20738628ff,scam,100
0x1b94a7c99c6985b0fb492369725444a60a7685da,scam,100
0xc6e23e534c893f98490e5e64c2065ce2643c2bbd,scam,100
0xe8abf0365e2b46f3212d0536af3188f942dbf326,scam,100
0xe472c059b469ec0989514086985d64d0f3f2fe63,scam,100
0x77c93f8caa99cd1d8b006bffa5d6d1c047a5a626,scam,100
0x9e055e4d6d2c71ed5c861a32b43a2d8b917236ac,scam,100
0x88436c2a2f427f2aa641dfd8c6763facf2bad7bf,scam,100
0x7d64f0cc140dd901ef6b629f759c43fcef1555b2,scam,100
0x28e88f46022b90ffdfde8786198059c0e6b79761,scam,100
0xcea855fa322f01f15a965f55cc6cdeadb9ae59f7,scam,100
0x34052df6bb69a7ccb54af356a6e8f56a7b3485fd,scam,100
0xd7d19e87685ef99ff05f30fb6eeddcd5850e9280,scam,100
0x23dd18fc61248395ad63cb8c25f8136652908295,scam,100
0xfb5c7aa982ebced4384eec4d5e732a28759ebdf8,scam,100
0xbfbb8b6af5f6b6daf7042b21b2ee05a10af7c2e1,scam,100
0x1bcd993af83fac9db86221a1d7e472ae6fe4949e,scam,100
0x9b521529d04329c2b0a9f9b7db18ed775c6ca8fc,scam,100
0x34bb1719a3e73f02bdfbb21618f5299433ffe177,scam,100
0x9d02ebb2b9151f655bfec1c8347a65d1429bc434,scam,100
0xa51b93c4b24b1b60eb921d7794d9f1187b47406e,scam,100
0xd9d25dce4c3765855c76f3d2baccc0755c4d0bc5,scam,100
0x55f0fbaa71f047ba271d9380f1e9e49d8a5e3f29,scam,100
0xfcab85e826d61c5ea61941fc6435d0c67e366765,scam,100
0xa867ddf57581f8ec92566ded6853959ddd5a7776,scam,100
0xbd9b01257584a4240e9e7c706cf6b5ebe2bf061e,scam,100
0xdf3e77cd5e563f93fc7eca905d3302e95f9bb150,scam,100
0xa055703ef21005c83280110138a6c877af5894fa,scam,100
0xbafa4087b5dbb5cb9b40180bb7dd6a053e29e137,scam,100
0xcfeb62a98a9ea19c2701c13e9a728408defb6a56,scam,100
0x0cec142d56c27b7973fd067ea906eeaa511dbb25,scam,100
0xed59726967cae93e8acb8e50eef61fd8ed2e10aa,scam,100
0x8006f98f33f8cf4156c36256cd0866250c753d26,scam,100
0x0ffd3b6a9e628f9373f532de71c5888f3bb4e739,scam,100
0x95891b2de31be33f613928f0e6b32c679072bfa9,scam,100
0x2f07f20d034158528cfed80ea1f7e916c75b925d,scam,100
0x21918461c6aeca5eaec825b4746d64a0d4028df6,scam,100
0xbbdef8b12babd3ab6018566bc17ec3aa302b8348,scam,100
0x12ccf4b7010f5b201c8fda0f880f0ba63b1a88f3,scam,100
0x096dc87c708d96033ab7862b14a6f23c038a9394,scam,100
0x0fd4e58abacbb7339695a3d8ef53dc9bead3d15e,scam,100
0x52e8ebf98ef95d373d29041182830bf13c52588f,scam,100
0x820fa2199b16a32c8dd28641ed3ca85388b1ed04,scam,100
0xc106a08f553486985005f4721ef1611c3798e0be,scam,100
0x86c3bcf7a44bfca8511de935bfd3748af85b1d0a,scam,100
0x6eef8361bf52d8814ed646a8ec28020539982ac6,scam,100
0xc35505c62283edc97e5195bc7a3ec4be69eeb2b3,scam,100
0x5a907e5b94987c46e2fd51b01a7dd651248367a0,scam,100
0xe37742f207b4e51763974687906d31c6cf8150a5,scam,100
0x0aabebdabc7640410af5d901d4e460f174a4c946,scam,100
0x78460c7d54cdbae1556b2986da8c05ac8f290cb2,scam,100
0xc5d2f87fce3a476f2e9ed8462cbf7a45e6b83946,scam,100
0x9d2f6cefdd20711905ac7c4edc2190ab1b98ccf2,scam,100
0x2268751eafc860781074d25f4bd10ded480310b9,scam,100
0x4a64e4b4b6bc57f09bba0080ae368efaf8c68fa9,scam,100
0xdd8cadd55c92249e8866c27702871b56eb41f177,scam,100
0xf394d807795ff57373f1fe903046596cb0f69acc,scam,100
0x7cbc4e0d168744912c5afc081499145bbdc51e69,scam,100
0x067039dd2371efe930daac4a3eb1d9922407d6d1,scam,100
0xd96d23a1bafa5c544e3c0f2280fead18453b6a8e,scam,100
0xc9ad7665b4c4324b178f9c93305017f0230a8a8a,scam,100
0x6015b087776cb91d438be1473c6a5e5853b77046,scam,100
0x8d9621943caf6081d2745394a1d23da9a963f049,scam,100
0xb52e021453e4a5fa426d840821a65e008926956f,scam,100
0xf030d24620b0ea893ecd256ce65acdca808ba376,scam,100
0x4bc3f941b747c4bab3efd8749be2cc0b50de23fb,scam,100
0x2274c0920c661b872742d4f5eca49a9281c459b6,scam,100
0x26f7eb488661c33c43089ad61944f3231222b32f,scam,100
0x65088f603a0998876efe5a786fa64ee13e667e0b,scam,100
0x44663dd0a72674b7fa46b54e191e0f8ddaee17c1,scam,100
0xf2a0bfbf52fc0e8674e93f539ebc7abc238e3b0c,scam,100
0x2f1d7461c4d97ca86c60f59f977476c6bf98b253,scam,100
0x7f4a266a773b6d9c2f18895f4d08054891605f9e,scam,100
0x1a1324d5d35def51c4f92758c9ed5ee7597080c0,scam,100
0x5240a75adee83d0f6c45693d897788ed694884e5,scam,100
0x0945198dd98c78d88568004d775e33800cfe4bfa,scam,100
0x00000000072d54638c2c2a3da3f715360269eea1,scam,100
0x8202b590eca4662446102b3a97e3536aac8ab941,scam,100
0xa14d5da3c6bf2d9304fe6d4bc6942395b4de048b,scam,100
0xf8e380d0fbbfa91732c80bc82248378b11cd01cd,scam,100
0x4058b879a898b9508474652f59cc9fa87a3de634,scam,100
0xfea87495861832eef3060e92e2872e9f4111e62b,scam,100
0xd537736860c1762a3f8db43b5f58327b1d6edf91,scam,100
0x6bf563b49573ad473874cf2554bee8db143fdb29,scam,100
0xda28b1eb9450978b9e3fd6a98f76a293920ce708,scam,100
0x1a6fe9aa7bb81bd4b2bba6782d581ea3fe58125a,scam,100
0x65a30be8933d0bb92b4d5d25f53de5726b34993b,scam,100
0x948788962f37b46b7ab5342ecc718c2c9b915273,scam,100
0x94d55b6f8b53903026399ab45294140eafbfbf44,scam,100
0x49d086325ada80a47ed28d17497bc056e00561b5,scam,100
0x34278f6f40079eae344cbac61a764bcf85afc949,scam,100
0x2ceee24f8d03fc25648c68c8e6569aa0512f6ac3,scam,100
0xa4f5dd69db954c71587173de7d5d7dd330111766,scam,100
0xfcd6a3dc5a18b12490e4aa087c324dc83d223510,scam,100
0x1e31a02905731658841bde935920f56dd2ab2c2f,scam,100
0xd374946614c4d55fa0217f76154e0590015b4594,scam,100
0x83373a2e5fc62a8598fb2ac2ebec188ff8cd4a9c,scam,100
0xac513396ee50091972ee6fc07d120b6ad360b233,scam,100
0x0862ce7ae8130a09afbdc011b9f77115477245d8,scam,100
0xbecb814e2862412a58a7d2ddd4d7cd4ade43677d,scam,100
0x76175599887730786bda1545d0d7ace8737febb1,scam,100
0xeda0785ebbba90bf1ac4a1cc07fbf9c9452c0db8,scam,100
0xc8fcf92e0ad8d545bf5709bb5ba2be5fafdfe85b,scam,100
0x6a7c5cc282a0a437eb6d7dc5beb304f961ac6411,scam,100
0x003eb9c77b5b896fcc27adead606d23def34510e,scam,100
0xa79408199d2aa20d103052a94c52626de433d628,scam,100
0xad3e6c0a38f20398d444ee9ac1a911f6563b5028,scam,100
0xe065d0d82a74dace6babaf7f5a9a429b24f7e4a6,scam,100
0xd5edb088b7382b397238f5010d14cf10dd395007,scam,100
0xa33de7a7ca4d6bc03c7bf440d26e979916e28e0f,scam,100
0xac0074f31b3972e26632fd2a7ce989742f684d55,scam,100
0x4d5e3d4a3b5a95142bbd798476bc1afd20864ac8,scam,100
0x06eaf8e306194b117164b25ae42bcb4d996ee83b,scam,100
0x77fd8020284a592bc782ebd05b693d7fe1cc614e,scam,100
0x1c3e61c8825bf58303b1ac3350843faa01de22bd,scam,100
0x07c837bc481cd7ed487bea67c01faaaede204ac5,scam,100
0x58c53dfb099c8c13d6434f78fa70fe0c9514736e,scam,100
0x671167ffa438c87f134395d68b820d5a42202214,scam,100
0x96036e9b51f03cabb6fe30daad1544a73f795efc,scam,100
0x2789b7b3557f39643198433daebf6b43512be65b,scam,100
0x0b79ecd2128ea2ec74681160da517f851b89555a,scam,100
0xb66732ca0103b56fe9a8f598d6bf97b0c9536059,scam,100
0x98831a269cb88b6bfcc86e45b32c158981b34b22,scam,100
0x84a86e9ba1b3e668129e63687e46c1b75fd89d47,scam,100
0xd5f009b7a8b49d72c1d73a32afeea066aab8512f,scam,100
0xd2424144412a50d872dcad3a21eef2dbce43fd38,scam,100
0x0067b43cb530e683dbffb43f5caacde867472721,scam,100
0x6d64486a5c99139b53239297e0b653d196d05777,scam,100
0xa4f0294dd195f97ebdd166cc2f71a3af21d22fac,scam,100
0x8a68df178e01d66d83c44c46842d61fd59bee3fb,scam,100
0xfd1be6a8dcbddeedfe668093ecda48cc3f5a0590,scam,100
0xe460f3e0adc58357ea5e3ac1d839611dee826354,scam,100
0xabd03d05f14e2771b1972ac2669df33594fbe4ea,scam,100
0x42ca92f81d1cacdcc45142aca0e8d74b6b749e1b,scam,100
0x3845db4613a45c0aa1bee21e38600f135290845e,scam,100
0x77f8e65f424d6dc7c79233c11247c1232cbe6d83,scam,100
0x93e19334d8a02190476d6e4b680ff3c51efaf182,scam,100
0xc5404f0043cced5ebf1f0af90259428349cd6961,scam,100
0xe858c157deb9912ef7eed94424be3e058bdca529,scam,100
0x3fcb2d173389b7cd8079ef8b439dbd92e7e0ae28,scam,100
0xce686d019e6f692af646a8df3bfe789da97a484f,scam,100
0x1412eca9dc7daef60451e3155bb8dbf9da349933,scam,100
0xda3f8db5f3ecb711a5c6952f0b14eb0005ebf63c,scam,100
0xa36a4c4a7cbfa24d087e02e49a0a600b2aaf5ee8,scam,100
0x40b584e60740ec2ce4701ce9d8b1fcfa9cbd4101,scam,100
0x7b9a381cbd0c524f4a86dbbbb289f37959c72178,scam,100
0x2d461c0fae50abf852ac59bc0709411bb34b7164,scam,100
0x4399b72f939180be5ae01eaeb65e2327a2839b0d,scam,100
0xdb25055ca6e20cdd6e672a4cc93b87a736ba20a1,scam,100
0xae062cdce2eb4cc2640d536255231d2b98c33696,scam,100
0x0c8b0b3e963becf16cda410fe1eb4b5d64022c94,scam,100
0xa2eb8f9174d70befaa253fcd9af256e3379d8a06,scam,100
0xca4837f451d961f7bde1738bd368d5a754e61cbb,scam,100
0x0812e342c6ced54c099aeda0f820a56168cc0db7,scam,100
0x81872c6ac10e9b039ab33956d6396c25493e46d9,scam,100
0xe43a2c3b384f93f7aba39130b937d3c8a9f80556,scam,100
0x8356bc41f6611ac5fa2032f5fe7eb2fe954b3a8e,scam,100
0xba70f280b1f163b91808692406b91c587cb57bdf,scam,100
0x06bfc56c83203da2b5e3e50351df9696f42a2e1f,scam,100
0xa2c2c8532e6501c0a35b342e2f1f0d6a350a68e4,scam,100
0x048541809c8e9c75538d7416f40b9f83fa70069b,scam,100
0xf747726200c7fc14ef4ce267b1f070128c2260dd,scam,100
0x6d38b496dcc9664c6908d8afba6ff926887fc359,scam,100
0x6d88bcae643b32b24d33a0cfe265c4f7bbe40069,scam,100
0x606055913ca104294d696820859a37a59b98256a,scam,100
0xe74265ed2e59abea4a0ca22a224538f9e0a33f61,scam,100
0x7863e62285a57aa8e61dccddc2f7080ba7097601,scam,100
0x20c6082fcdfc4304fd203d0bf240abc3e439f885,scam,100
0x41a23374cd3460461cf4f628cb20cde4b2fec934,scam,100
0xa2b3357c4849ef9aa0b5624151af581eacaa200e,scam,100
0x3dd59de66e2ad31a7d663df977ddd6e5f2a5f6b6,scam,100
0x0ef2724a6d8be9f72f3d35b62e1e8a37ceaf721e,scam,100
0x5c8abe1e0b004595c6e945d5adb3cea2debe3cdf,scam,100
0xf9d25eb4c75ed744596392cf89074afaa43614a8,scam,100
0x6309f709faad518fc158af4c14edfa7b06424770,scam,100
0xd778498e7134f2c4d631623da6df347a62bea7d6,scam,100
0x2bf7fe6f976e694d1347c7d52a3375544457294a,scam,100
0x1164246850f8fca79e14fd256fa6b6dac857b873,scam,100
0x0310c4385311d225cbcaca26fefc9ab45d3eba3e,scam,100
0xa6964e26b6e49510934164ceab2dd73fd397509f,scam,100
0x41f113e3787a183d0b82b0886e7ae27f780d64e9,scam,100
0xd3483160df0618fcbad1db13f307ad2898e66ea1,scam,100
0x042a788fd6cfd20662c7d7ec702cadc7e1af5c84,scam,100
0x0659724a5293127789660734d64c18254e7dbd18,scam,100
0x5fb28132a79a76ad6baecd4a5c5458dc003ce7d6,scam,100
0x48d5e5c6e418891207154588c48df5a23d30fd85,scam,100
0xd599cf7c482f5da1b98d470e19b7391c2f161b24,scam,100
0x7e416acb49c0b0d928bada074bf6597d80740bc2,scam,100
0x400d112abcf6cb08fab1116bbe84115e7f6e2e6e,scam,100
0xb0dd2b7fea3c5790b39433cbd3e8fd35fd3cf662,scam,100
0xb80db67828f44318aacb796c686d30d9d3f81e75,scam,100
0x96a76213683e97de57e4f21947e40fbe74de31a1,scam,100
0x9d0f10963270508e092463e3300a41b44e9e439a,scam,100
0xc0710a40661b7d868d4cd98287d51913891dfa0a,scam,100
0xf60403ef0983e91bc1e30eef1f8ddc474aa343dd,scam,100
0x069a1bc19a1786a8091419bd1893f4687e65b918,scam,100
0x49dfc69d577dc2e4089c128344dd781f293441c5,scam,100
0x650d8acbde455717a98d613b316cb200e015de5d,scam,100
0xbe368ef4c1dcdc2186bdb83a94ae9fdc395aacd1,scam,100
0xa0b90c91b2e9a0a357e47c773fe154919d7c15e4,scam,100
0xa1aee54a6d83671f8854e992fbfc2eaba9c7b674,scam,100
0xabf0335422f27c01595f639e4d907d07d5e9b3e3,scam,100
0x76935b367deaeaaa9db705fbfb3b8a03ec92abfd,scam,100
0xbb6e330f26b56e8d61ba81725c37ffa9029ac29e,scam,100
0x80b23fb0cc310fc0159351e05c86fc9333047b99,scam,100
0x3657f33ad20e7c1e7fb221e98a5ce41d11bae52a,scam,100
0x556ad0b1b25ca2198b65feddbe79c0c176bd8233,scam,100
0x32ebca8decdfe3b41f0324d2bc49fff4951f27f2,scam,100
0xb2a3fcf38979898e695c88947e3373bf1c2e9b37,scam,100
0x645860b0cb384121e2e97cd122b91422a517d0aa,scam,100
0xa2e94536d3956b45d20f5f0c4a6146382440a050,scam,100
0x26fdf3850c213c0cd60c14be7eded4b8d628259c,scam,100
0xc46c5663ac22d68cb50b8ee36dd54615b2d9f1d4,scam,100
0x02fabfd6d5608977d5952d9ef071445420c47efd,scam,100
0x89bb3b564703bd60d2a5146c5ea65d560e837699,scam,100
0x7485fd04f5e54494d2e2c54d440f75639d22f78c,scam,100
0x761eb791271b4b0545ed22eeb9834f7578d09920,scam,100
0xaf09d613d518a5760e4c7cbb876b12a1ddabc0e0,scam,100
0x7c522f5b9159d2fbca302a98501073635fbcbb7d,scam,100
0x1c39d6e0278d1a28ce21dbd73826559b010224e5,scam,100
0x986f13dabd37847944fe006e07a48e8347f67128,scam,100
0x0635b1911496bd0fc9937fbeba8d6b2d4e161f04,scam,100
0x3a7c50f862061bf4bdb58266504c8d60a5715590,scam,100
0xbe12359f003961be263fe7ab34bcfc4a20298efa,scam,100
0x51149c9da95af742e7337b731bc701a19d7bc404,scam,100
0xe1d6df3fbf539bb33c3dd8461b29c7cee236fef9,scam,100
0xb54ddf21064610c13d5bef7fcc54eceb9ca5f84e,scam,100
0xab8674084c581f549681541ab18187a67ef1aa60,scam,100
0x5e402df75910211306b484d8dbc8de9b537c61d5,scam,100
0xb6f66c9c422883533bbd7dd23769387369aee3c5,scam,100
0xa6bbad92bc79be531bf1198c1240f2d3d77d2290,scam,100
0x60c192b164aa0f7f5fcbd532cc7e31741d1cf2b4,scam,100
0x4744482ac38f5b524852139c2355993ce5aa1e70,scam,100
0x8b2ede201d03a00d9063af596b5bf8a1973980e4,scam,100
0xd13feb17b475a85dc0ae02155bca8be7937f0725,scam,100
0x6f2daeb1e5f30867700b7f9adec57839f64fce60,scam,100
0x03563a50e43a6841a56500071440549def71c98d,scam,100
0x8c9492406473d9bf12dc669d5d1f74ca151d5e57,scam,100
0x3b54694c7e1305cbee7615a97d0ec989a201020b,scam,100
0x39c8229a1698abe373bbf95bfca37be3e307e20c,scam,100
0xde09020653ca303cfc143d23a18183299558065f,scam,100
0xdf58cf12d6a989fcd2e7c4ae6579966272d7bd43,scam,100
0xe452174d5c58900b48dba5f0649611122c213cb6,scam,100
0x908b2ce8f5547a6ff7755d79f5a48c89aa6c4c1a,scam,100
0xeb1a5261523e41c959fb891a4fee1ceefb17a613,scam,100
0x16b3dd2970ad3f19c6068c65777530830d33773e,scam,100
0x12c22befc4e0c7e00c2c6618a05e93b737ad2df0,scam,100
0xbdb3c649e2cc7922e46795dcfaafb864be934543,scam,100
0x9a925f57bacdef5ca5d13ecf08ba9ee55a9b0585,scam,100
0x609e209846e3cd2363905df9fd85cb4b47a0755e,scam,100
0x3610d80ef3e2ca614b940a43b8b3add4fd09a61b,scam,100
0x194352b6e3b8e0d502961f5b4bf26be6377bb546,scam,100
0xb37da5c9179345341fe50d37cfc961ba47c01f9a,scam,100
0x89c0894cd9c74a6f9dc166bca3df906803ebbe8a,scam,100
0x732091c7ace1e72a9ba8d2c291cfe44e1a151eff,scam,100
0x3833552d7302457831246975baf0527b62cf54e9,scam,100
0xc33d3c60890caca95f957861b99cfd06a56abe57,scam,100
0xea6f6657e76b1bab2497d020761fea2b2c1f62a8,scam,100
0xef9a5a27d876102256e24478828dc134abd2426b,scam,100
0x95df21555fb88c8ca4c2413eb555c08356e369d4,scam,100
0xc42258e60e57ebadf8b03f04275bbce5212bb49b,scam,100
0x7235b1a45bbf4c089afbec40c463ba93a006693e,scam,100
0xc70fb4d7db34cefa94be8ef00f045b7f14754d35,scam,100
0x0b7f284d74f549731499c44aed2a10adcc9e9cc0,scam,100
0xa14429e90bd90e17d2a97c4eac1feefabb88727f,scam,100
0x643ebb288b3f5a10530ecb38e857f1f0c64383bc,scam,100
0x17b912e9352b5201a42f8455651ae7cee91c4060,scam,100
0x4f166703c1784763b148b81071ba37663687417c,scam,100
0x52037ab8f61ccced602f2405583ea0a518aa97e3,scam,100
0xbd0dcaf918fa3d8f55ace7ffbb2e9ea9b62eaec7,scam,100
0x38c4a6db8306e118555303fa95efb04ffea5636e,scam,100
0x7622a444baf93222a2fc243533e0620069cec819,scam,100
0x6bbc5d72bbef0f94454ff5485bc67d96dbe741f5,scam,100
0xfa1f0b67b9b48b2e87467d72f09722e19ed601bd,scam,100
0x8c4436db4fa3f5a1e8c05829cb17a8fadf180f47,scam,100
0x5f0dde29f4b4a1131b5f9648c974d2b3d26e5fd9,scam,100
0x7bcf0668ff60a2cb83f04fbee94838ed1f394893,scam,100
0xae958b0bd85ea1146423e330685264035dc672f5,scam,100
0xb231227667566ed1ff81d53162aaaf87b681b3c8,scam,100
0xd4fe65424fc63932a19299ea0c9534b685f80238,scam,100
0xa08f45ece52c381729f6a05435543953de88f52e,scam,100
0x9c330c98827f55528bdcb1b85df8968fe9105be9,scam,100
0xb3dce1f1a7e8bf248073bf827a6db67a22cd785e,scam,100
0x5e9a57b29f06ef051348f60d38c7ccf6b7391a87,scam,100
0x0d674da80c37b4bbf2e9080aa6980defb78dfa2c,scam,100
0xe7b8ba1b19fc3935d659f29c613a7f9aad23cf7c,scam,100
0x44c52cef32534dd05d3e3b24389bdc51183adf14,scam,100
0x8bec4d048dea07f3cc8b04151a99ca84ccb72f2e,scam,100
0x4db49fffe23b858325956f68d6c5660a175119ef,scam,100
0x166474d8c0949a4ec7f369db694e04808eca9ebb,scam,100
0x0fe658b0834a3316da5ae0c65450e3465dc6fc82,scam,100
0x730d7e40a1f012ea57e957f5e9736c797b282a36,scam,100
0x1fa3cbd4d066264cabb13a7c562f35cbf25adfd5,scam,100
0xbbfb44c7642815e2e5a82e131b6ed2ce230ee184,scam,100
0x2cb38e268265cb443fd04960452ef30cd048b9f6,scam,100
0x0ea1027340cc90eadabe0b5a5fa42ca609001f12,scam,100
0xd7772de61d6ed20e8ae483634e11ca74a58a4897,scam,100
0x46407645325bbe0f4e5705d11281a847905d45e5,scam,100
0x3d020954e30c3d40b7f0c533cf198bc10dd45a49,scam,100
0xdc7e74ec6c029339ea35d1eda41131f1acf79b7a,scam,100
0xe852335e84beacc6681591e7d0e1e6757268554b,scam,100
0x133bb2817666aff0d6af65c3b476e776bbacf6d5,scam,100
0x9a44438cd4c80de9e931a231d54f0f0a3ff3823e,scam,100
0x8b04d2686054864231521b7c10d253ad6c9ecaf5,scam,100
0x7feb5ab51df2c005684ec9edf4414fa009cebbf5,scam,100
0x219a70887042001336793f185106c138726e6485,scam,100
0xa8eb559eeb38c6cb6a8bc6c39badd86b113cd875,scam,100
0x27c2a673b7bed1031562542326f5c466d5c9a8e5,scam,100
0x6ae9a3937e9df8bff944ec0307e7d4748533c5f7,scam,100
0x8b4417a6740f5672539b32c547f578564d119278,scam,100
0x61152def67e9222c052bf6fc74a0be36c5c0a0a5,scam,100
0x0df6001acdf8c85ab4571769a28571130aeec10c,scam,100
0xeed381b33e8e06a56b55d535d9b4dac737091e6f,scam,100
0x387fb72c15edb3484aa9a4a90817262ddf07e2c0,scam,100
0x2bbc90df4b648a417c4cba5702355aef94886d2e,scam,100
0x4ab16cdc82a4ea4727ab40caee1bb46622c13641,scam,100
0x3e0defb880cd8e163bad68abe66437f99a7a8a74,scam,100
0xe009321b26350c2cff5db607068c1f6813df40d7,scam,100
0x722e0a37a0026accc1071609c0d271ca3f648af2,scam,100
0x3376b087316f3697242a0b782fdf38cd088be9f4,scam,100
0x3eeb22c306a43219fd6e28b8539abe455cc41875,scam,100
0xd326c9d7d8e3bedacb21d6b182a6c49bcce86335,scam,100
0x107c9d929f3bcf2555a686d840d16f89dda38ea1,scam,100
0xe14e60d1ebc3a293901db4fd302c4d25b232f93e,scam,100
0xa2c0946ad444dccf990394c5cbe019a858a945bd,scam,100
0xbb248750f5b517067e93bb814ab777582875e861,scam,100
0x9ac7d478d9ae23fc2fc6e34240dc7ace5d079a28,scam,100
0xfb200763c509a745d1cb5df1c60a40c1938f8777,scam,100
0x8645ec394f7af95316639dce6f99c01476b0d888,scam,100
0x3dbfa1d1158a165db392f5f7de987c0200482f25,scam,100
0x3e996ce0e1eed5c622a34ec7ffcdc605fd7634dd,scam,100
0x715c86f62e9e0e3aa755156372dc2624669edce9,scam,100
0xabe2ab7b02d995f776984b453c70bb87844ecffd,scam,100
0xcba3d3d35827bd1ed88a2506ad86e59667363df9,scam,100
0xbf7b0e1131d7179ece566dea41b9b31e085b30b8,scam,100
0x38a905d71a4257c68f943b00ec4a4fde8e4305c2,scam,100
0x1b7a60d53c78103fda351f048d1b1047727c4a2a,scam,100
0x47b8c60011f45ca07e0e8078a2ef3807f9eb3acc,scam,100
0xebc75c20bea1388a33120999786a8097d42be2bc,scam,100
0x785a751b2e36b2b0fdb80100b7ca14889a768a22,scam,100
0xf7e032afb6f3c12cda429584cf3ee9089e3594d3,scam,100
0x901b1c4e584d0ace51238654ba4ac3a3addc9c5b,scam,100
0x095f6c0705d255959b3c00a877f043234cdf5d91,scam,100
0x96b31af8cb5c0eab92f44862407ef01332415ff0,scam,100
0x414e1a56b0ad8c295e146a60312ac9839cad52d2,scam,100
0x78352d907b6937e25c6212ac8d366d4b063a3588,scam,100
0x563eb767e9b5e3250ae0a6de4b9d3f7e78323c28,scam,100
0xf25939b1a50ca592b7fbf2dec1b67971d0a2403a,scam,100
0x44bd1bfcc3d604a7c3a84f6c9a2008c021107708,scam,100
0xaa2498d85ba7559006f90110a4bc33c10a06c1af,scam,100
0x9f87448998c60b9ff31d0b38e2c31eb2d894b336,scam,100
0xcf76791cea28310b1ca53ab3eb62823c7b55de47,scam,100
0xa257916212808334c3bf34b096acaa7a9bf43e6f,scam,100
0x0f0fe0bfe09c60ad946e21e90e029a336528b1e6,scam,100
0x0c84aef1c54e291916db546d39e2c07e8ea2f0b2,scam,100
0xf2f6e155ae2050870f570773c7446a3a409bd4b7,scam,100
0x521c370671fee940081afc05b448f63f9e57c031,scam,100
0x10158f88177e1e888b343812695dd553a41fcb5a,scam,100
0xd85695a6468660b014efb04be87e8916e7e330a7,scam,100
0xf3bf6a9b4dfb2d196fdd6c8e373591ca1de58604,scam,100
0xcb5efddbea13b2419314a0452ff92207d3b38097,scam,100
0x811cfda1dcb40d6d196e563e852405d05f8883f2,scam,100
0x2e16bd350cb5db830fb50328ab4df62fd4c16ae8,scam,100
0xd330465e03643112907b96a08bb4ed601d81f95f,scam,100
0xddc43ccbc96866abb1a1418f276dc96cab7b4786,scam,100
0x5df8f088574d3b892e6087074dc2314ad23f5bfb,scam,100
0x51c43b800f1509263049f85946ce6d77f9301f67,scam,100
0x972c4009871c7f0215536ca88277e018c4b41063,scam,100
0x020b1573f2ca670190d33ca2f0a57b0c0399ad37,scam,100
0x44bf1ca413803345b3d5ddd63f38a6384574afe3,scam,100
0x1d258a2877447ebb926f4f7245ced09b3e2f9d07,scam,100
0x828166430d23da9f10972866c98a880a7a0c1f91,scam,100
0x8106d6eafdf51f5148026fea6c26be371bde5e52,scam,100
0xa0b24d99d4efa7bfd5d2c5c3a56af2cc4a323e83,scam,100
0x05617f0530b3ae57cada0606785c45643ccd1d22,scam,100
0x5d1d3a505df4013978e71a2046449930b26a343a,scam,100
0x999a74f3cd358eebdb88f94aa2ef5d40a1135f1c,scam,100
0xd23246cd9ff107083b1e246f2c26ae447ab65be5,scam,100
0xc8b95ec4904f8090c1facb2e809fb1127b03bf28,scam,100
0x64075a733c5d9c0befa426d545aa453bd7a65812,scam,100
0x1c2f994dcbeab2e65d36a795646cd0622bb20e2b,scam,100
0xa5087203190cf0512c920b0542808baac1c1c49f,scam,100
0x26b7e850f0d1d84c14812224417d3180c376af4c,scam,100
0x1edd4a59d12a3f82fe666b448000f2ac46344b2d,scam,100
0x9e7869cfbe3e778b1a7c684bf61538537413f1dc,scam,100
0x05eb198b38bbb89c22247010672341572479cb16,scam,100
0x244a1914f1447ec5e8eb817d914c95039fb3a5df,scam,100
0x18999437216c54b5789a87c37da5dfa52170fbec,scam,100
0xbe9c03742ff999875ac0385f5a537c0d400fb48b,scam,100
0xd99aa567ddbd0adc13d32e95711aacedf383277a,scam,100
0xb679670bb3d936dea99812cdb57b7205ebbefc00,scam,100
0xe0714d1fec0746747a8dea641f3bc2a97b65e896,scam,100
0x759e0f2f2c7293f83e3b596be4acfa6868b8f817,scam,100
0x93f43cae892d6c2ec43c8d49d3a15cef168b9b1c,scam,100
0xe1e3824be290ceac927e31d3f318bf30c4785a04,scam,100
0xe974675d37cfa233b439d6a4b0a9ac1580950f1a,scam,100
0x0ea17def7cd9c51c9d6ed0c47381bb7f0a2da1e3,scam,100
0x5131327d6c73edbab590b51ae085d036c3b131c0,scam,100
0xba663f63ee6ef36d8778615db2b90679f605d8b4,scam,100
0x9ae60bbe1814ccf73516e6acd00bd8a9ef0f9d9d,scam,100
0xdef9271eae5fa7634aded26e11c733c70a1a5307,scam,100
0xd9c25109653e5a00ab27e3a7ec86263748f1f365,scam,100
0xa564aa0d2f3a384b498e80048696218397996fc2,scam,100
0x9b6d1bc8a374de5d483c3209355176e4863d21ba,scam,100
0x924fdccf5e44666db9779e1e279abe08424a08a2,scam,100
0xf2f9a368cef33373ed09641c924a5e2e97f739f6,scam,100
0x7f7440e00882ff0749fa9824a6a9e202d773d60d,scam,100
0x4d9d45898ce5e39ab871f47c9fc2f9b5a137800f,scam,100
0xdac676db3e8635551bb4a6efb9f5355aa65b2bbc,scam,100
0xc53964fdfdcf26fc9a5a86bb9a049e88fa4fa443,scam,100
0x1eaec8a712250a2b4bcad8fd213b6dbeefca7766,scam,100
0x34245ca43ccb96873acfa20703ae02f73bc89671,scam,100
0x025f8ab40e72901ad04583c27077487cbe83cb67,scam,100
0x29f2a717cae856fa58736a5f268290adb986f5d6,scam,100
0x26f1db8be15b98b4a176fb9aa171f747d4151f4a,scam,100
0x0ecbd02d1cf412a37e079bdaa55497020a1e3e33,scam,100
0x6f3ab8d486e4c573f77d14275aa0dc783675a7c2,scam,100
0xf618041ef3d1423ce29a71d8bcdd748202071151,scam,100
0xc4c699bd3340b650d073698696e0a0d407201081,scam,100
0x58948fcda56ff3759b199942d97255dc6f44f578,scam,100
0xde1dc040e4ed660935828350627c27c3dd1c585a,scam,100
0x919c2fc7a008a5bbcb3198296e0d1a6fd2b15b13,scam,100
0xaf7e21a238e1ed782c4c68503aae407e801db782,scam,100
0x6c441ec1c3464eeb459894325ecddfd0ca51e6e9,scam,100
0x009aadbc3826a67b603483e7b1174806d8a782bf,scam,100
0xc10c267dca8615ef8b4145f71d37d965b2dfc38e,scam,100
0xd42393df90d582bd8a5493171f0173e3a017d391,scam,100
0x7cc7007910653fd4263874c5307452aeab5fc726,scam,100
0x732af5b7e2cd0a49d65b5923e8679c8a4a3e8042,scam,100
0xba405371aeee632fedb58afd12cca6b18d3ee4de,scam,100
0xbf7ae6ea0ed53f7ede5bfe1c255c8bf371aa2954,scam,100
0x4c29e4d6a62da2ea2d8fc5b551a1c6630371247a,scam,100
0x2522c8b23179871a57ceba4928ec097362866bf7,scam,100
0xa0df9ca52e8ab5dde22c55d9b3c2cdf814b9b773,scam,100
0xe9af51aaa1782fdc7c39048a81286505125ca303,scam,100
0x663d381bf51dd2da75f4e39b479bed02cf569e07,scam,100
0xa06e773064eb9a1ce6d5d897249b8fa6200ae869,scam,100
0x0667fc9067d13554094d6015cf78905d44514b4e,scam,100
0x4bb531df5c636c9d6e70584a6cc97b243425ccf9,scam,100
0x9c4b2ef52300870c916317c6245c1c74a16c75e5,scam,100
0xac40176af36793c658a1da6cababf0e01c8c6508,scam,100
0x14874d2cfe9675bae52ca27de70da5ed613209a3,scam,100
0xa0e85568f513a9cb128868b2b9000d26d86c36a4,scam,100
0x1f15ce0d7e5396f03e211c9bd42319261ba1df1d,scam,100
0x86e73891a9e8424b0e7149aa657c1cbb893c134d,scam,100
0x47fee4975942a4fdaf02a95b845bb3affcf40582,scam,100
0xe74634bc44cc9d2132e52d34d571ab5071d09016,scam,100
0x9e3789aac7163aa06aba6ce92fc8796534e6d0cb,scam,100
0xc0a808e9a8eb49aaca709739517391c9cc9ff784,scam,100
0x62bde5fb3cbd18a8b7841c1eccf722996251cbc4,scam,100
0x502e9043457c77d1e0724363c0503c89fb06ed1d,scam,100
0x8cb88e00870788fd17e645ff9a7fb2d1d74dad3e,scam,100
0x0b7e10903d3233d721c9c6310e1748cf3ef5888d,scam,100
0x1b516b740dae13ce443584a8d37d0b6bb9821479,scam,100
0x572124e946b3f7e8addd3dea6792994256263505,scam,100
0x5e6a54efabed6fedee98d3de3e9117d18ab41554,scam,100
0xa48e4d5589b233bc78ca2113f06b714a0c53580d,scam,100
0x1dbaf8e0dd079aef23ceb841b311907a4d0059e2,scam,100
0x86c620ab6ece77634e5a41ea530bfcc3a23f032b,scam,100
0x710d92c2265204517d5804fa006860bb921269ad,scam,100
0x635a6d504a23bde21c17eb205f2706c41c87a80f,scam,100
0xda9b2f12465f50a1af13eb7ea4617450cd1bae56,scam,100
0x3831773bf3ba13dc00c615f6fdaa624bcd5419e7,scam,100
0x864565a251813077349ed1c69e9fa97e5b1b36e4,scam,100
0x330e6d6cab1e721c528cb9d6ad997a38e140b1b9,scam,100
0xe4e89d85d486b189be99daf223dbb1fe0d5a3d55,scam,100
0xa92dcdfa78482b4e82fdab1fb7fdfc60a5aafa36,scam,100
0xc00c80a4e4510fdbba07e3ff69404c687a1b1256,scam,100
0x047136663dba3b4860f322b650dd8f2efcee8bb6,scam,100
0x53fddc2dad49b7312ad351314ef674a87ccf7a5a,scam,100
0x4c69f409ae89412ca664e6bac0996f25943ca4c9,scam,100
0xea0b4e8d84cb21184effcb6975da0855820e8c75,scam,100
0xc5dc5355a9388f8ddb38f639be75c09aa6fc46f2,scam,100
0xab637ddf3068f209460613c17232db0c8312c520,scam,100
0x7fe98db10b5d1929bbd7f25e614a255962de9ed1,scam,100
0xc80bf9bd2ba59064be000eea92aed19eefb333a1,scam,100
0x3f773862afbdfb7bdb49de2d730a173a6a24c072,scam,100
0x99cbf3ffaaad92172ee2e82937a3aa25d28d2bab,scam,100
0x3468ad77c3e0f9165f06f578a49212719a9b713b,scam,100
0xf8b56a19345f029047b979c2ddd96e83e4c531d6,scam,100
0x07b7c3f2b564806cd75229bba4b7a6b9d8fdf65c,scam,100
0x116de5e3fb1e46b7cd2b629443d58a808335ad3c,scam,100
0x21ed573c04374b87f4276d20626bf816ff65e358,scam,100
0x62e78cbd132462ae10fe17be563e92f0270bed47,scam,100
0x51a9e2b5164dbcdba34d47e60dd435eb7f7a81c3,scam,100
0x8e9868a871211b778ac70d4b0231ed0f9b74e31f,scam,100
0xfb8962ab6af5bfc65c9271abc868d4e99a2f9375,scam,100
0x49ce78f81f6ca0187e38c4cd24323bf50d937322,scam,100
0x10b8e7ee448ca100bbef385cb075706febded118,scam,100
0xe3172dc735b44893303e2fd22d1d3647271ab876,scam,100
0x6003186a9903aacc74d897f05103e5bb39dbc486,scam,100
0x5d0a46d54a8a71b82d4ed4c255086030d297062e,scam,100
0xa49f11be34d3d99c097c988b22229a9987e6aedb,scam,100
0x608709239aafe2cfd584a3864b4b2cc7aa351770,scam,100
0x7087c6764d6d5544aaac533bb483d0550f9e01ab,scam,100
0x760651cb3e8f56475b74ca8380a97f95f7ee2793,scam,100
0xfb9955ab9c437873167be92b2e242c11a3f5c1bc,scam,100
0x707b669d224a0c3d29b2f50e61b9a6d4f9268a92,scam,100
0x22f6ac88d47513f7ee29f7b4600ca9e48d12e548,scam,100
0x6b9bc18a52a551f273c16a25d974f09f1d01687f,scam,100
0x3c6db2b5c99d4d3166b1333b5b5e8b06159216df,scam,100
0x84f78a787c5b5c76ff10c9039ce3b7ead8aae10d,scam,100
0x3720bfe8fb7d9d05075bd03607818ce00cfd303b,scam,100
0x387e9cbdc326a7a68a8ac742684bb4465a94c6a4,scam,100
0x48885fafc90378b865dea8deb8aa7c6018656a03,scam,100
0x5309aeec7117481db46a4fd6d8195b2345a241e3,scam,100
0xf97bd29b8ee6e246eb57eecf5d0e8486366113fb,scam,100
0x96d72cef7ec64ccd55713d13b71bcb29cc927aa8,scam,100
0x38ab7f52c7f657ac2ea7e021c9da8f229c1a2e48,scam,100
0x4ebf3d4a66b3d8a8d393aafa9f6d36d30edabc14,scam,100
0x7877dd942292a3dde96c8dfde5645e6a4fc2a746,scam,100
0xfa510abde79c3e10b0dfe1b071726a2dede3a536,scam,100
0x26fa253320df03dc7641fa4df24e4e5ec855abc7,scam,100
0xbfd83d03dea13a82304e6f75ade3ef694aa1b292,scam,100
0xac0a8b82f5fc69cfac3c860a85ef2c754554d31b,scam,100
0x82df38bc7fe685f96ae276a1fe0a363c15207cd7,scam,100
0xea2705649d3b681de00363eda04c97ff6a59a275,scam,100
0x65a9090a8778429760786e97992dff0215f3377d,scam,100
0xfad677b4b97b6c14247603027334ac5f3fdc44cc,scam,100
0x492cb3302da35e7507ba0d96d9b17abd9e60dadd,scam,100
0x139b1c5a75f2429fd7b7db3e9efaf78236d648c9,scam,100
0xeb91b559f640cf341947836ca70f3a3ea46ed3d3,scam,100
0x5dc8c6a9631609cbf4e30b82f86a72e97a449744,scam,100
0x61ad27a69f92c01da3a1d9999c6c0ed5d7ad0f84,scam,100
0x4aaae6997f967179c306a57a0122a4d805c08f9f,scam,100
0xa5c4ac3e92067e823f34eccaec3140ccb76beebd,scam,100
0x57569513694a77c7f3ed5f69a9c0ddc4e5c054b3,scam,100
0x68d36024f3b6fecb46ef7ba4855ee64011e8b820,scam,100
0xdca94e26f460d59b2526f73d72a9e5be06e4ecbd,scam,100
0x3553c762797202d4eb9648052d012d7cfea16b75,scam,100
0x4a5c6e3c886f04679caba3356813a13dacdac53d,scam,100
0x317e598cab34954c77f78815a7a76c80e1b62e87,scam,100
0x4e2ad8eeebf08f0e46e41d05cb2e8ccb248b299d,scam,100
0x8c473720ff02d52a66cf4915156183ad94e8134a,scam,100
0xc97b4d307ebfff74acfb97ebffc22d72df1c215d,scam,100
0xd82bd233b9e1a75dee20dce1ba2441c93628c48b,scam,100
0x1f91d2d3ff8ce66dd75ab221f370c71c431dd659,scam,100
0x51e8dcd41e9f2919cf9f7c16a9bce939a297c9d3,scam,100
0x29ad9092f5559fc8c6b307bbd98b97da8677ee00,scam,100
0x964e28c18f8a12bf5b9d7ac03e804dba2cac998f,scam,100
0x0341552cabe750ae3a593de78a50bff0570efdea,scam,100
0x61145f7bda6bdd4af00c57a7c628235c6d7e5ad0,scam,100
0xd8fbf6bf73c8ec0b8cdf632219c826e3926137ca,scam,100
0x6c0e88055794c4775bfdcf045345f28b2c39aa95,scam,100
0x3e646947c63e9f561e50f29e23f84139a9fba020,scam,100
0x75968feaa063f091043455bb76d9af43b965afe3,scam,100
0x3a3a38ee839bab29dbcbc185bd95238eb7cb3d01,scam,100
0xa49796b195501e19d1522cdf8c1241a69a052ea8,scam,100
0x5f214f9967a1c33445d57246e8102cb84f4cb389,scam,100
0xb49fdbf1b1d2e2cb67bd8b8357f3e70c526d741d,scam,100
0x93ed62d81c7e7184f35bd587e3d830f2f1cff68e,scam,100
0x92b990c65685104e41f24cb24f352ed6cc09e052,scam,100
0x89a6c8e9f4536f04ceb13310b4e887da8ae7739c,scam,100
0x221fc38576cad8aa1fd17ae10e2ce304ea2ec32c,scam,100
0xf88dcf6b7f3f48d2f94dfa82b9e79f8d083feb07,scam,100
0x738ce46da182976cfb541949d297dafc11b574e6,scam,100
0x5de68a6095965a105f2588b40c5492d03d1b3516,scam,100
0x6c189c440f31ff891533c1b5526e9e4f8af89a0e,scam,100
0xaeacce297d024ae41605caaa0e209112037708e2,scam,100
0x65dae44c9fead4c807cfe684613c0dbe7c55dfd2,scam,100
0xd4be621a4f1588f9ddcabc6ca73940a73b560f18,scam,100
0x9d950c07d780f82bb97a28f62a00f4e17757d350,scam,100
0x5387a2608e7bd2ae6e1f0fce9d14621aae877ec9,scam,100
0x6d6dc5bee3ad868d249f1f9b261fd5bb81f51d76,scam,100
0x31b601127815bbd935c64349b4cfb7191f9f0767,scam,100
0x3cf3d866449736cb9b9c87b4386276b03f761b8d,scam,100
0x864875aef79b107221bee89c8ff393bd2b666d96,scam,100
0x2f28755a4f7d85fdd53185cc4c9e5fc182b8f8e0,scam,100
0xe44c8ee0622647d2563a8b2732941772328a751b,scam,100
0x743f577230cb0f914f37ef62cbbe015cde6dbb10,scam,100
0x1b3e3c78849d80688172bf9ced8c9c2407f988e4,scam,100
0x30663d16931e23690e7a9877fc2ad5ad98fee9c1,scam,100
0x047b83e0efb9203667a1fca927b0c4746d7ff6cf,scam,100
0x923bdf3d7e8efbe7dae3a1e6786249d2eb109d18,scam,100
0x4266a7c2f02d31d2bb8456b891fdcc05567df2f0,scam,100
0x5757b23a3dcf17908caaf76f4736aa71a97bf8c5,scam,100
0x7360d73a9e71c741c9ccb7a197eaa584740c8d01,scam,100
0x7bad2dbcbdb8d79c6bdbd823a0246296f475b285,scam,100
0xcf7b33aac3872fcf6f1696624d04308aa9b6520c,scam,100
0x9b16164a3f148bbcf92b6b02a6f5d0b174ac21b4,scam,100
0xca412823e56b0f51c9b572eea53b6208bf43d9e0,scam,100
0xc77dcad596e1e8277a2c5a6f985c2e21ea905687,scam,100
0x48d80a98a0bf0d49dc469265d5e3b99cd6e41bc9,scam,100
0x50bcbc6ddf33ad3e03602aa03cf93d4a32d65ac1,scam,100
0x87d4fca75a50420e065a69a6e75e34aab09152b6,scam,100
0xc4b19a285d68a085912e7ecd200eb6e8f292c11d,scam,100
0xe3b4233ea0ff16ac7d62064d13e7afaa51381590,scam,100
0xb9ffc64f0c0de762fe3c4ae3ebbd446ac3beb989,scam,100
0xe97aebc8899b1e96f47f8c585a6ff30776e88129,scam,100
0x51afa730ac699478ba413f987a35e58124e1b842,scam,100
0x37c85a7523b1832b4d0380b2f513e88b66e8c850,scam,100
0x80ad4d5b71ccb0c2417337bfcaead6521255f24f,scam,100
0x70b8004531fdfab778a7e9a95e696834cb1abb2b,scam,100
0xa523772219493aae9a1e4fb3a0bfef6e4c413b6b,scam,100
0x609fe05788c393c17cf2ca6551457f8518ba4e9c,scam,100
0x402db7bc77c259ce3fe639b1d5c6cd94eb35547c,scam,100
0x69dc5dee622f13667ac630cfd0f016ce2afc02dc,scam,100
0x2a48eb888402f4af9bddb1526a69be3d23425c76,scam,100
0xe8d65d2557e70df779676d008db4265c737acc42,scam,100
0x22db82ce061365d51a444c8a516b6db9037aba17,scam,100
0xfe8ad4432bd3371f42089bc3af7ce7168c09ac79,scam,100
0x7693ec76691c895571edc25fe3949a01c5821f17,scam,100
0x3e02b1414e5a7f0fb9dca4d6d61e352c5ef1eac4,scam,100
0x96702609a6dc58d7144e043012c0f465082511e1,scam,100
0x337e4ecc74d82dd658982334ba88e27beeef29c6,scam,100
0x39dab189c96561e943f38ace5fe8bba4496283f9,scam,100
0x2c878fffc77f7928c613594d499e82a495ca0cae,scam,100
0xa2031ef23ff9c9bdde92d9275761d10dfae5e68f,scam,100
0x5cdc4d573afffb0d65d97c3532b132c3aba314c2,scam,100
0x21cc4144c124742762f82120456fbf0b35249791,scam,100
0xbf266e8751f2b3265981d04d40ba7b68628e6e30,scam,100
0xa0b1cad95ba6404a667efa72c02a66f88228728d,scam,100
0x3afa83bfed6cb8a57941a17608fa8f1e01c20e13,scam,100
0x0e71b341fbef17ae6844571bc2782bfc9edf6259,scam,100
0xe3dcb48b17e338ed57c734cbc7296c9378a287e6,scam,100
0x8282616aff82450e0959aaab391e3e8bbd1fb89a,scam,100
0xc5275ee120f2a58f2218328208018890b3a70d77,scam,100
0xa3a2fa10329ed58fb0fe30a94eb0939218cf3a6c,scam,100
0x6c164b07b4ecf431d6b9622b803d2834c8246ea9,scam,100
0x8edf991127664efd02d079116d8ef8cccbd3e43b,scam,100
0x64ac294a477332bba968f790ffa089647bb762a1,scam,100
0x4a878ef00c208517834ad9e4321fbe7ca8b0b415,scam,100
0x084badb343dbb1f4387cfd71fd32c91020e0fe03,scam,100
0xf7f70692001eaf964c9f158a0d9e94c8a12b8eeb,scam,100
0x53a2c5b88ffd3abd6310e6018b56447d9d486902,scam,100
0xe34f004bdef6f069b92dc299587d6c8a731072da,scam,100
0x6e85c36e75dc03a80f2fa393055935c7f3185b15,scam,100
0xad7f0a2427f93bc8fc178a73ae0d2d188682884f,scam,100
0x849143a3d086c1c3d06a2d9b6a7e70a7907608bb,scam,100
0x82b9d87ffd80449ca96ec67c19f5d0631b18d5db,scam,100
0x0c705799e791599158d94b08c73941dfed80d825,scam,100
0xff598043379695bf920eec46aa79a40569c264c4,scam,100
0xf0f37b983938a8e8c7268fdd050b13112290afb2,scam,100
0xf464ce58200aea622b47f1b8cc8d7b4afd6f52cf,scam,100
0x2dfa6c7806870573b5cdc5ff855d3709dc09e890,scam,100
0x7afcc8244a7f9195ddf60fe75247efedcf1f8cc1,scam,100
0x96ddef4812554155dd01bbde3518bab3aebfc686,scam,100
0xb5ab210b309cbeac4067ac8b34cfdca98eb654ae,scam,100
0x890f30dee373369bf62f217dfbd8e3559bfae3dc,scam,100
0x51a73ac28d53b5b9af7d4253b91252a5670f615c,scam,100
0x66e057e55571ce60bd920dd4355054fa93e37212,scam,100
0x5930fc405ef5e83b4f9ec1928e025a64663bd7d2,scam,100
0x31d9dd312de765dcfe2246f7eff51e29684e1cec,scam,100
0xbff00a017ddce450da452780b873ca544aac53e2,scam,100
0x87320719f0f02912096e3d19fc05da8110c9c424,scam,100
0x3218a52709505bbbb4a006b6265f3f7e4cd1f982,scam,100
0x8d85d4c0738f9ce4311c49e1128845676933b3ba,scam,100
0xf9489a0b7b551d7b98ca66b95b71f48bae4bd149,scam,100
0xf97d5c01ac5538ae38d1f18c229ffd674f06c88c,scam,100
0xaa898803cdf78b09e0803ab5276512b1101cfb08,scam,100
0x38bd02a9f7a65092c78c4ebb573eba0ba6929a8a,scam,100
0xf4fac38cf840d2bdd528ab8503a44d582fc59d25,scam,100
0x67542f6e4ea651f4c72ab24abf2eb9c2c202fce1,scam,100
0xe059e22f9a4509fec5005391eaf2c0da9049f46f,scam,100
0x2d1947b90a73d362adcf8d46cb20739f9bfdf8b0,scam,100
0xf0767c8f2255d43447f663412b3bba422d2c3e33,scam,100
0x78e013dc680fcd2e6e6bec3438fc5f3020b3127e,scam,100
0x0c2ad204fc4488129d7ec333aa88b0034d852fb9,scam,100
0x60b4f817be376ae618d66303c28ee240422fb23a,scam,100
0x4a96e9b57a229d94c0c28950355a72fa9e70aae3,scam,100
0x55634213881014c2945293d65f3f401beaa18c7e,scam,100
0xad0a22f8901ccb0233a3c4be477c47d24c5201c9,scam,100
0xc535923b0ba6f7d79ba37fc9d92df4447a00d3d7,scam,100
0x33e02cc38790a07927c79d1ed75b72bcfb83766d,scam,100
0x5947cbcfc0c2bc7829a7c3edd0de020f0355b0f9,scam,100
0xf8b555398a425697617bccadfa52655932275552,scam,100
0x7df0b4cb5cec3e7aa7575928cbd47c4822369f69,scam,100
0x1006c7a96dac6d910791f24caf536897f93d74a6,scam,100
0x0c3221d64b8ad5268c2b8d4c7f36679832fd3828,scam,100
0x8dbdbb1daa5ee7a45dcc5e23d4aadacf7db9bc2e,scam,100
0xdef6d8b6ea60de2cb8646ecc21fd66fb37e0e30f,scam,100
0xbfba895e5acc9d103af39e8e95e21e4d692d0f3c,scam,100
0x26f752202c402b400f9dd46c0783f5fa31fef90a,scam,100
0x456c3dacfd9dd7e0c5caf2348a0afbfb60231075,scam,100
0x00f91664065c9858628faab8e6dad11c1d5f94d9,scam,100
0x8149ad2452ec4c6588ffaadba96325ff33acc3cb,scam,100
0x790bd7c23565d683b8eaa9a6aeb9fc2782c3b3b4,scam,100
0xafefe9cb85e071eb97f5f841aabbcce8e15156d7,scam,100
0xdfee5ac39fed1831f0b5fa24a2e6fc3232399d7a,scam,100
0x440c4c2bbaf2c9b0c3b5e31f2d4834b0c1b565b7,scam,100
0x4833d40e21a756b6be33d8b9231d404efa9ba6b1,scam,100
0x24fd1ba897ad0425712f8e2ea73465f46241ef74,scam,100
0xd31b1bee0c9f42cb47406d52a796d8a26c5cf802,scam,100
0x87ab5384219ec3999b90b5ad0436fd9db8f4918f,scam,100
0xe60875c99819feb167f43561d291039dd1123fc1,scam,100
0x1aa0e3d5ab0a0a73566e47b5ed0c6166d805d71a,scam,100
0x58d5b54929a2ddea7eeebc212e674de9448ef1c8,scam,100
0x90bb927781182eeab55eb5f363246ac5cf686709,scam,100
0xf8ccafea45e73ea9831f9aa125b72ef1884af3eb,scam,100
0x4629d55f31080b7289b5e8bab19a3eb6ae8250a9,scam,100
0x6eee1049278f5fca3d5a9e52aa929652ff3383e8,scam,100
0xf2f5ffaa640490b79560e00931b5fd42c0ac2b93,scam,100
0xfda941855fb2e89b1b6d806d8a105c8a17947281,scam,100
0xbf17c3edd711b6385398a6fa23e988635bfe749c,scam,100
0xe8a168ad153c520bf21423c869db3baa3b858cbd,scam,100
0x08ee24459192498b9fd1aee99a2b6b8bf36aed74,scam,100
0xb9fc1725a10182f31d44e3559c36300538b233c1,scam,100
0xd86f5b3739913b99fcf6e51c6e5e8f1f714bd187,scam,100
0x7e074b4df5e6d80fe06353d1c3027900fb8d6f87,scam,100
0x092362e71f1b6520c151278964427a6558844f5d,scam,100
0xa8a0b692b3e4b7aee3fcbec9589326d4bbdf5c7f,scam,100
0x80191032fb4d309501d2ebc09a1a7d7f2941c8c1,scam,100
0x8ac5a96121b5cdbe08865021762967252d93fdce,scam,100
0xe694cea450eb617d287a473ed35f633387bbc359,scam,100
0xd81021258fb2134aa5da414a8f13d3a15967e502,scam,100
0x7b977b8980b17b6f6249d3c3547cbe955aad2108,scam,100
0x75cd2467f8dd731a5acb927bd79c4cb361210db6,scam,100
0xb3b44bbef5ce72459129dd6f5ae9cce9a7edbac2,scam,100
0x96665f6088eeb1dde18d08b2c34e50f381a5e103,scam,100
0x83549fcd8ed149302cffcfea193160d0e99ce5c0,scam,100
0xb35aeb73eea57162a0b0859a68694fd5e545b798,scam,100
0x8f491f95e744033487234e54945a44279b932168,scam,100
0x0951f85d60082ae17f11e47bf583e57d25cb0123,scam,100
0xeb69bcbbb4deb1dbf2ad149ff7d94fc3277e61b2,scam,100
0x85e12e393b2bec97e8aa095c6be0bcc83ebbac89,scam,100
0x7bb044b3a7555678c1be580ef1f330b4456eacbd,scam,100
0x6bd8f617ffc253e499e138650142b31158e6420b,scam,100
0xb0ff9d4a1e43a5ea87961e4148ca3d60bc073d67,scam,100
0x592786d46f25bc328f43f71bf2e56584513cd5e2,scam,100
0x0cd6fbb99eaa06054b32c67c9d14b0b6455c2643,scam,100
0x38b7ca3b78c51364095bc56146d25f55aee0af21,scam,100
0xefef14c36c1f2de2ca3772ba9539b6a58cfd562c,scam,100
0x0e42f55da7ade5673130e23232cec6094d34087c,scam,100
0xbec9410b01671bb6521996b141bb95ebff87cb31,scam,100
0x8acacabed9eb9170e72c840e4e21f1fe67f8bfca,scam,100
0x1bd0ef3c9d58aa722ef220c134c8653dd7e6172e,scam,100
0x91af8014a7f74ab1cf1eedb0aa96f58dced95f38,scam,100
0x27f897ebeed82240734489d52aa7e39a8ca257e9,scam,100
0x9d032989f82c0e40202ae5abd844ff68181544d2,scam,100
0x3784f969862189529bbc198735a46fded1bc06d3,scam,100
0x17c5925acfd3fb1c5f5a7c38f28cec5c38682721,scam,100
0x2eaa87226e56254e355eeb320e657786a2b40599,scam,100
0xc53d29c7c2b29e095e8e44da9e2d08bdb80d0797,scam,100
0x77c955a2cb5bccaf0654d78a3ffcd8bd6cb0c2b8,scam,100
0x607c78aeaabadb84adc3298fb3077fc75429e8bd,scam,100
0xb9b848702a47ae78a70d18c45e552ab1637b5908,scam,100
0x32ea6b24675349edb6df2896457819289aad180e,scam,100
0x52bdb97e587a35d5e54b01344168d41783120310,scam,100
0x1abc65765fd0df7d997635ebe3027384bcf7923e,scam,100
0x28a6d6e41fcca5b003f22ceba48aa689325dd62b,scam,100
0x2e6ace64e85572eedaad739c3172ece853153c73,scam,100
0x32f5891eb94e7a1ebb06add32acddac95774316b,scam,100
0x1095775428aab47a4f922503d69cc8ec889995c6,scam,100
0x0a796062214cf4fc232dd8538a19035ac79a595c,scam,100
0xdf9191889649c442836ef55de5036a7b694115b6,scam,100
0x915643b41d24559d8ee4c592df5a98b8aa8a89e2,scam,100
0x0dadcefc4f08007d1e51a25cd448ef86120db9b4,scam,100
0x6a9c2ec4f4888d7338fc1b28584aaafeb01e6db3,scam,100
0x89ee24b151e287bdcbaee472de7f7dc097e95f1f,scam,100
0x28a760ee38c302c8a67742f98a3490dd1d65a38e,scam,100
0x42e0a4818ff863e8d73187279adfc17b0495f2cf,scam,100
0x44b4e9556db513df11ec90ae008a4e84680a1da1,scam,100
0x75f39ce7fc5d94361437d103a3334ffae6c0b2e5,scam,100
0x3e657631fd02a3fdc565c97aa75ff4a1f7f1ad42,scam,100
0x6b2fc9d801dd33dcee1adaa9c858cd07befe1cda,scam,100
0x7fa0ecbd6a4531e431b24814da71b9a483f85ff4,scam,100
0x324b38a61fe8aab275780d822f639d60be6caf93,scam,100
0xed3b61249bf08abd799e82075304e660bce1d68e,scam,100
0x1883e2b785e75e1bd2f1ca62e2dc424fe092fa09,scam,100
0x34c99a666a9e5f95b7076cdc92113174e4b351c5,scam,100
0x5188d13bdd9d7ac30324a569e2ce42488374738e,scam,100
0x3963c374e0e71018dba76814c13fdd5458d55898,scam,100
0x34a7d1d88df5dc079aea794e10862add93ab1292,scam,100
0x77c6c714798d6d76d18b4bb3accb24bfe849ea31,scam,100
0x22e6e63da95c5ed88bd2658b68c57ed4065ebe59,scam,100
0xb2aaf13e786a13fbad0e4e7484e642f66c104caa,scam,100
0xa6f2814c0020c38882e82d9bfde7b485a7297a1d,scam,100
0x64c383774e2d88f4ca64a64df9f2e24b5d86ebea,scam,100
0x435abf34fc401134b9db1a1858984aad81ecd021,scam,100
0xdfd59de0636c1d4c68dc86061859b8f90fe8357a,scam,100
0x604da69d33a0df6414c30270434ba4e0e95d8cf6,scam,100
0x08b8126824b9c469e4ddaec3ed725c737579f02e,scam,100
0xa61a87497e6553e3b1cf66c8b02fa392a0eff1e3,scam,100
0x4ad59aeff83ccc2a76ddfe324410c793d5a8e171,scam,100
0x8e1ed10102787d73c0e0c6a75cd27217cd6ffa56,scam,100
0x5c397b5c7daf4dbd5b190158c371349e8e201a58,scam,100
0x5057c61a222d8f29a7dcb69b5cddf9277363f783,scam,100
0x42265e06267d5857ce0d28094a122f453ee66d37,scam,100
0xf1ce19363c7c81d2093c9a8066c8d8f1d4605158,scam,100
0x8b9310e47cd2d4aad77735a3218d9420cb152709,scam,100
0x44525c8dd44b9d470937cc9e7a0275eb14c7b01d,scam,100
0x33bcccb20da8d1f1c95ec723111ba7ca8a70ebf1,scam,100
0x0db49185aae1f8f4b95ebd5323c1fa3822d4fde8,scam,100
0xda16d90f207b3aab70eb5aec84ecd1a87912b825,scam,100
0xe40620cd028b53244cdbabcb36dd1a347243872a,scam,100
0x057f2f1426881b55c5fb107ff21282ea92fd59d6,scam,100
0xc2d1f55ae3a930d4fc6222691ef3a2ef9dbef1f8,scam,100
0x679a8cf6e181ebbcd9d14d0bd9595d8cfb79ecdf,scam,100
0x257890939f7c0b758897f7bd49a590b7190043e0,scam,100
0xba8a5cf96d605b630025e3e2c8bd177391e32122,scam,100
0x46cbc3c3710dc4a632842e155f18f30d4ab38aac,scam,100
0x45c3ef2bc2719586cd92766b3895868d3ee9ef92,scam,100
0x83d7cb758c30d067e99e9f52f9e4f987101ab888,scam,100
0xf1a4b668d15f0e66543e9f1f795cc2b0f97e3ef2,scam,100
0xc0095047d767857bb40cc77ef54569d4124984c3,scam,100
0x11608c87d514d55e28eb94984bdbacd3fd38b182,scam,100
0x205906790a597972f97fccda132d89ee63f15c10,scam,100
0xeb71af7cd339832ff8d88d985035b2793042eca8,scam,100
0xc387587a1d7cdf7aa73e14ce03ffac945777aaed,scam,100
0xbe9d75228fd01844bada1394bfb5a4740c18c01f,scam,100
0xa7be709f13d9b0283fb43211c85bbb12b7273e9a,scam,100
0x64ebd0467304e04f96520ab73c6e07d40ad25970,scam,100
0x074f95064a579de2287b21b6ed33033c18cb80ef,scam,100
0xc71610821ac6042e52be9d7d76df4c425f30f41f,scam,100
0xda5c7cfd44a1b4089194f032964e879349276049,scam,100
0xe9509214fb508e290df49cd7b011b920c693f401,scam,100
0xa1ff3bc95d29c7dfccd60c2226697b9c9ac0a16b,scam,100
0x6891f04e4eda5bb6c465132993bd6a5d4f1b0d0b,scam,100
0x9044bca784ff17dd05bd157f47c9cecb2dbcffa5,scam,100
0x002f0c8119c16d310342d869ca8bf6ace34d9c39,scam,100
0x568b265374f86e0c03b8aec655ea18d9da0e80ff,scam,100
0x8181a009e2f2bf549bc2702a3a0f030ece36739b,scam,100
0xc364451d6316be34cb1b8f8b0922fe59d5cf2ca9,scam,100
0x2c0136651b86047717601c820cd104140cbe1ecc,scam,100
0x490d29b8669823e12eb5f72d53c27ebe7f952ab4,scam,100
0x28a3c742a8e7fc2d2d5d4299331648d8084fc8ba,scam,100
0x66817272d39da7fd4c552f430fc0b694e357c157,scam,100
0x2a2884e86701c0c48a0a35b0d542b0a833452638,scam,100
0xa125929ba78213a27d8695b276f55d6aba567b01,scam,100
0x9e12d932c429107608a8ad0d65c60021a371f9c1,scam,100
0x5fe3cde05bc414cf037c05557c1cef626cd74b2c,scam,100
0xa1277ab1d344260d3ed754511fb549c2d6c65937,scam,100
0xa3030970721a94648bd886b1aa6a6d7af091cd26,scam,100
0x672ccd3805012e75d357b17def6763a07758bd54,scam,100
0x6fa311edc9c902f82c4796dca5848506b38fb650,scam,100
0xe2e0987f872fe051f24ddc5bda88064e6960e226,scam,100
0xd8b17b59b60d2dc44c866bc145da13ac8e7115b1,scam,100
0x8c7934611b6ad70fbea13a1593de167a4689b9a9,scam,100
0x02ca5d19ae986279ed592c57b9aa543c2517ec5d,scam,100
0xfddbfa1b0b93612b95e3296690b63b74d019370c,scam,100
0xc5bbd21120490091229b4ffaa41a033d72be6876,scam,100
0x0c40e71be18386a643e414400d986c3723c8b904,scam,100
0x1203abb79f7343d2daaa245adf6fcb3ab0d7e356,scam,100
0x2cb2ad4044bb6d3d004dedec7477f4ad7efc06b5,scam,100
0x2bb371b3fa1d633cdc568df2351dd7c7b91ae3f5,scam,100
0xd8a6a22d500a9c0489af3cecf0b6c8b491e040a4,scam,100
0xcc968b7f0f5491852654fd865db117a527c40964,scam,100
0x200210696904d4969132756c6a37b469b02f5419,scam,100
0x11f9d6d25221eab84b6c5f62528c1f86000ea243,scam,100
0x95c8a1f33edaa7e17fd3304fd121f960a21fff1b,scam,100
0xd79eb898431ea62636f08f738d10eb00446403de,scam,100
0x72eb3cf00702e50321bb76f441498a5974f85dff,scam,100
0xb8d36015ddc669557d424121ce21ba1dcf7a0860,scam,100
0x3f44ef439004f9555f99f565f2e62d3b8c3988f2,scam,100
0x0cab69e3524116685f62d284b72fd8f57e78d39c,scam,100
0x0571491bfa5e1808cc622fe1067487e4ea292fcb,scam,100
0x425c1a6ea77006443f77ab45a1e80cbb5e471b5d,scam,100
0x6f7a49da0f184509814039956137dadb9ccda4f8,scam,100
0x0e2fc0b302bde3110858cd882cfc9690e67e2d13,scam,100
0xc7bbd917aa82e919822270a8abdcacc051fcafeb,scam,100
0xf6654adf3af907a2d69e9652cf2184d5619daf4c,scam,100
0xdee43c91a5928c56d4dcaf37fa941bcd3a8b94fa,scam,100
0xb82bfd79d5a8c0cc0d4c045633288b48a2beddcb,scam,100
0xd88e1c6ec0a2479258a6d2ab59d9ae5f2874bc44,scam,100
0xfde489a7bf22059534c4e476e3031bd10705765d,scam,100
0x33dc09da5c8fca721066d87896502af3e6f3b923,scam,100
0x9115474d3b88d69dfb868da8dd25e3fcc130c257,scam,100
0x40c6957641f5889627cdaed1bb18fa4b1679b5c5,scam,100
0xdc6ca6b05a405d19f298642670fc3e29d82455a5,scam,100
0x27ac71ead8fd1d0377b042218bc222b622d6469e,scam,100
0x0755e59d505c9b473aec50b476df3ea2045739aa,scam,100
0x6cd0137840e96466bb7caff7073569cfba619dd5,scam,100
0xc8eb927fe231c13c1117a1b9b4c85ba7d040404b,scam,100
0x7dcba78bec1b32f5ba59523abddead778fdca530,scam,100
0xaff940e5b3fe128df0b03185e523b0b070379525,scam,100
0xcb3315a42e76b70d2f3e8e595a5d13855c2e14cc,scam,100
0x42cb36f0cb53aa4c15951be921b3dc3457dd7c09,scam,100
0x40e9d098b45ca26ce84512b7d0f0ec63a32835ed,scam,100
0x9e1b56470ab4ea16c1ea7789c6e9ebb09d9ca48e,scam,100
0xd3888a7e6d6a05c6b031f05ddaf3d3dcab92fc5b,scam,100
0x8aba2a758f0f7e8d36f872ddebe430e1d00ad3e3,scam,100
0x1754b31a157dd2e2cf6bcb2c02891cf4daff485d,scam,100
0x99c9e84426b3c1780e8eba35ece544388bd7e6a4,scam,100
0x54491d7f74cce4ab6881204795e673d187fc6ca5,scam,100
0x3f97e66df1454ef3c86035b264f89ee455fb8ac5,scam,100
0xb41e4d93568e16e8458fd58ff42d49d3068082cf,scam,100
0x29d83caace6ad072f4d21f62ba74b50c17f0560c,scam,100
0x97a5c9344e0dca3722a9505de32433aba27363cb,scam,100
0x7af364abe82c22f1f8f9e35579424be03bdb236a,scam,100
0x0d0cf406ee0677a0202c6292227bfb22a19e225d,scam,100
0x30fe7f968acc9e384fcaa55c54a3cd78b03aeb9b,scam,100
0x4a036aa86d0ba304ec60605155810a6973d98ebc,scam,100
0x738d587da545ffa6317c83934e2406ab7ea9d528,scam,100
0xfdb5e3318cacb1a96516d194fd75b62376e95211,scam,100
0x0163617542f1e06c126349118483cacc5a1f4e9f,scam,100
0x756f3cfb0effbdd10eba42412a6382e70abee8e7,scam,100
0x436f1f89c00f546bfef42f8c8d964f1206140c64,scam,100
0x9b857c44c500eaf7fafe9ed1af31523d84cb5bb0,scam,100
0xa3825b5583f5249e9227fdeb98a4507346633d36,scam,100
0x0a9f58ee19a7131ed031ea66a032c05c7efe965a,scam,100
0xf305f6073cfa24f05ff15ca5b387dd91f871b983,scam,100
0xcad7fc974f61a08adef110d1ba446fa5b5b5bb27,scam,100
0x264363cfcd1ec5a0232558a41c560903d6a883b6,scam,100
0xd153f809f302e1a699f14d25912fceff06ab7aea,scam,100
0xd46d65309787a5a32c5771a860b12918462c5ad0,scam,100
0x7fb4171497025872789d868685e8ea018e58f8bc,scam,100
0xe601c884843a075c44c2c0b37144cabda8f241bc,scam,100
0x0dea8a35f4e39cdf65d3cc11f10612e9e0278b60,scam,100
0xe092736575cbb59ac4d1c4fa52ac0e5cbc70aa72,scam,100
0xd42d9c8fc6db1bcd482894b9a4a37599a9fa39be,scam,100
0x844619a9dc94fb5bfef4cc443f31bed7ba216488,scam,100
0x293e835852b8b05523e87a4e86862d6221c65cf0,scam,100
0x605af1625ad58f4db4ed31e122ece6a658671d5b,scam,100
0x4f87a5e57097937489b9b628d1b71997fbf734f0,scam,100
0x3bfc08db3882eaa21db6a77902210739c4e4ac3c,scam,100
0x849d89b0429f20cd08c8793cf139129515a74bb6,scam,100
0x7509018d49dbec0ca88d2f7839d98b37eb0e4389,scam,100
0x8d557b8e5008a485717d57e489f23be65d548193,scam,100
0xd43f2111e4055120196285ec094aa6e96998668b,scam,100
0x2d1654061fb912649a7608d93b081954feba9bf3,scam,100
0xd23da9fad67cb4c7aba1325123622e302c15ed5e,scam,100
0xac6bb3d36adb103469bb34d5934efc22a2d0cbb4,scam,100
0xb498c0c76444057c28b82625df6956f5ad1dd2d3,scam,100
0x07a5a5ee9f639cae54e533175e570331c4b6bc5a,scam,100
0xcdd4a3c2f43643bdc4a3ea3a4ac25e80ed08963f,scam,100
0xa9ceff7be95ac8b3784d5ec282c9cf6fb304c3e1,scam,100
0x05d38f2a8bbc1433d5d8cefafe953b2597147d30,scam,100
0x59e45fb3b45ecea49da762c7ee540f2a0ce43e08,scam,100
0x632d09adb41d00675c363349fc5d8f6ef3b24114,scam,100
0x3cf5947eb0c6ac6f283f434c5d0f742fdae9f504,scam,100
0xdba5fd82be33cd84024cf878c2c46dbc70b6fdef,scam,100
0x77509b41ae5f0b893e17f961b12837593067f8dc,scam,100
0x94d4bfc4624775c0bef1cc91768e03fe0dfc05a6,scam,100
0xe90e5517f4846ed5e1e0aa386dd99184b56ec740,scam,100
0xd4550697fe601bdaed1e591d47a887aa7097400a,scam,100
0x2515421f55fa2b964b0b3c2fa37ba07d5c50ee05,scam,100
0xe2facbebbe29a94a17590f9a56e721fb7d610795,scam,100
0xea9c194167c107860fd5b14bfa318912a9efdf75,scam,100
0x7e152377580bfca9cd90ba98d155f33e8b1b2000,scam,100
0xe256a2032d790b1b83d46a1f87360e8de82d0378,scam,100
0x50228d83eeb60f31f6e58a0bd608228e9a17fe03,scam,100
0xfe18a5e6f0e47be8ba17b5a6e73ec0672b59a3c2,scam,100
0x1bd0932c7bb0835aa33c5e9e95c94e81b95682d5,scam,100
0xf2bdc3480c77f0f9c069f69f7768a2483887c006,scam,100
0xc3ea7086e1ff217c3c7cee18e2c8ff26d91329fe,scam,100
0x2e2756a267193f79c59322924184fc9299af9a34,scam,100
0x9ec1bc5508f4e874aabac692380f45e51d344902,scam,100
0x2b41d7589b56be80859d3f89e5dc95eef3209f7a,scam,100
0x42f8e47fe8903906113af5119f7b2a9604c0cf37,scam,100
0x3fe5ae32d37ebaac68d728e74495d552c2608d80,scam,100
0x35ebc620aeb60c6757f24d35a34757724db2b7e7,scam,100
0xf344bed221587e3cf3aeb9104ad1ee6110345dcc,scam,100
0x565246c247c18443eea3298dadeac49c91f25c9e,scam,100
0x1079061d37f7f3fd3295e4aad02ece4a3f20de2d,scam,100
0x1588afd4da044a607f3085c0844510a79e3ab0c2,scam,100
0x2d58c77814eb7bfc1ee9b739cf580ca15e9ed543,scam,100
0xbe6e459974999e97b4c4f5c1a842393cfdf76b7e,scam,100
0x75473b936ebc576693f62d04a7d5089f3a714d1f,scam,100
0xc6044f23ab90ac63f1dbb1dde45bbd38c59b38dd,scam,100
0xfa0cfcd54e951632a115b0fe5d4e4273a100f49f,scam,100
0x652d02aacc02d0e0a11a33794993929b6aae0744,scam,100
0xfdebc151aaa182b4c506e1901838718d20ecb15f,scam,100
0xb1daec35b9774288fd3895a30912961945878046,scam,100
0x63e97cbe96dd87c9ae2375d2c7ee96becccf2143,scam,100
0xf31ba0382008961b3c5f40579868606f9e0b70f0,scam,100
0xb8ccb922892ffcec068d61a083f8aeab053a9adc,scam,100
0x95cecf2cdf07c78cf5ec22d049192bd634033014,scam,100
0xadc0105a2a219006e661e614bc33be89906a23b0,scam,100
0x890a10ae03aae5b2a8a29da4e21f13bd17e79ccf,scam,100
0x7cd5b32f1c7a3917525efaaf3b8bf286252430b6,scam,100
0xec835f1e61cece97f266dd76b72e80559ea23ba4,scam,100
0x133ad726219fe4214df4846a6bd774822fbea4b9,scam,100
0x5b96a2f37826814bbb28437e79489b14d07ecdc8,scam,100
0x0c9bc8ff3a2625a5a7a7770c74525af1a1ba254a,scam,100
0x34eea3e741f9a3e77fb34e0793b1af36edc2b0ae,scam,100
0x0cee5a2f50811df70db34c647ce536bc4891fff6,scam,100
0x11c7c3157e3226aa2cde1278f40acc85cc127c60,scam,100
0x4898110f44c5e054fd073d02e32ac4520b61368b,scam,100
0x4d30774eba5421e79626e747948505fd280e4ac0,scam,100
0xde6135b63decc47d5a5d47834a7dd241fe61945a,scam,100
0x17de5284cc7e748e28e2ac43d901bae143224695,scam,100
0x3f08b12dc209df102eff517c528fcfaf0f04f0e2,scam,100
0x7d3bb88d9c0d8c7cc952ad710ef6b7771bc6da5f,scam,100
0xb7035ca7ae2951b24ae107b6931ebef9f0f1e43d,scam,100
0xd19f3f06ee7043e8b5311653c1dc7409621fdc99,scam,100
0x8b41a8ac6d7b510253afd44a442ebbced77ed952,scam,100
0x73150b14542f0ac672dc79d9d613fa4f2efcc2e1,scam,100
0x4c9d344ad6a0867e3e74968d575cc5711b01e5f6,scam,100
0xab46cb07a087ef63902f213c5494ea4337c52334,scam,100
0x80962df3f2e22b96d582155733a94b2606be984c,scam,100
0x6d2266c11c40907bebdcd6ea6eb3f5df31d5d8d5,scam,100
0xc68e14173b82898681251b9a8712b966873cc0a1,scam,100
0x01aa3dddcd9eac55b6698a487261c0a402ecdcdb,scam,100
0x26e91bb07e044806b8e224c3ec2e1572162cdc66,scam,100
0xb08e4aa5ff20d95e707510880b6134c130fa286e,scam,100
0x3c3bc5e7d8fa600bb2522c26edef0086a3a552e1,scam,100
0x02095d057ff161e53ec689ab17c34e6d65899b1d,scam,100
0x42f9f1c59ed70d5ea385957c76ddee3eaee20eae,scam,100
0xa588541268aff814e48a8f8371021004959e5684,scam,100
0x0e195c81d1dfec1bc97042356b888fe0ea63e201,scam,100
0xf403a2c10b0b9fef8f0d4f931df5d86ad187ae31,scam,100
0x72a1a639c69f8002f035a7dc231d634d74e6b86e,scam,100
0x3267ead61ceb7d16c5ecc2be572ccf0538824e2f,scam,100
0x2d52755826f4054550f4a0a1ad22e69cc0f22085,scam,100
0xa1da0e05114b5cd243ad7eb2b09baf90d7755edf,scam,100
0x3fe61e2306999eeaaff2a3ac1d0fada6f566587e,scam,100
0xdc2933ab1918678bcfd13bcd653a20c0e9ceba9a,scam,100
0xcc320aa1fe572798a1f900cfa0df6524b04c9624,scam,100
0x8014fb4882b1f99a3e60aece1d39400560d986ae,scam,100
0x65a8135596ae13c0dd5c17ba1059c61bc42d3b2f,scam,100
0xcf50193c27df08423bfe813676541b2268789332,scam,100
0x80142a55f0f4f6bf6b5644b8c1f8a3cfed0086ae,scam,100
0x8014ae6574cace1f2435a86d4ea0472f466786ae,scam,100
0xcc326c1d41f64c5331bc7ba555d75306c3159624,scam,100
0xf4dc2152c3c5f1dd1d86f842f67cbb551fd95b0b,scam,100
0xdd499857c8539bef04477b52782be6a9fbd3c82b,scam,100
0x56d3191ee65f1f76e4e902ec983c6420398d49c8,scam,100
0x65a8ec2c367a2d60efc1944c6eab614d73453b2f,scam,100
0x90731af8fcf3171d33fc0df8def3eedc681bb5ac,scam,100
0xd88aebf8ea65fd5b467ddebc9709a8008ae4fb66,scam,100
0x6dddddfe4147d1e246d22c65c55fdfcb0e9ea6b5,scam,100
0xcc32f2d8ef28cd1f057ac42098e49984a37a9624,scam,100
0x6ffa0352963976e336d6f9868beec68c860c6b01,scam,100
0xfd0f9735ea0fe7b66d9640779a05399b7721e006,scam,100
0x057c66dbf8b83b50d50f92981d1aaad02dba4487,scam,100
0x542b0319242f1be65ef4cf51a24042177c729120,scam,100
0x8fbe8655315d6b9ee32fe507db41825ae5b1e770,scam,100
0x97f69ebf1f307425ef23017b3855d02b768c0ce4,scam,100
0x1fe3b7129701802a334a016697a63ad4fe576786,scam,100
0x83915e4ff807ba28b53931f923247c9fa0147eb9,scam,100
0x6f991c7bc5f40a2e7f559f0dfa7407c8237dcca8,scam,100
0x90a3c256cbc46175150356e92df0a2bd25725dc1,scam,100
0xed6cda967e9b89e459ef9f93f55f6c63cd17c244,scam,100
0xe96738d136dab16c45ea87993a7c5ad0530f401a,scam,100
0xee46993f2443a73db9e3fb0bef956cb5e483f18d,scam,100
0xd0206f494e1834a0ad76b202bebfc916317884cb,scam,100
0x1eb7a252df111696e4919d32e270a9711db1584d,scam,100
0x8ced1d7ff93baf8baf48e242f8665f0387b0f647,scam,100
0x9562f5b0b5b18e4c129caca1d7fc281dae0bd7a5,scam,100
0x727a4bfe7fb2f70c218a2408709651706ec60a81,scam,100
0x1f4c5ceff08e252be8f15377a69145c77802ece5,scam,100
0x09b5027ef3a3b7332ee90321e558bad9c4447afa,scam,100
0x5f8304e53654bada62f3217a65c9a6b134410393,scam,100
0x3cafc86a98b77eedcd3db0ee0ae562d7fe1897a2,scam,100
0x85e3d21dd280a1d67c6700cef237f83bf6b64e2d,scam,100
0x6e8bc3156e1e96747e83fd715c0596e40bc2fc14,scam,100
0xa8be753c7da00f4ab3fdf6a57219b874a0e68b5a,scam,100
0xd33cbd712c4cfef65d524f47f007ade6a1488d4e,scam,100
0x85ab0f9ad5f4a09fc81f3a18140be9db92d64266,scam,100
0x137f4d7c7126e609b8e4a6c02b4a7201b109b0d0,scam,100
0x8bae6912fda09b1c2ebf0a58dc581d3b0a9504e9,scam,100
0x33c6dbe4d29e5bb124f4a401858b2daf115e09f9,scam,100
0xb60a8d6a25e50da0ad0213bd2c1302db9dfe508d,scam,100
0x13369b4654cb11d0d3b31abff0a2d74a78485ac6,scam,100
0xf63bc508c0f5d7b7f9803d3f7f612d8ddbe6cb82,scam,100
0xef5342c226d885db54d17c21d41f137bf1a3b732,scam,100
0x28733543ec21dfd4dac3fa2d7ad74d6c6d2bb49d,scam,100
0x8668ff31f952ea44c42dd2b6ef9e7cdb8d938c37,scam,100
0x422cadfa3bd7b60380c6bf2af1f2962fdba6886e,scam,100
0xe704802a03e7657647b325edc2d045e76b3c1d73,scam,100
0xbdf39a779085b74c2b33a3a44bf1927e08821802,scam,100
0x7cda0cda0bead3fd3395faa845badbc8e0d5654b,scam,100
0x59fa8ac4f484a7c4c2c202e0761a1713d0925a16,scam,100
0x4cd20d29e3a7d47173b76849f9e6fa39dd533757,scam,100
0x77adb053e3141424c7caa2277656b20910172d23,scam,100
0x49a74e38d4d46beede12792a5d0a500ca823d979,scam,100
0x05584179486314536837e181d725e56560044bc7,scam,100
0xd1154cd414a1274bf5c2d647bf1c55e9a66e04d8,scam,100
0x4b27430da75a86454ccec280821b730ba0748626,scam,100
0xfc3ca96a93ad02e6c58729b73df31dda741d319a,scam,100
0x39017b37191094c596dddb9c6d5a0c7c9d55de88,scam,100
0xe555d621020f6aa2cc10d62fe28b41581b15efca,scam,100
0x8b4ddc3f8b5cf022fcf5ea86203416bb7ae3f53b,scam,100
0x3450bc589d93bad1b1a48f8013289ad52f6bacfd,scam,100
0xfe71e3e8868ad2d179f1dbfd2708f79dca78ca68,scam,100
0x02b99dc82992fef743d6cca1c839d272d5afe8ea,scam,100
0xf420a31f0c664588f184b1891e2ef5a071c7ac0e,scam,100
0x58640d8e8d15486796a8c01dd2e1580cf02eee46,scam,100
0x553f6ac4548a2af980212e5207b22b9b26ea3ed5,scam,100
0x04914e7f178a1f3717d5afabfc2103255bcc0a5f,scam,100
0x7f402fb839fab0ff6e7d082d4a0c47ee0234eafd,scam,100
0xc5602b6d8f56a145779495d0e21685d5d99c4907,scam,100
0xd403fb0a56c0f70b776ccd5b46312e045728a903,scam,100
0x33a1251501e973c1abed988c4936ef88ff7a43ed,scam,100
0x67b9faf9b5519f8359d717a51fb4b8f5d3c37064,scam,100
0x94ba96e74921b06694d474f53ed90cc5b34043e7,scam,100
0x8b77f870ffb1903c0314719b00f0955858655906,scam,100
0xdc8b8124900d22aaf68b5f0ea163cf0332ba76a3,scam,100
0x3330f2df61e60217a3168c9bd86f354032273ccd,scam,100
0x1c994a7a8038e52758ff39b9e9fc579fb9bf1c46,scam,100
0xddae2efdea0bc62d08b8c411abf7d81ac52b6f87,scam,100
0xcc142242732fe26613537d3cbde1a1d9a8bf535a,scam,100
0x4e04e00badce0458f926d8c2b02e09e2e5c2ed34,scam,100
0xd6353538ecd546f6ef482bb965c89f88465e0861,scam,100
0x5f5f525e6df97b60682d0455afae9f44e4ec7f8c,scam,100
0x6f931bac260e7fcbaa0244d3b43a2bd9e9acf698,scam,100
0x7210e462e9d9b5ab2f5657c185467bbec7e7132d,scam,100
0xbc1c67a354541c964080ba12cc4cf2aed4086468,scam,100
0x0d795ffd1e703fa08ee82713e7ba8aed26a93ccb,scam,100
0xba25feffe57126b503c2a313d928ee99e25884b6,scam,100
0xab667563d81ab99cd3a613622686c93177b07846,scam,100
0xca6a8aa4a1e3c91a2cd05e2ba0f55a7961fabebd,scam,100
0xedae21bebe5712ad47d77f30dfaff80e9cc42f47,scam,100
0x00000000d029a3ed50d891b9afd74b034179082e,scam,100
0x1ed7224aefb32297cdad09f08551393f381672c9,scam,100
0x673477e1438a0e09ba16e2c56f8a701c3317942c,scam,100
0x94a82e323a8c87dbeb6d474a60a09a9635bbf154,scam,100
0xf6e64005b1611f5bda2bc1ac81d2fb19818975ed,scam,100
0x9eeae7b71db4885a5b015941f5a14519b02bc0fe,scam,100
0xd2c0e7ecf9850506d04dc02338cb747064cbdf10,scam,100
0x8184f473d2c9ed1df39990b0f541197bc533c826,scam,100
0xd9ef8782dbdf6976f717b38cc9ad8d54d41df5b1,scam,100
0xbaf90c44eacb1fa302bbea9741dfa0804e87cbf8,scam,100
0xc8b201a13da3c25339195093d9cba81ca48dd673,scam,100
0xea72ce516f04e759d1c1dda605801247fbd53d0e,scam,100
0x535e282340f8a598c9707b8d7868a5c84177a38b,scam,100
0xfa43e1a4d356bee4ccfac21f1c02b4df2fd0285a,scam,100
0xc866949750068c165c3336eb662b19f5a8122037,scam,100
0x8ba9512714fd69be49883e755cfb82ec46c6bd11,scam,100
0x8dc4c5edeca716e3909eab1c8debba9e05318456,scam,100
0xf02597c349e847c8cf1aae765a5cad66c7ed36bc,scam,100
0xd38e66d4176ece009fb767bc705e9d91fc1e7641,scam,100
0xae194392cb4bb3ce69d53f88275a52dd2ed3c61a,scam,100
0xbc272a84883905a55043704d6514224e02328cca,scam,100
0x77a016135c309690241ef491057a5fb0851e4fa7,scam,100
0xfdb919a4ea43d8480dda9513698455523c48c3d7,scam,100
0x857d06e3a3c9b789b32d72f149075e4c15205f10,scam,100
0x8e651043aa6a03bea4411e950f9c73bec9309c78,scam,100
0xc4245e52a2635ece131aba7894c8471581d799af,scam,100
0xb2b8d4337ade6f8e6da4954844b05b9a1aa9358a,scam,100
0xa67f32b55812b48892011fa84b6e082ea9713d7d,scam,100
0x8731bb9bb9adc65650c9ca9fe57f908f82dd7eaf,scam,100
0xa1e7621c900b3697448abda5d6d42da8378026ba,scam,100
0xf6ccd7a7a90dca8c9d768b8428ff1e35bdf68b7c,scam,100
0x9e727c47faa1978bbd3769456f44442bc9f31441,scam,100
0x5f3b5ec9a063a0d94e3d1ab3b0accc8db8d110da,scam,100
0xc045ea08ad10d23d8bb4d7a84e9351dee3614dfc,scam,100
0x925f59e68bf2d218ae6cb42df763ae25c6f2e140,scam,100
0x232e2fd91c88f8e2a06acdaa0ed199516ba31efa,scam,100
0x2e454234c1f9d1fe712d82cd2e5074e7262cf9f1,scam,100
0x277af92a3cc749573e43b62393ae30510ea179b7,scam,100
0x475b4738a50f5bd25dcaf84700db6c3066e7958e,scam,100
0xc4a941bd540d81247b2b87bab09832704a4407ee,scam,100
0x550addfec0e75756f072be92e662b62c1c323a17,scam,100
0xb7de9e51b7d0b7b67195bc8ad1182b7df38abb0b,scam,100
0x2a2aa50450811ae589847d670cb913df763318e8,scam,100
0x233a939cf56b10d4a5cfc1473fb3ea3b4bbafd5d,scam,100
0xdead055450137b92f7f77ccbc2b91ad5bb4298f7,scam,100
0xb99843a4b956ea0313883f9a2a2da3ea132a1ae4,scam,100
0xb8e260b0a681b9dfcef1c06b5f1844236bcfe003,scam,100
0x36dcb078457b8a5cf71e628cf82c4a10ac85992a,scam,100
0xc689a68e44cfcaca9c2b0e5a80c15639427b11b5,scam,100
0x75bf015fd4e45ad82c1e694fb0a48160aa84fc53,scam,100
0x1086feeb031e45e8fcd770662aa8302d7c23ba1f,scam,100
0xe9af2cf13744b7afdb7e6f3aedbf56f34744f013,scam,100
0xa7a30830b1df1347de54773b6150f89be5284ddf,scam,100
0x11a2356ed527b87e502c19ac85cdcf2b12c975cc,scam,100
0xd13b093eafa3878de27183388fea7d0d2b0abf9e,scam,100
0xd361e29c48841c40506fc6e6211f68a203ec1ef1,scam,100
0xbdc64a98ab025e058ca8ac2e2383f0cc017c6e45,scam,100
0x4ef42927687b96cffadc1fd1037898a8c3d5d418,scam,100
0xd5bc1de8fa494faf0719d28db264fdce6af755eb,scam,100
0x73305431359458bf4390d2b28d6c4cd51f85edbb,scam,100
0xfdb3246a4dfe5783ed2d613690adaa151fcc30aa,scam,100
0x3953918e685ecc0df46066a60f4aee861024b5a1,scam,100
0x4d0a00da88e183d2789674e72b8e46c775e2d9e1,scam,100
0x2a6dc60b69db6e122a9906a859173219fde296a7,scam,100
0xa6446b93ac63b1b4601abe921fcfa2103a60219b,scam,100
0xbc8a7498022441febab37c98f2b7e6df7e54bca8,scam,100
0x4d4c430f66c05cb818216fd712fc699a7b0ac3a5,scam,100
0xd6eec5902e37818ba43eadc5e7419bc51346d314,scam,100
0xbb123faf9404aa6a0b630e97efce834ae30b82d9,scam,100
0xf36ccfc0e960e564de3c7815a3af77d623e7b9d0,scam,100
0x8634f73ed61ba5bf0155b8b702e104b0cb8c39ef,scam,100
0x2f0ffecab04e3214350326ddf3f2fa9f0399d405,scam,100
0xf2bad87c0d0ea8bda69c722368df4f79d92ee6c9,scam,100
0xd17552cb589f3fbc2ddf479170b36849d3c56fdc,scam,100
0xcfd30a8910821a3242eb14b580e76d9ec2b727c4,scam,100
0xd8efff51cca8c10aced03cce8ad6e83a13dcfe56,scam,100
0xf164e8342181b825a382c277ba463d0b7c511ced,scam,100
0xadd0e097b961572b2a1f5de572c622eef97e3d82,scam,100
0xd0705c6241c79ee48307c230cffcfde5ec7954e2,scam,100
0x17075a43753d73c86f0f6830fa703ed9239a7f0b,scam,100
0x8a8a2436fc920e6c73c3a9e9a00b8d937812ee0d,scam,100
0x65a0070df20d97d17941b71880a708dd9aa34290,scam,100
0x5e9786a9b58ea82b6319df642b5a7b63d2cc709e,scam,100
0x46cd13ad73b0260bccec6e722c42a7b76ae19b67,scam,100
0xc70c8968ec3d43cb5cf7a16760dd5ef63e2775df,scam,100
0x8eb11e9fb34df532a26b9e1f5d824f049ab82a30,scam,100
0xd56d99916e5ec417beb0c5420515664971f4bb17,scam,100
0x87d884aaa6ff9e9b6014631b0abae80b53953fb8,scam,100
0x2f71039339f18d2f16cccc1292ae6279568d1b68,scam,100
0xcdb07cd32a92f6c25e490fe0563612b9430abf8a,scam,100
0xfbb27abc1153446f5e36a93d716da950f4cb72fe,scam,100
0x103de892c43ceb3e5112aad93d9e888e65729e79,scam,100
0xdf5f1c927e639e3448726c269cd112da5f1d4ef3,scam,100
0x7c8af8638248586d3ba775c8a4178f59ef993d05,scam,100
0x6933dad576bf316b496f0dd575b916639c11dd55,scam,100
0x7b7a7f26db00692ed0bf7cc5aa842f1a9706e296,scam,100
0x05769b71f3a654b8d8db963840aa0e61684564b0,scam,100
0x1c43785f37bde0e557357d4a88c25872ea57b649,scam,100
0x9c2b4a4094ff0f86bc1a11e1a50f4fce32e03169,scam,100
0x43addb2a61e752aa50b9cc54ecd9c255b903276e,scam,100
0x245dac79af38fdb717c7b5a04940f618c52c9d6b,scam,100
0xbe9c5c8cad300b349aa249ff1cb502a3848348f5,scam,100
0xa2f394e87374eb35a97452ff08141c7e0a63c3bc,scam,100
0x6fe2ee963643ac7e480aacafefddb3683e38fcf9,scam,100
0x56db1201d1a37c9b3f2f8be600cbca6ac656473b,scam,100
0xff2f6c6fbd71a078f1c1781855467d30897b5a33,scam,100
0x645daa8cd7f757ac644388e3b132362cb708c96c,scam,100
0xb9899e3c468107941837551717af13567c94eef9,scam,100
0x3c05c77edebb87398f1dcc5b9bcdd5b56909b2d1,scam,100
0xa5a478545fc9121a5e411a608027cf9b27eea172,scam,100
0x8bca1e6b415870b543423beea74c07be9f368561,scam,100
0x9a3cb46d24a3635fae7f111d20ee454b3584a989,scam,100
0x055228cc05d47c99c44d5309fe753f4cec9dbb07,scam,100
0x4a04bf961371240ffbf9cac982aa436bb5386863,scam,100
0x56b4841b16f94231b6ef70defda4de6d51ea35a0,scam,100
0x7f183cce61efcabb8d2eb1340f2a94c5eb1bf8e5,scam,100
0x10ac96dd52add6b77a387f484db2ab55463bdb1d,scam,100
0x650cf4c97a5ff8958e9b72dd58300302990f9d9f,scam,100
0x9ee54040f865ea9949906151f81ab33f04e2aadc,scam,100
0xc40568f147aff69643a9029b85ac40566e8c9424,scam,100
0xd76701e348fbc9a2bf59b1d0d078e9719efef8cb,scam,100
0x05c1710606d5a780e654eeb3bd535e86f16705a4,scam,100
0xa8424447fc2a02f74f16d85a0d24753a4c9af3a2,scam,100
0x0e357ed60593828163eb1721fbae0dd437073fbe,scam,100
0xc1a0c058d417496e5ad26702e016d9f9da00614e,scam,100
0xc97ddc36e15e4c98d5c19245110391eb9c97ef4f,scam,100
0x560833296ef7a7f41b30c1065225fa9b33830c19,scam,100
0x0836f05e4d3c5cbcfdfc7cba81b4154d61aebf21,scam,100
0xdad399ca99e0a2366c28c8e6460fd84f713d28c2,scam,100
0x8acf2c07847b18877a1390b44bde5a928c2504b3,scam,100
0x688b22bfbd8a5deb8673e02671ca075e1fb3f3ff,scam,100
0xf207ba31d96cf56f1e107d8cebf3c08b04e0a0f0,scam,100
0xae26f672d40e1348c9ca892824a22ccdf13ae44c,scam,100
0x1383756a91f4a278b32dd5c66015f7d4d18926fb,scam,100
0x446593015e30bacdef625f76bcd84d2d2a0a0461,scam,100
0x6067a95e7bb071a5b73741628a0a5cb5cc164203,scam,100
0x052ee5470868d14b158abb10dfcc76ed1cd1293d,scam,100
0x6a0e59af84f7a9afa5708b5e43c4845b17aedaac,scam,100
0x13be5abc6fc4af67abe34190f5f529624bd14c4e,scam,100
0x8642fae4122e388c189b40b570bb13a87d0f3aa8,scam,100
0x8c055ea629051c87ae6d801d301b59c166f77475,scam,100
0x63a26f017c3b56faedaa285acb05596c74df75c5,scam,100
0xb88a680ffd7ff5449a38c49e431e9bab04f9cd29,scam,100
0xc35193e17b8f89262004fe438becc25581071d2f,scam,100
0xeba3dbe720092b2c120fa5b6752936477ab4ec6b,scam,100
0x62c71581708dd73b10e7aa2249778aee016ebf0e,scam,100
0x7d7f49f628e88413eb736bf059410bbdfecadcd5,scam,100
0x645125230e924d2db84be4cabf946c87d5be8935,scam,100
0x37761568af636f074595bce8ed20dd5b404ed798,scam,100
0x1e071281416b20ac2cd50d2e8093b43f8526940a,scam,100
0x092a334ea43c0512560f6acf301fa97805cab392,scam,100
0x40949225c4a1745a9946f6aaf763241c082cb9ac,scam,100
0x508d7e3310c49188cf5c7788d3043aad80fe3656,scam,100
0xf299f6b031cc4dd1bfcb86a5e5590f99336a29c6,scam,100
0x70e02b0509d67ade18914729d3905994585a5087,scam,100
0xdb43de62ab5577bab0f2aaf6ad1a2d01ec527426,scam,100
0x04727c2bb15f2b83e7d3ce88b008aa68dccea0c4,scam,100
0x23667058d0cd398ff8d25e015c86322644c7783d,scam,100
0x1e765c2fd0c3bb80d780f2b0e730b6cc3834bdfc,scam,100
0x687ae5cc3978bc07db0b7f4d76fbade966cf4ba8,scam,100
0x8335392fe1b236296c5d5f653264396de165e46c,scam,100
0xe4a177146b18e986f0463364dd53f37f601f9f23,scam,100
0x14258a5ddcad7001e8ac89b539df7e0f08a34500,scam,100
0x540c6f30ae667319e032a8988dcb81b28a960433,scam,100
0x303345349da72a28d12d5515f145dd77cb84bacc,scam,100
0xa746d613d9b3a267ad470e5ce980dbc12473247c,scam,100
0x14d3cb89bfb1513cfae386d9d6ff447753fd04a5,scam,100
0xd11d565ba23b523ef7737aa24bdbb75a06521d87,scam,100
0x410ebb88525ea799ea9e15a03f794f7f6f2fbdcd,scam,100
0x4a12eeb35bd5187be2d26e0fe8b906abd88b6897,scam,100
0xa3c67d993bf73aa4f17ec03f900c865a4326cd7f,scam,100
0x2a6c7867e605d0f0f940cec1669d98a33cf4c299,scam,100
0x44ce1de2379aa6d6d4ad46c3531b9eebb71f7f54,scam,100
0x34b4da7b89f7d7055f8d42fa297b70963b4008df,scam,100
0xacba5dd5b9ebe3c64ac95144c235dbc8bc713963,scam,100
0x4dbef9b86bb3174312d1377b2623db2a9caa5137,scam,100
0x5bf2df6ebcf90665d513c761ce5e516d99ae748a,scam,100
0x078c2b3b09528fd7b80c9ee715f378d382f9139b,scam,100
0x47fea7bb88beca144e82ce96a20a25a0974ba6ba,scam,100
0xa7fa566ef4f221737a7c89c3600f1e456c7d6604,scam,100
0x42b4c8519a46268fbbb89528399da0a40dcbe407,scam,100
0x98c29afea6f69b59ad1790ce2e0effc0bd38433f,scam,100
0xaa90ae1b969bc96e82c80e834b5f739e335b7e47,scam,100
0x1f6f1723d0db4e9783b7171392b6fa9ae1062fd9,scam,100
0xbe969917962ef564f936a3f93dd4cfb315ec41ee,scam,100
0x3219ebdcbc9f79f59c8c53105f3e74e0289f3ea9,scam,100
0x85e150d832942b10383b6d83211224c1ef37fad8,scam,100
0x6642cec9d02e4e669103a3ed4f3505f437b8fe73,scam,100
0x0153775362c3071c1860e8dbfd53ccc82fa226f5,scam,100
0xa7ce02b8195fe8e3116a7e1248f2725eaac86fec,scam,100
0xd33441a44da0c1dcee596abb7ebdcdba77c7ddbd,scam,100
0xb65db9f684f3bfa45ad3fb4cdc4120618ad81f00,scam,100
0xaf313b5cf52d7a2ad7785d008660ab68421db2d1,scam,100
0x1e3c07ce10973fcaebc81468af1d3f390d2a4c71,scam,100
0x5f58fe612db5b3e97faf4a2e8f38b4ae295288aa,scam,100
0x54de06d1a4d9b2bb63d5836ec3159393f860b121,scam,100
0x23d56797f64640e96feaf57b7874c897b53ef0e4,scam,100
0xf23f9dda63ed0628609272dc0544c7a2f7189f51,scam,100
0xc5f6690f7b60fe739908e02aec46ae07718cec5f,scam,100
0xc2f2b463cbff6a6619026300e6dc12c0e935035a,scam,100
0x356f1b9ac8dd5b38d3644b3696741355cda0a6e5,scam,100
0xd77b95800f67deb52e0e0988dbf01a311a3ccd80,scam,100
0xbc210ec2efada9df4897dc9b23c58e96c01ef711,scam,100
0xfb1a7ccf5bcd436dcc0acb49ba1fb9f57bb4d064,scam,100
0x2f141d0cd81011436df8fa04bdac01cb6cf51a65,scam,100
0x24aa18952e80707dad3ab4c9c97e787f2af337ca,scam,100
0x532a07953727164e3624e4411de6a1bd442cc4c6,scam,100
0x76f6671887cf6056344d999e0f326a80a4548710,scam,100
0xc4625787be3fccff6ac2971945806acc167c8cbd,scam,100
0x362291375bd3fc2ff0f928184bd6f373f92dea57,scam,100
0x175f6dbf87215a6da7107977b4680bc3db31b2de,scam,100
0xcb89576d5e1627f4a0c64c2bb4d51798e92e8b8f,scam,100
0xfc8f44ba8bdd5579c97a8bb33b7dae4cf201de86,scam,100
0x049b01966f721db6ec76097043e9d6eccaf719b6,scam,100
0xee14140f20fb737809ca206c238382b3f802ca6c,scam,100
0xb645ac28230e0f97559f3f95d237bee39fb092a5,scam,100
0x5056415c79fe266ad5d1eae045dae90610b37668,scam,100
0xa4fcbc4a0508b11d5ef34d41d72020a5def1c712,scam,100
0x10e934603c1dd921123e20b0d8dcfe831a47fe87,scam,100
0x4aa65136a914a90864c9244e6183e8137b632c16,scam,100
0x250c5e2cda38b4910c92d0e9f5d5bffa54a3879d,scam,100
0x21f74c6bbc1e3ab9f0205e12de3a9daa14351aed,scam,100
0x992ffeb48c4f754f5a45931663f300942e24fd11,scam,100
0x59cd39bd79769561735dc8d597d143db23e207a1,scam,100
0xc3d8a267860e66617def596d611da75b89b3ae05,scam,100
0x72335af49648e35a0f885c3915e9ac8198c50054,scam,100
0xaba9897c9422b1c30733169d3da7ff83d7f23044,scam,100
0x2e2f816f6b9277580eca3d86dd4771b740c8884d,scam,100
0x5c9b3fa74e0700a3cbffd168c7342799a163ba53,scam,100
0x0777d6e570812727b8e46e834f5376e2b0be00d0,scam,100
0x474057adf42f9f955e86aa1142740f9d7763e41e,scam,100
0xa443544c3e83561cae1a4ee9b7f152ec54e89116,scam,100
0xdb0589a57332e0242fe2fa63b071c7a04ac2609d,scam,100
0xfaaf72ee804d88b3a23cd679751bb80ecb8c141c,scam,100
0xefbb57bef8ecab67c45b5c62c5e1b7e5985478de,scam,100
0xe886bfcfa373c17dbc07c7b73f1d368339ac5dfd,scam,100
0x68329d351d2a0a885a4857195d697cce2dab6177,scam,100
0x611f32d256597ee12c2ec2870da6db0b461e6f55,scam,100
0x6e59a921a269878313129d9c7c7db1718cb0707b,scam,100
0xadc7f7d0c48cc91bab52c0c40f83722531d863bd,scam,100
0xa0fc95d1775e5cf03e084ffbda359c64f8a35f59,scam,100
0x00c5de1fc14428dcbbc247b6d16256c642df8c28,scam,100
0xb5879bf4a37c6ed9d86a6f2d8aab7939b21687cd,scam,100
0xddfc0bb0c2c3e62cfec36b9d375865d70f4809c8,scam,100
0xa95391c51788f884beca472bf71cdb000a2eed65,scam,100
0x8a04b6a0223af79e4acc0a55c7b166fe0794269a,scam,100
0x860f3b648111294346897c6a8309ffbf22265526,scam,100
0x9f4562c9be26c7020909b50ccde3447f1b8c4b21,scam,100
0x5dfae1c25ec5232f1d725d5265ceddd7102be5b4,scam,100
0x831ee6baf32c7f558d90dd8f16a45e2928c23131,scam,100
0x97b57ad033d354557bde36bd9a418e80d8d962bc,scam,100
0x082ff353997ae68b88d33dd45e860c98378f8880,scam,100
0x679c34c26e7841b9fc0ce0ff40579219ee3a1ed6,scam,100
0xf487d016b2ea5bebdeea03fa12adcab51237bc25,scam,100
0xca25f343893dc646a0f753581f1d8589ec34da7d,scam,100
0x7083c1bb9a6d9c73cb9b3c200e992e43ff103462,scam,100
0x5bea5bc53ecbbfc459cef95b5855c47748ba3986,scam,100
0x0eee28fc966585b5848f9d65980cb1621f9b3f8a,scam,100
0x4ae9971e28d7f422b406ee1f3bb38e1b96637239,scam,100
0x54a508ff8da468cbdbe9a68550ec5ef745c08126,scam,100
0x07f101dec7fbee347a0f81a1c4ca724c53d491a4,scam,100
0x8727df1be276966a408f63089b6d9dbeea66de09,scam,100
0x8e3e1e3894cd4e79f46f80d4807b597876435978,scam,100
0x31e2f659e5371f95de47be79e1d5027caf0da39d,scam,100
0xef0d5aa61af54a8d932734b3f1949bf40b873bb7,scam,100
0xbc75274d1713e07df13b777c1d9067e7eb3dd885,scam,100
0xf17ba6d6ac0c9e691aa530482d616a4120134a17,scam,100
0x48ec7767d5def1c1520402b092356e070c5f1adc,scam,100
0xb490cec960b665b233d6666f8e2626d8bcae5d44,scam,100
0x903bb9cd3a276d8f18fa6efed49b9bc52ccf06e5,scam,100
0x70305b080efc49eb5dfb9bda78aea516c398f804,scam,100
0x6aac3d150fa7825ef684e4387f7d6b1b8e4f75af,scam,100
0x99d8605b397deff796b27b996b3bb6c71bbe74ee,scam,100
0xf7c00dea37f797bb83cbf4655d87f3449953004e,scam,100
0x10cc64100b4e9372824663524b7c82f367e3badb,scam,100
0x9e50031deb1f02d58abb9b4fa87a8ea99636b411,scam,100
0x0a4392f623faf54de72cbf6f567e1a7808251cd3,scam,100
0x82f38be23b7885148b223d3c40a4320a24fc934a,scam,100
0x8d551f2a2d0908854e0e030564261c9ff2e8dd56,scam,100
0x681a36b6f411d10d78fe8446118a4ddae489e8b1,scam,100
0x7a18cfc4a36e48163034e51a9ed19d4bdea05f6f,scam,100
0xd71bfdfd1cf3f6c1dbb1040ef08cf7b067f9165f,scam,100
0x787e8f0e406cb71a22fd2023316f231d0311b14f,scam,100
0x3810bd434103f1d0618b909ba14e4d2d707d79f7,scam,100
0x6d2510f81182c554a38c9a337d746468b243c7b5,scam,100
0x291ecbb7897a3a11ae0582183a556927bf45d943,scam,100
0x64c5971dd27ff063ee4bc5e4c231febd9fc228cd,scam,100
0x18ec1d727320cbed7c0c63cd655ade997b292c5e,scam,100
0x8c38a4e5104a2925d9e23d5f269afd1c2e09b8f9,scam,100
0xdf967ff95cd5ff35a27786dbd906fbb9ded116af,scam,100
0xb3b3c0316114de7c41d07f85737ede52a3fdecff,scam,100
0xccb47db44b5b21e31013f07937d367d79c063f6c,scam,100
0x55c4dfc965b911afee18a7d2d94a245b867395b6,scam,100
0xdb21509547c82b69e714bf3a761e6d64f0f91cd0,scam,100
0x17935dffbc228397d2f5a67061867804cecacae8,scam,100
0xcf13d8561e589d41794948a56781f23132ec31b7,scam,100
0xa375b5fd214160054a4d56574769ee2969aefd67,scam,100
0x68a91eba9c82b475091077e16357bb2dded479f4,scam,100
0xa23e1185c7edd4ead3b916a5da2f1b7bd8628685,scam,100
0xe4faeef4002c200d9d4f1d381ccb5fb679d1c437,scam,100
0x46d1ebf7bb93044e078e0496e4661ec772607d9d,scam,100
0xf0220b170cbe56810dfcad4458b9feb6c1d9938a,scam,100
0xb1faca3ef83134815c3e28899cb132e019eb6616,scam,100
0x25f754ade28ec1ed771ee22efeaed764847181e3,scam,100
0xa30f2b5cd4f6a7eb210df84f946cb681f2f1fbc0,scam,100
0xd01f1d11db507f2689ea6b939968b4fa1f6bb16e,scam,100
0x73f7b2257c688677ff9cc7bdd2d05e5076e0ae42,scam,100
0xfb990112f51931a2834fcf574a860b7419ecd76f,scam,100
0xa2a6ceadcb7db611f618ebabfe6de5763953b7c7,scam,100
0xe8868e87aaa4a0d0751691f9f33b0e5da7127039,scam,100
0xd3094dba932256cb426dadaef7cbcaa97793cfb2,scam,100
0x6faaeb4050fc4b15b131eff2ea887de829e9fc3f,scam,100
0x7c14369f68d7812c105a597beb13ff8da64520c5,scam,100
0x6a13e6d0251fba7b474cf4468aa157ee0c6a736c,scam,100
0xf8178b379ec4fd758230d28c55c89c064708dfe5,scam,100
0xa9723e26b6853c343a5fafc5a86e7d664c727fcd,scam,100
0x6ef982f9e7f09d4bf4a70398707c82970a6dc31e,scam,100
0x40afc43212f407fa717ab3315b37b6cb3480c23c,scam,100
0x22eb0b23e5ad7ef827aff13b2e40ed63e277844e,scam,100
0x8822f619a9dd64d17caa3f5ca1b257808f7369bd,scam,100
0x89e7be2161fe6a06e4055ce2c6c82910ee7bb4d8,scam,100
0x5bc989f38ec9b913b0fbd8b702858214d428a1bd,scam,100
0x4622fbe791ab00c6aa0a8cc3184c954fd4cb78f7,scam,100
0xe30c6b5ecef9fd188394e21b3ecf60919b57d6c8,scam,100
0xcf0355ab843e4214df370e41239a0b638f251e8f,scam,100
0x0da4eb121142879db7cb4bca6693c94154d07339,scam,100
0x3865fec7f15d5933d7e6fe02d26227a4c05ed591,scam,100
0xf9035283551213f49d78a8467bed94e4b388676e,scam,100
0xd2cb209ab8e3e922a1e8670910c5d047db2fa88f,scam,100
0x41cd1343c6e497c075b7ed1e9f003d65141833e2,scam,100
0xf238eb51e5dc9b3f5537631669660b1fa93b76b1,scam,100
0x713a6f26525b24581cbe20679811af8680abdddd,scam,100
0xaa60f2b7e7cd32cc31620c3a5d10a79e6f2f5cf6,scam,100
0x1b3f0f53f5b50272fb8ece940664d09df675c5a7,scam,100
0x56f1c9cdf27beefa83700fca284fe1ba08a5546a,scam,100
0x995e8e4f271b1b549ac074d26d8b9b5307fe9fa5,scam,100
0x3a577dccfaeb49c18e10c6e750b316aa02e5c7f7,scam,100
0x89cbf1f6799bff1263f0a806a4f585a9d8168cfd,scam,100
0x51146e9e0556393181e8d7dea13581d30062c0c0,scam,100
0xf6d6f0d7d4563f22737bcac7e8c2e91e5121b7c3,scam,100
0x062263af47ffa76f1b4b5c3aa0ef2b62ade436ea,scam,100
0xf602533a2a539b287eb543e6a13fad844b4aaee0,scam,100
0x183f2aefbd1fbcd2967a6f0b6a0ebd2c60a9d969,scam,100
0x0d4f74c538613ed6e6c8c1bc8896ecfd45f5ef23,scam,100
0x3047c9d8ba82571f147a8603909c6cc42fc7cd6e,scam,100
0xe369d4d2d6eec8d332fe1c14a5279cf42af1d8e7,scam,100
0xeb85b4777698c0f41168087cd8d43a2fdef37bdb,scam,100
0x557902ed49132eb6d1b3bd2c874497f2e0148017,scam,100
0x382cdf373e45f552ee2d058839883a2c8a931929,scam,100
0x099218972a0f693151b54d09617f5b25ecdd187b,scam,100
0xb9a2e7d954e07fef84c574214db6cdc128a02879,scam,100
0x73b81ca1939f237c9ef167642d1cf8aff1a91254,scam,100
0xb8cd21db272f811e6721b3a54a7f9098d7981f7d,scam,100
0x2223d0e991e67830f9184171e2f5a44c1f0dee09,scam,100
0x45d6d4c1f56e51b05de3df70f506cc52c99fc6eb,scam,100
0xd473f5339012b837138e9ed3318cd387dbac299c,scam,100
0x34d891216ca79efa979bb5c8ab321fd721e861cf,scam,100
0xf605c1c8c1cd6bc3aa6f7383b86226c583ab2775,scam,100
0xb516107ded86b21f7394c26090adf0661e6a3759,scam,100
0xf982928d81209c387be28d6bb58012021e9f56d6,scam,100
0x620d392d06df0a0182c828fac30d27b0782830d1,scam,100
0x3ffc9c4df6b29a0c3bf5a3056d37b68288c79a29,scam,100
0x7bbcee71e2283c445bdb076bb7fa187726a45d53,scam,100
0x0e0ba79cb92e07555ef7a3fe9e18ba33dd0b6d29,scam,100
0x0697f9d4db21472b3461aa07be39b16cd5b56eca,scam,100
0x1c16b965c7960fea0bd7e8629885cbe162223f2e,scam,100
0xee83bf55194787acc44d6316623998c1876aed8a,scam,100
0xf42788cbbdb00a32a981355ec5b9143b3c639c74,scam,100
0x8c155c3f4c79485dbb0eef5b4076fd426b3f8c65,scam,100
0x5e1a96f0f4965edff7374c327e14241bd129301d,scam,100
0x319ce3233d17b45d49aaa9414f154832d0f9aa61,scam,100
0xf6f902e60c8825662adc5693746bcccd866e90cb,scam,100
0x2f7c756e83f439965dc911d9b31d82c515e8af25,scam,100
0xe4b332ec1fadf68f4243c077ece24f0448e063be,scam,100
0x87b4eed5a781d8b847645082410070f002b41e13,scam,100
0xddb690ef629a2e9277808c25eb5f9259d939dac7,scam,100
0x83ec306df6bee5320cf6a57a52ff732791c65b47,scam,100
0x216dc48f74bacc2a1ae7c064fd22cb542a70088e,scam,100
0x4c6bad785ffcf6c0746f53dbcac9c5e877f75bfa,scam,100
0xf985aa8117999fa3f0f9e71a20d0fe7b88b9d706,scam,100
0x17897c5c38362d8f620e70fee0adba109af5db2d,scam,100
0x79aa79116c24a715b5eb1287af8a16201450c895,scam,100
0x2ea8449b6561e6fd33671177cc6525f163326ac3,scam,100
0xeef175a2bf8191af000c46dca78c5e1999338366,scam,100
0xda7a139e03fe696b760af98f9df89466077bc12e,scam,100
0x32672bd5f7f68ccae5e23986a11f89b51016145e,scam,100
0x0d202934db48341adfe26812a1d8731383b065b3,scam,100
0xd243018b2825ad409512a200e744529bc1b129f2,scam,100
0x6c561b72f34dd3727fc1a8c22c0bfe00e5cb4bf0,scam,100
0xef35af4a5037a1e416514f1f016550cf7c865ffc,scam,100
0xc15ffcceb80e34a780a46795dbd126e2d65c4460,scam,100
0x1cd53879e0e7dcf187f55ef4e963314fd2a5aa9d,scam,100
0x7cbab2a9fccfd3d5e08f1f49e39455b8858e71c2,scam,100
0xbc16f822e1242eea1f5005a7bad88a5e03ce90d9,scam,100
0x008f3db10374099a11ec263415cb88c952abeedc,scam,100
0xb1ab9eb09821afe40af03abda08898b400361197,scam,100
0xdc5b0e523d613f7188312efa1951f02f749d4394,scam,100
0x5ac8695bf1e3133855518d08ffefb1c223621291,scam,100
0xc18dfcf12c61b971a38e3b2babcb83b18e510da8,scam,100
0x19defb5ca94b7234825a2bf94207f195e9cb2b2f,scam,100
0x250486b8f0264b1fe65aa5d7e05986723e492e0d,scam,100
0xa79d0db686653745da64331732fd23d68ae19b11,scam,100
0x9c3c750372e2dbc2f8f2e6c58edfa6e1d7e463fd,scam,100
0x41466413f0c7f11c5b1af39cc1344af9d21a6d57,scam,100
0x87318b9b7eed24f69907d53eb7727c0a590f3588,scam,100
0x8b3b831d767fad1ab0ad52a38777acb98630f8a7,scam,100
0x2e462fdef8cde7db82aa3f7c627731be94f7c9c4,scam,100
0xb3944101efe4164981bba21e0d3725f1fae1bea9,scam,100
0xc0ddcb0f738a1f352c7dd8a3e18719af0a0f77e8,scam,100
0xa493cb0ad196eb650096f5aa255ad3f2649f7bb6,scam,100
0x352c94f714f5112e4dba9f5c79689f8282a4b28d,scam,100
0xf3a3fe3318722e1d060845ad7760cc98abe6f977,scam,100
0xf25d9918ef178be8b1ef380ef775b26113227757,scam,100
0x7c4f1976f96e9dced83977fd96ba71e0fb3c6389,scam,100
0x9491cf3d7d48dae2eaa72d818e5d99ceaa083105,scam,100
0x2997269e23d8aefbb1b0addd6ec95a9616b32f06,scam,100
0x6dbbc4de1ac9aaf73d8ebcf310ec4f0a00c126ca,scam,100
0x4482b379bd92a12001cd71d9abc10a4b26b9ddf4,scam,100
0x8a455e14c3c9e6611257cb03f261fbc8ebaf4e4e,scam,100
0x92c662226b3e5c10297b1a6530a6a9797456cbd5,scam,100
0xd71c2b8df46bb764a83354802845f3740203aa19,scam,100
0x98198d7ecc42a3e18d3fc52957db46930cf1d2e8,scam,100
0xf033f0d9c1bf050babe586fddd94d8928f02ac50,scam,100
0xf9319dddce472f9aa0874d0e71d06e30c18990c6,scam,100
0xb64f875daa42173ccac0b01e502695b61a1a9a64,scam,100
0x1d50588c0aa11959a5c28831ce3dc5f1d3120d29,scam,100
0x395b53a4ef9736d698e86607047267f7f640fe34,scam,100
0xf203a3b241decafd4bdebbb557070db337d0ad27,scam,100
0xf939d9285ffb6fc05780e9549b161d9e9fac6f7d,scam,100
0x0c6a415effaa3a2310c0db718090f4c5fd633982,scam,100
0x545b0fdcbb2b404b26546521d4d183c2538509c2,scam,100
0x6cca6dcd9843b74fd6118687ad14b572bcf99ee6,scam,100
0xf203d1985247e9a93f31535c004fa783199fa6d3,scam,100
0x37ce714cd173d79c209cabe9ab41830f5c31363e,scam,100
0x1161acf9a61b8cd951f5364e897c586883a1fe76,scam,100
0x9806b7df4144efe7d11f349fb7ee8a964499d359,scam,100
0xf11f53674c211d42449aae57cabaf955a6fed8f1,scam,100
0x2d4498a2cf71f5b0946f0ebcfff97ca9d0cd5d04,scam,100
0xa1743d99fa3470db42f36e08b99134bcdd40c841,scam,100
0x8a82571f81d1af061dd995fd972930514898c103,scam,100
0xa53577466e0ecae3bfc967332bb4739ff19eeb5f,scam,100
0x61cf3335eef3bd86ae617cd2ea248494da8b83ca,scam,100
0x3b72e7a10824734c9a503cc719901827e9d59a12,scam,100
0xadc11274992be650e4f7c8d8a1be6001c4a7e1cb,scam,100
0xc25ab34e7f3a1eb2c6a3a23df851f351df0e712a,scam,100
0xacba705c4e619cd687a1d6cf35c83e5c4e268f0b,scam,100
0x1bfcf4c4af45c916c3c8d738431c5188512ab7c1,scam,100
0x7fbf068316c5806a62d549441ae82b00fdb10de1,scam,100
0x770bb9d0ded1e8b787fafeb5cd2ce0b285618370,scam,100
0xb38e19f5b508f78b1ca9e2b962aa214cabed005b,scam,100
0xa4fe2874a4ad464a50cb72a8c0b1a6ab221a7c17,scam,100
0x30be08e516b049afed7b35185497d9ec8d430227,scam,100
0x337c7361e523d792b7ac6be7a67f5e51915f8cc8,scam,100
0x105abf29825bcd9dc66998446d502e75257b16f9,scam,100
0x0ec0e48673e4901c3a28ade2540420f68996e79e,scam,100
0x2c17454b0b0e253313449b962e02bd3ddce9d4bc,scam,100
0xcf32886696ebc2e5bce018e6ff041224032ae2ea,scam,100
0xb767aa43b32827e6c26e126f845953712784cc1c,scam,100
0xd42c3960d30f36c5a4e58d591180f58a34354641,scam,100
0xdad1b9edb80964f2bbb45b4a98546f09c8d48a23,scam,100
0xc74bde36961894c53662bee82cdf351f168ceb22,scam,100
0x174b85710b6b371e472970a9c28a352329a6d39a,scam,100
0x3f2b1dd5877cf9611497b6619d288e77e2d58ef3,scam,100
0x28ccdb023ccf37041d851a9483db55f6c105f507,scam,100
0x5b7d32b33821406883c3364ae34ed9ba5c8b69e8,scam,100
0x91e73f4465174c347db292eca4e8d42564cf6179,scam,100
0x9113b3349842ccddbe0916b2e6d20e94983fd971,scam,100
0x9b398c9d1b4516b9c3ccbc4c6b6350702ed58c4d,scam,100
0xe546f64ebf75cdc134e2e2a05fd6ed2fbfbf7c8d,scam,100
0x536de519a2ab6fd0cc8055e5119b3c2a8dd2464b,scam,100
0x59f6992e185d62d57036ca4b82465e9e5c3a8f32,scam,100
0xb24f7f6dc927da02bbbe89029e7281d187b489d5,scam,100
0x3b4cf0a5f9f679d499383ccdc26b6627999e59b9,scam,100
0x74f59fd3fb42295a05975456a6cdff4e71174cd5,scam,100
0x5fe584cb2d2a937c4abbd0cad57841cc8db97df1,scam,100
0x085f9b53acbff0e4683463fef1a583d299bd4e25,scam,100
0x5f2b80424ee382a239e2a708c9f3ece81f1d8d7e,scam,100
0x471dbd4d8fce14eae3b36efa8fa97a3937038dfa,scam,100
0x754fb6a142ed0043937b676a067f2e367db52fa6,scam,100
0xf8e676094628776690dbf83fa31f08aa14fd3fb8,scam,100
0xe00e1f7117a69c34694ac1815177c93491fc448f,scam,100
0xd0bd5be5df3681608f5fda3d003efaa0371dc4d7,scam,100
0x304d66005b5ad49f7ce54aceba9bbadb4a5774db,scam,100
0xad2e834840954231b924b51bfb92c7f457ca30d9,scam,100
0x4f484c32c4810ae8129f1b724b09c663f8341713,scam,100
0xa525dd7a8034babf46f3f6e253035fb2bcf358b7,scam,100
0x2965deab20b16565d5fb08799728c51b6cdda34b,scam,100
0x005b9f4516f8e640bbe48136901738b323c53b00,scam,100
0xaff0c90e333d22569513fd50a8860c8f5920571a,scam,100
0xea05f37657aed5d6066c42c1458cdd1aaf48b80a,scam,100
0x4999924fd714092fe92ca9a792a8549f798c1dc2,scam,100
0x2ede4eb0fe6ca583b5cf9fdc5c100ecea119da7d,scam,100
0x7f55b3b6774b9573ae2c36ea790118ceba6c057f,scam,100
0x9d74797da2447ec1a4c977e815d66bbd8d8d9272,scam,100
0x26a0318ae3e8da56dd23ab4d20912b5a51f6b754,scam,100
0x05e18136f048d648ee73dd5d269d590ff2873c33,scam,100
0x5cf8c62d08e1c8ada80285c9cc92a2967966bc13,scam,100
0xe22d388301e7d57e20f59e03c14ca4c026c6c3d9,scam,100
0x7a16a0fd441a7591f2456c3cda068e33c6bbaa96,scam,100
0x7fa0c4ed46bfb7aef3d8cf90a0c0caac925d2914,scam,100
0x36ec53a8fba6358d59b3c4476d82cc60a2b0fad7,scam,100
0x5c06bf92669ea4a11b808e65abe65b7c7302e0b9,scam,100
0x80ff1325226351c65c15b6eaa40c46122203a28f,scam,100
0x442355d561494fdb6d383dd780205c9cea4f257b,scam,100
0x5466cfc1d45aa6c09ed820bee5a34f1d2aa8210e,scam,100
0x9d526d86d8bd37d94d6116a4688ac2fe26a68024,scam,100
0x418cb18a725a8b1043d2fb402bb71cc29e42e2e9,scam,100
0x70bada9afadf5fdef08ca8e5db1169c039707580,scam,100
0x05fbf1e3f105df6a4553f3c7f2ed93070a4bab46,scam,100
0xd4718f4601af5365360896f763bb9d7173257450,scam,100
0x16c26eb6051fe13273c634cb6df70a26befa9ec3,scam,100
0x084233ce80e122ebe70ceb5cc1e3ff5a54a5b935,scam,100
0x45a2bdd325a4e7f5ceb1d6653e3f1a4378e310d5,scam,100
0x66a6892477f9b48ed47f407b30dde754405e1910,scam,100
0x581ffaadeeb6d183a73d93413e137cb8c6057603,scam,100
0x4985a8d068a9cac4b81faaafb8d4516ae46dd768,scam,100
0x4a0d84f32a996bb7caa34023372141ecc2ed6de8,scam,100
0x67470e92a9a5b61b80c43a0dc160eec08fabf1b1,scam,100
0x896e2dbe60cf92b7209a1a57b1423f31c0a7f84e,scam,100
0xacd51c7b76100b9563afe4ce6d39994daf7ad153,scam,100
0xa1a36a8df41b03f0e0a77832c23361af0bef2f17,scam,100
0xb29a0b9b4d32c9cd39c02d0f19a6a8bbb3047ceb,scam,100
0xf87d8c781979e4cfe14da4366617197bb6f1f235,scam,100
0x44a7ff01f7d38c73530c279e19d31527bdcf8c78,scam,100
0x29d8e87d4184a25c4f015494e44670a370d27113,scam,100
0xa8afa9a714e06b9eb1b500617494ac213f2d428a,scam,100
0x755143a9c19cc527f285a997d8fc2b4f3d2aa1d5,scam,100
0xdc261f7a835c3692e22485ab2d78cbadf3842490,scam,100
0x4237a7b1c593011b51d9a369392943e078bd570f,scam,100
0xd5d9823e62e4e972f8494c21e074ee21b8b90fe1,scam,100
0x3da2bb8c828643d13c399e71d9c7b70852d45492,scam,100
0xa7b8edb0583b478e2b7c431feb4bc6629a6cd1e5,scam,100
0xfbb62df5cbc8d0bc4c2a0e5c53b8602d49471495,scam,100
0x7448df6e1031d10e237b1481930a074b13faabd2,scam,100
0x5ebc7d1ff1687a75f76c3edfabcde89d1c09cd5f,scam,100
0xf282f97d913404512919914e48bb0c5e35cf0483,scam,100
0xc44297f0d747313bb617750c73a8087ecfe576e9,scam,100
0xd36f0976d54b9f1c0445142e885d3169b77da020,scam,100
0x980844d9bc79f363cafe22a371f6244232402e79,scam,100
0x2cd7e2e65bb6ef5f233f9dea83736cf8195fe70d,scam,100
0xeca2592e788c76f2e3cd4eb6ffcdbe5cf8141c72,scam,100
0x20f2ce82c28b726930a9b476503df7b814335642,scam,100
0x903ac91a1a0da1c96830b4ea4ad60bbe42994678,scam,100
0x57a72ce4fd69ebedefc1a938b690fbf11a7dff80,scam,100
0xfd6f294f3c9e117dde30495770ba9b073c33b065,scam,100
0xb9943d5ab8b3a70925714233d938dd62e957f92e,scam,100
0x44183fd1a79704f79e0986c6380dd9bfbbc7e6d2,scam,100
0x9bc22f7e0234029eaf2c570588d829f07123fdd6,scam,100
0xf6f001b1d6a0e3ec02914848fb8f34503e7dc769,scam,100
0xd6cfd617103649a2f72df3c7a89ff246836bfc08,scam,100
0x412bc03309d61d372b13ddc9bd3b63b192f03863,scam,100
0x3da248b9f74620c68b3b6655e3b8583b5c07ca01,scam,100
0x4cae21759c78650cee753ba4616c66b33178f09c,scam,100
0x6b92ab6d455d06b022bf5003922cdd8b07172586,scam,100
0x09923e35f19687a524bbca7d42b92b6748534f25,scam,100
0xa22229d569884f928b88087600c60d33a9c5a746,scam,100
0x1d60606d8a09b5015d773a80b0c660bb8d91809c,scam,100
0x647c809489c3384ade0d26bd938bd5400cd5a4a9,scam,100
0xc8f38d9f5e4fe64a8ba79bda6a10c6f7da5eebcd,scam,100
0x7450d268e6e230a7caa90df2941dd85822de125d,scam,100
0xd128cf7712ec227d55a0fdf8d3673e97a614dfdd,scam,100
0x8eba31e9ca4a7fa7d93393fefc2ab206e7c4f0a7,scam,100
0xf8d270220168620afd771e1bdb592e116cc8df19,scam,100
0xbb7ef8418e9a74c0c731aaaab688aabc9b7af857,scam,100
0xc70df14ab20e248427f10db6a9fcb8c5b2b46249,scam,100
0x4085ff340bb64ace1bcf5ecc8b93f026b01c7e9b,scam,100
0x9637ec6d245fe5da107470399a77af867a5e88ec,scam,100
0x933357615d1234cbe64823909962191ed730c9de,scam,100
0x6f1c30b499acd49856b3a98f02f15dbad15e6e10,scam,100
0x62ebf2c09ae1de2aa4003d340a7df2afff5d40b0,scam,100
0x2d35ed31d43d6bf5ccc5d7a085fe1ea9829a64d1,scam,100
0x625323fe73ea0c585a9c609af441003c81f09ff7,scam,100
0x154e7d6dcd3b18840cf094629ab4f1776d2ba89f,scam,100
0x48ea99de657ff9cb7dd9b9ac777b3ecd18c038d5,scam,100
0x2210e0e8e7402860baa46bbfb592d0a5fece3f75,scam,100
0x40e92082d13db090fc1d9059c69f2caf7c3a647b,scam,100
0x14b53c269cb3b27b142e480cc26c53b1e89cef39,scam,100
0xfc1d377f24fafbdf9bf7ec24fd8712c1c13bda48,scam,100
0xce322d2506cd7ced3f1754d1ffb483225e29bb2b,scam,100
0x4ed07767e70199f2423dc67fde6802c1e7d06ca1,scam,100
0x4499bac5b15321b6fcd6faf781be8ae96eaafeef,scam,100
0x6fb209016b489977ecc78abf3eb5a8613e7ac728,scam,100
0x36941838db0d292ff88496bf07495b15d8720552,scam,100
0xeb148735f7e75b41aaf344cda706b8f95d5e39d4,scam,100
0x81e331af8e4b6e2be4038f37ee1c1eca7c172643,scam,100
0xf01bc68e0cde363b6e535a4fd3f3b96d7ac1e8c1,scam,100
0xdcb05f9afa10f0cf405ed39502d4916cbd96cf74,scam,100
0x381b94be319fd260c336204a1fe52ab6bd37f31b,scam,100
0x5b7fe67e46b901272c449e5015550447666247fc,scam,100
0xdf04e4f99a3d460db87f58eb331b8b5dbebf2af0,scam,100
0x17bb11fbbb92be1f466a90febf108454bb48d520,scam,100
0x602bda99d7d47b92bd5d4056dbb8219c141a20ad,scam,100
0x1581912a74a68f40b076044ef81312de8a60aab1,scam,100
0x3198af8d57cba0ba93a7f861432f148b37c3af98,scam,100
0xc611952d81e4ecbd17c8f963123dec5d7bce1c27,scam,100
0x0bb49c33e8d118472176168475c0d44bcdcbcb5d,scam,100
0x967582debedf069111973313e29bc7c5f713b80a,scam,100
0x8e10f088e0a046b2467f89114520381f2b5d7873,scam,100
0x1a85a80f6c192a86e3bd5d046c8f421d7947dbcd,scam,100
0x559ccded35e1509465cb30ce6555b571f2a5a55f,scam,100
0xc3e9287e2c028ebbae2001f477dc22ede80ed829,scam,100
0x794ecf3d86271d3d5efd64b49e46f5b70680373e,scam,100
0xc81548a3c601e2c41f9b4b38120860d8b0860c3a,scam,100
0x2bca419e570b1620b5e922fc005e806453affc83,scam,100
0xbce6d09b800d0bc03f34ef93ed356519faec64d0,scam,100
0xe4ffd96b5e6d2b6cdb91030c48cc932756c951b5,scam,100
0xd43ef129b939dd893096b3becefd262d7aa967bf,scam,100
0xf85b9066be0b9e69de0b443ea10e6efff01fd84b,scam,100
0x387c93aa638a130c2ed81cb8e00b6bca024a5a89,scam,100
0xaec2cc8986bb14c0c604d5adf725ba33920102bc,scam,100
0x4901494636635c3c1233b7f09ae9591d15cfbb1f,scam,100
0xb241c9a5f0c0181ef35298f464e75d732f8f3b9c,scam,100
0x4a951caf189f3d3581436b438d53c8f867b257a2,scam,100
0x13f674c399a868feeca37cc4710f81a74ef60309,scam,100
0xe77a30bc4cf2b2bb9176ce8e4454745a2751e29d,scam,100
0xcf1d62627baf1a84bed11e30cf6cdae0f1b5c296,scam,100
0x6668bd45b15e2775f03e738ef6257637a9745287,scam,100
0x336a3f0c4d40b1e39cee72e2e59330daf484848c,scam,100
0x4c6cdd82bf2b0627350bb660c2a18b2db8880ce1,scam,100
0xfb997ea4c102fad4ec67f8bb069752030c0c0531,scam,100
0xee07f244d1bc5b077296975bd062c930b9ab9ea6,scam,100
0x680f7bea6eba9adcd0f47a0de630cfa8f95bf0ba,scam,100
0x224b9f4666472682f3e805f4dc1e0fc39b7b96fb,scam,100
0x443f933362d9472ac8fb9d1c4a8ead512881630d,scam,100
0x777c6ad16b303639489a38b369e423aa2c491884,scam,100
0x5b27531228d8c65a0d2adcd8903fd3348f768a11,scam,100
0x36f1e58458c073de491f4e0627140bce19976aa4,scam,100
0x766316f65c88486bcb59fd57d5ce0087780c1424,scam,100
0x2092b75719ec6f1dfe3f0d8c73239ad0297522be,scam,100
0x37a8c55f6860e19f353686f5dd9c603adb8448b6,scam,100
0x1a11585b374d5827f44e117e07941a8728a5f342,scam,100
0x6997726e03707bf08032b8b6da935cae80524bca,scam,100
0x6c4f56b116e91f15e790508d4212906b75835b63,scam,100
0xc46e1430b1d4b7066b9b6655293492256ba216b9,scam,100
0x89271335db9d0024f725ab23415678cdea3eb368,scam,100
0x567211d48bcfc706edbaf5103196425cdf54289f,scam,100
0x05dd62c007cde143b402fa5da3937c40c70b4b14,scam,100
0xcc8de4ccf031ae0a86db0c561e790173e35d3de7,scam,100
0xe432d9a9be076334474a6a35ede39b278686f923,scam,100
0x8d3cfe26a635a322f814512d3e09df75f7cbfbd3,scam,100
0xaf8185ffff6a3508fc5498a5165bf64de0b0a1e5,scam,100
0xc9194a772c23a595dfab28e30376f2e16ec39e01,scam,100
0xa636fafcf1bb16685af835c2674a7ff022bb67a6,scam,100
0xf41196e8efabce3fee5118d12b971423a8e8ddcb,scam,100
0x821006cd8ad55c74936d277217ecea6863231e48,scam,100
0x2299c90980777bb9ebf2d8d58a92cb3ab7f7faa0,scam,100
0x3683ed5a996c11d0eb4d47c9bff077772644ac62,scam,100
0x69d07b6d25f32c26faf4170aebbf5c602d6dcaff,scam,100
0xb0f5b1c692d60e7d43fdbcbe2f5756b21e433655,scam,100
0xf581747e55f006cdb5bdbb9e316eb0efcc725be5,scam,100
0x4dd0ef53784030fa675e2677f9cdc2a3e32e956b,scam,100
0xf7a5a8a2d0d46377a7f9607df66ff963a23034c2,scam,100
0xc2dc7b86a5cfbc89e20d5d03026e973958d8e3b3,scam,100
0x2779554418f66834a811f2beabb0151474b9c67d,scam,100
0x0e9e90ed10c6f1714bf87307d95b604288c5d4c5,scam,100
0xb9c0179f1f0f19e11586d4d252bc46d88c1713a9,scam,100
0x87f655e887827ed11eb3fbc74767b18e142ccced,scam,100
0x56ccaa034a0bdb7d3a9515cb580fb5448efb584c,scam,100
0xdea0fc6f1726a0dfe62090738e6d670fb23bd545,scam,100
0x6ec56fb2436ba6706cecd42403b6a1b69ff0817f,scam,100
0xa23203c466a57649b83687a3d9129d3ec427c50a,scam,100
0xeb6a066d30c55609fb9f3f6446c6ef8f27033d2a,scam,100
0x1ae807d7645da9f7f65a3c4a7a8deaa08bf9efa4,scam,100
0x701cb175e6ca0ee8dcb61b4598b5a08e2a60bc2a,scam,100
0x7d5f788097e80d797064fde23a62caf8d18ee5a6,scam,100
0xe3400442ed7754cb2a43becb83f801cce1055db9,scam,100
0x1d138d1f0e8e5f67540b6054de7db08a610f85b4,scam,100
0x016c0261c48d089ac26d0a48f840c9a9d5e203dd,scam,100
0x9951be5ac7daf77724a4f7443bef446f6184a377,scam,100
0xfc4e6f05f34d609ff323c834045b2dc5d2b9bff9,scam,100
0x15b4e32d5026a5a9ad3b68becadceb00b4eb9729,scam,100
0xb9556a1cb3150148443e9e9e9c29491ff48640ee,scam,100
0x2e3fd2b400a269f7a0b1aaf448ef02679cd557e9,scam,100
0xbee06db915f38c62d61aba80932369007beae9d8,scam,100
0x34b6341655061f4b5830cd1a7b20a3516043af57,scam,100
0x9ac33de53e16b21250ba2418150fe07ce8c7e5e7,scam,100
0xf9390cda498171e748cd0b43ff65f747867e3ed3,scam,100
0x521ff702e1eed9e48cbe17e2dae6efd77b9d6876,scam,100
0xc051b8a7be5928b01b238f8f910a343bf0a7853a,scam,100
0xa6626a8a85f2032930a25d278ae149191e3ba247,scam,100
0x9356794614efd99a81578425006365b8b697b600,scam,100
0x4508b6691d8c938781f130519625b4cdd7b1f804,scam,100
0x5f38dcbc5a2dbe1e040a60153750feb7e1cfa570,scam,100
0x87c348573f02768a97afb57aac3bb6877a353ae9,scam,100
0x8f9f6aadaf78225b94a84ca9ca80328d0d6b21ea,scam,100
0xfdf02f6beef524df60a066cbe795957f78c63b1d,scam,100
0x8b170540b63d2f826846f3c0b9e6410b08548ec3,scam,100
0x645a58a563ab8c94207e8faea54bcb97e02d23c9,scam,100
0x483ec0e946d1d61696bc8f69ef10365bd80862dc,scam,100
0x2b8cdceb358ee31c2ba6c9707ad09df66bf7bc88,scam,100
0x2d19f9fece6da18f2899944b0621c5ecebaa249b,scam,100
0x6ab2a9088916bf97c248888009b669aa37bab681,scam,100
0x5127e8d79160f4cd177f5ac5a1e860acaa59a34b,scam,100
0xfe68f28599b19c5d8a562e8cc7f7b07c36e0a99d,scam,100
0x1ce4312fdd45c9184a5561314122b2244bd862c9,scam,100
0x0cfdc4a2c05b1ff5fce36d1c1982d8666d7a9813,scam,100
0xcee56c3d77d814d29b9410c0f74c12781fce03ff,scam,100
0xedc702ed96accae315a0f1e8fa2d5a6bc4feea69,scam,100
0x7e25f33c1e3402f2197dab251ce2d73cdbcb77a3,scam,100
0x9b2d66562bea3eefec436df0fee88dd89cbe547b,scam,100
0x9386ff151225710c61747c7e314f317b6330453c,scam,100
0x34959919244b18128d084834dba11f0c91732ede,scam,100
0x47d6287a9fc4a1f69c0b20dcc29928ebb44349c6,scam,100
0x8967f58f726bc35aa10223961feea6055a48aae5,scam,100
0x4496370b4f0993152f761bd3b3d1dd4e7b1b3139,scam,100
0x90fb8fff658e1bd24d274c1a1133c319e055703a,scam,100
0x8ac2d87f4308b0718aa9345b409277e01282fe03,scam,100
0x8de51b248261c0e5736b412ef9faaaf619063b7a,scam,100
0x34d202c37f9609a3d0d44db259ff51bae8ea2d0f,scam,100
0x6cfdde4e08c9e2cf1b9a32d2c31203966b17f816,scam,100
0xde72b9575b532ab7cf37c677d95e9ce612b05ace,scam,100
0xdb7e6449a14100922cad1ecc5abea0fb37ff2106,scam,100
0x8da06780f2914061e356044268edbf16473bf742,scam,100
0x69a862e6f6837c2c4a74f53015e797855441e789,scam,100
0x88620c720523c822adcdc1d5484915fcd85baf73,scam,100
0x71481c3ac7853ef63c87f0e9f91b6a5e16e04438,scam,100
0x33e5d6c0447ea731fe4e2502a881b90ee991cf3a,scam,100
0x58f288f0a8c287f5922c08d9693c045942609f23,scam,100
0x29aaa966321f7d82e119bbc965a58cb62d703445,scam,100
0x908bc24c7fad5b870f2936d9425383f8ea9c80db,scam,100
0xee565e611d47f28787a3e1561f43450d24378a22,scam,100
0xd76e5b9a9e9f267c9b4cc38e78838c532d403523,scam,100
0x59032dab819f2457bf01e52d02dd42073d2e7d13,scam,100
0x1e89039e26c0b7f0e922011dbf3e16a230255cd8,scam,100
0xbfb50b318ebd18975bd60b8d21488a8595debe74,scam,100
0xf9f876a42fcb0d40759790781fdc886449f54008,scam,100
0x73baf168d9f5fee3d845f33b3567fe916f730838,scam,100
0x9f05a98487b64608dde56a23cd1b031f4c567f3f,scam,100
0x77c89a9987017fd0af1c7d057ffb9e9fa254aa4b,scam,100
0xc285d2912b255491df31788c42a4dd2413b688b9,scam,100
0x05c4f9b25b873671f041b646b0b28eaf90122805,scam,100
0x36c22a0a2c7248b2b48bf105bfaf511c5beb1dc8,scam,100
0x2d8028f663512edd7adbb6bb4d2ff63d36a01656,scam,100
0x42fcf3b5708a84ef393f419b4fd1778ddf30d811,scam,100
0xa8d74716d3ca8e6df2ef06bf71ebccad11af3c02,scam,100
0x1ed427535098ed38b5e65d1d8852b63b3ea259cc,scam,100
0x38ed9ed3c470de4eda379ac48a25b13c4ab186e0,scam,100
0x830572d765cc7bfa3cb1fea4e0107ca75076d647,scam,100
0x9a670a4e0fa4dc648d1c3bf9d999fe985c9ffba3,scam,100
0x4efbb8a016b8d28d261fe31be1404cf12f4010a2,scam,100
0x5208d7f63a089906889a5a9caed81e9c889e64f8,scam,100
0x9da01df0eeae50b30845a1cafb27e1f75887b887,scam,100
0x973cc36eef960389b1dddce82a9f0663af61809b,scam,100
0x4805944b89e01e4ea49aa3268916dc68e0862fa0,scam,100
0x9389d53d43c7c174503ed929e6e8bb4e7b351ccb,scam,100
0x0e783fdcfd5f3f1afbb11062315456bd16fee122,scam,100
0x8cf893f11f6037b14f0f827b9ed6aeef38931fb4,scam,100
0x8a65c8565504a2bde31f9c09125f5b9d53b2b07e,scam,100
0x9e9e3b124370c763d1a4e838069da3dfdbfca059,scam,100
0x99e4545f72747cf375bb21bbab978aad2b0e61dd,scam,100
0xfe06a1ec3b6de88a1675c15c6201eda9077eece1,scam,100
0xe724ced12b16bc51aad7514d498d527216a259dc,scam,100
0xb020561cdcf6c68b1df1ac5cd3a682c7ee352aeb,scam,100
0x446c233ae1f969d3063aa4b477b02764414c536e,scam,100
0xc5c95e5484413f20644508031adce296365a1394,scam,100
0x40a4b06c92b2489ecdf765b51c4350d56984d9ad,scam,100
0x407ce703a92acc44c40722dc2256e1d6388bcbf4,scam,100
0x88698a2ff09506596a88a1af9d103a420ba46a3e,scam,100
0x44705e1d11142cd7b0bdfb2ecc0c63784a31f14f,scam,100
0x2cf2a579845b351d0e2fa82476b7212f224eb768,scam,100
0x3ed46342c7d8d29ca065e8eca66bbf867a86e897,scam,100
0xaab92ead3017703f7f9f3f7ff71f623cd7a8d164,scam,100
0x6729fab0df0c18843ec10722759f2859b9f302e4,scam,100
0x4b92e5f88cda4f2bd27b4868b3fd51dab85308f6,scam,100
0xd2d8d12ac776750268b1fe0a0baf1062752b72e4,scam,100
0x5a50f58ba75e908a4170b04aa7eb05ba00dd4288,scam,100
0x62a7b17a43962ba679b32df6a53367e57a810686,scam,100
0x1d2a6f7add060a5f632639bf5ec5faaae69529db,scam,100
0xa6dd705dd6c7a7f4be7b68843b5a1995e60e30cf,scam,100
0x36135fcf43e11083476e7e5db980a3dda184e270,scam,100
0xd88578cd8e81f265e90d80e4e5709bb6daba6579,scam,100
0x8d6be44e86edffbe294071a886ddfb4147831baa,scam,100
0x21f2ec12b1770545ff0f731f2d21edfa0db30ccc,scam,100
0xf6b1f5745b45546b88e1bb0af0505ed100b7effa,scam,100
0x1006f68abfe6ebd96d7a4f74f811713a6e52f3ea,scam,100
0xf23402d18e1518a5a4bf59955d0d56b84d997c93,scam,100
0x00d71de39c7bea8b69ae917a3e56c4717ef9d566,scam,100
0x8a2526f9f0b0e7593146a9a430529959adc604c5,scam,100
0x717b0f2016f396046e1403ddb8a338d3a65a649e,scam,100
0x344ddcdc306a75621866fd65619b5cfb329e1986,scam,100
0x8274589ae12450a5606021f160f224f625aa08ce,scam,100
0x60e4ec00cc96b57792f89ad05eaaa7dca643800b,scam,100
0xb07af2f34b30fb38cf18bbdca5134df170278de1,scam,100
0x2f46c85b5a9c6e908a3453220e4dad23caa5c8a3,scam,100
0xd93a9eba0b33896c629a7febfa2503f7ac0fa3af,scam,100
0xaedc8a3afc62a3deee4eb232bfdb28058bf554d8,scam,100
0xa22270850fabde01e1f5c5879ea65dd82890af31,scam,100
0xa49d41a87f33c1a7b6368c171298266bb193a08f,scam,100
0x3de08b35c0e7f255f37a5dace9bd8eb78e99e985,scam,100
0xc2d7cf95645d33006175b78989035c7c9061d3f9,scam,100
0x1c40d1a1cac7c586b9509c565296f91c8441af9f,scam,100
0xbf0a4a57d66ec0eb94dce2fd0a4aa57f8b0a2530,scam,100
0x37e30fee740928e8db15d3dafd544baab6b87051,scam,100
0x4902c6f5fa1a80a2a85baffeb65ee77e3144c6da,scam,100
0xb5a854f6c86161642fc25b45454ace755231d436,scam,100
0xfa9980a7240ea1beb0b5ce58c0744fcd67f06104,scam,100
0x9d748d8f305b54127c57752716b48f23364ac3cd,scam,100
0x2df62e8d020984d77a5baaec76aa3473daf2d313,scam,100
0x81c01024deaad32b015707f6f3ac948e88463204,scam,100
0x648e163b47a69c06fa4a0904324afe393763b323,scam,100
0x9d03a3ad580cc2fb820349d3ff002fb2fc7a6b19,scam,100
0xf654ab046e7812a77475a14b7e61408d8a822be4,scam,100
0x9c29046a4178d15aa7be23e6b73ef0f2e429a9a1,scam,100
0x03e115d99f005f9df8accec3f3d07f54b593ee96,scam,100
0xfa58e1030e7314d8e134e7637b944d0536624032,scam,100
0x65403aa21fbe76cc8edcd42ecdd0c6cc5c972f73,scam,100
0x6a1dea6f4c9d48035d855e8399e20e254f0ce1ac,scam,100
0x9d4b62503b4b7993182323effe6245f6d77e4413,scam,100
0x577cad8d4c0511ac704cc2d4d0a01d20917a3035,scam,100
0x0061fb5485dff4bb85c078dca80d19119224d97e,scam,100
0x6079ca4a2d8a1b5d2a31b482ee9e5eb6ccfec368,scam,100
0x26ba821222ee3b7b77f83cf1411dc5105bf2e499,scam,100
0xf3bc09e9c493f7d446df129168894ff521175326,scam,100
0x408fac2d2d3d3ac4e356aa188119f5624fd8c9f6,scam,100
0xce05a1bbff026ef875e94623753642806c0326d8,scam,100
0xb8ed23977f745865abbc645f09fc07f82cfde421,scam,100
0xa5712afa19d70bb5dd57b91c43fffcaaf077dc3d,scam,100
0xe047fb1968b9143ce4284ca0fafc012b3aa8568d,scam,100
0x05f71263372ac109cd13faa86d13a0e5830fcedc,scam,100
0x457577c30da16b9597215d630a280d8ce7694674,scam,100
0x870c34e732a43e43e6a58dcbf14f4d9b823d4ca5,scam,100
0x8ebacd6867bf0bd877d783e26afd7d307d604343,scam,100
0xd123c0b9c52af99421765bf129cee22fec0c66be,scam,100
0xcc9ed092ca0d09a85b113b6e081fd9f1a237657a,scam,100
0x33ed22f4b6b05f8a5faac4701550d52286bd735a,scam,100
0x5337a05cc6bcc36b9e70a4b2f81d4c7287aa742e,scam,100
0x8ddfdf60aaffe05c623ba193a186abd1f8024946,scam,100
0xebe808320931473e5ed488e582f93dedf8369a77,scam,100
0x60afc5761212ed59608b0559b4ccbaad24fc74b1,scam,100
0x7c6fe23375e80bf7f54dbd4c3fbe19bb0390c3bd,scam,100
0x9bd4d96126b89072de1db15be636d4309a223a18,scam,100
0xcf4a6c97b06cc150c7b4ae06127d53cd70864e04,scam,100
0x47d9da6e6270de282a673a7536d9313e46e74576,scam,100
0x6aef2850c2ce2ef583ae8a36be3357080608bdc3,scam,100
0x190a0532ddfb88b29e4da09367819585fba9c823,scam,100
0xd384752674cbdf4673994ab973a51fc6f114b75f,scam,100
0x25ab0a13f42ea870879b4b631d5599ef47260dc1,scam,100
0x3ce88849387ea47c0278f9b65831bfc53ee2ffe2,scam,100
0xd033262c4e1e9d1c27bdc5ef04b446c17cd478ff,scam,100
0x7cb3ce3248e7c0cd320f3440d437a92a54f541f0,scam,100
0x2cc6cfbbb5e1c4d92638c1766d09850adbcb9b2e,scam,100
0x9b36494cbecc8a483508e01cafb9e9298db9c83e,scam,100
0xc1e6720f94a8d73e77a94d16fb76f7dd6edff54c,scam,100
0x842b4370f72dda4da0cc81f522adf22294c37c33,scam,100
0x1d32c5c86d035f6c8d37e471e55c03d1d191b5f8,scam,100
0x4b11d8ca056ca5a4ec3ba5789871fc37d1222395,scam,100
0xc8613e11dfdb4f4f59309ae9d76000b1783963df,scam,100
0xbb8059d1a8d61dbc6f7ca36c597955c2110ae259,scam,100
0xf209c326f75ea3ef1e450e54aed63ad577fd6098,scam,100
0x28906b932cf61c99efc12615f4852bd2d512d8a2,scam,100
0x2689a3feb5ce6ae619b9f923fc8a1cde1143b7b8,scam,100
0x30957ece5fc9d82854c485d1e4a84152966bb0e6,scam,100
0x051005cdcecd916fb8b98643d923646acc7e07cd,scam,100
0x15c4659060bf1ab40455005b385f0e84cc9cae00,scam,100
0x4f08932186ab86fad489e957409771e74484bfbe,scam,100
0xb7c4a4341c0a03460b6cec4fa997dd2d748ce281,scam,100
0xe02fd855abdb38e661f9f641947c82501e2f77e5,scam,100
0xa8182db00883bb873ab80f1a443a9d454a4c9ed6,scam,100
0x18157e17cfc0ef9e7c363f07394ebd79f18d0ee7,scam,100
0xeaaaf85e36267d4a44532e4df628254d6ce7f9cd,scam,100
0xaf48cfd4eee2b9f185fda12bf0cbbec5b90ed8c9,scam,100
0xaed20775c1d0d64796c9d023c8a7ac84557ba1ad,scam,100
0x79b570f107f07589244c76ad8fd9a7cca0fb80ef,scam,100
0xb6ecd180f5cbb9167147394841d31f94eff77dbf,scam,100
0x82603fec3241b319ac1a0470f2c08bd90461a355,scam,100
0x8be8273d93633b6d99c83759fb54a825a01a804e,scam,100
0x45e7c24e67df934069a2709c5b592f950bc709af,scam,100
0x8090be0a2e999cc78d89a864334d8c9bd0dc899a,scam,100
0xe4fd64c52452aa7933a26c63198b13ee6b87a3af,scam,100
0xbe3b4b8b55ea67b1b29a66a6019f077f54a048b3,scam,100
0x0c91ba2e9d7984015d72249345a0cefb8328a930,scam,100
0x8729abb00a517bba3d615ed13e7c9c55ab311d41,scam,100
0x3d849340d298955d62b73126823b4594feb1291d,scam,100
0xd8d0506ed425364ee126819e8b73fc3160c39d49,scam,100
0xd90ab919639af912ffc63831a4f9035f43a80bcf,scam,100
0x0441c33cd5f806116c6de528709368c6c7183cd9,scam,100
0x57c3d88d79d9f695cfbd9d0778b7062a0a7b1809,scam,100
0x3ec70d924d6116b5569bb4d2cf95f1e0abbd2463,scam,100
0x67dd84441664149a5deaef3880a67ba1cb9e174f,scam,100
0x9844f5c5f9aa7146a74ffc7b9227742acfa71dea,scam,100
0x0d4789f3c37fd0f11c031c4a59c71aa68142223a,scam,100
0x499e535b6b5e85b90d436207907ee587f6736e9e,scam,100
0xae34b154ada796cfebe8a60d265d266ef809fb05,scam,100
0xc1b861fadb1834d229be4093ecb9d270283b7388,scam,100
0x52b949fb4678c20873135ce6b3727949432af1d7,scam,100
0x015c0e438b3a01511b98d928bd031d3dc50abb9e,scam,100
0xbfceffc807c6cbfb27c46bb18ec32fb484d9c6c8,scam,100
0x4d517d272ce8d879d8891518e70153b49d2cdb96,scam,100
0xe145044f7db80f59047eb6ecec9f22e00d119468,scam,100
0xcf7f7943fdd64838cfd6418345651d5f8081dacc,scam,100
0xcaedcba7e864532aa1745ca7af5923d17029ad52,scam,100
0xbe286e3c51c9f954d8641077fbdd0625025621b7,scam,100
0x7d73f38770997f30bb6dfa2b8da184f2cfeba6c6,scam,100
0xcc1dc2e1e8f9c51f7d124e023b37dc310913afc3,scam,100
0x51af777899f0e81fbb69836e9255cc5bab7a5842,scam,100
0x4e9ce827df8e7d988eeb71d6f254814705b23a65,scam,100
0x1af0340527b8baf6965307010871f6312eabacaa,scam,100
0x58192acd70c8f198337ee9eb90d96b255643636a,scam,100
0xaf31bf4fa017768e6426308cf17e16d633700265,scam,100
0xef6504149a77221d2f2eb72499f33419d25dfd0e,scam,100
0x27ec5a27e521364699b870e5d8b5245d97cd0031,scam,100
0x80d7bb18521acbef32d7906502ebe94928690e93,scam,100
0x189c3d322e1b09cbbb61629cf538ace8dc9e8fa4,scam,100
0xbfdf5f7ac2962b334ec2833ddd9ff30961b58a36,scam,100
0xab7ec7596fc05bc55afc07008cc06c1193ed6f9a,scam,100
0xf352462236d5c269358e0fc67457a285d9ab4d75,scam,100
0xfbd9042ff0098bfad4b31a2c2d4d9e531c2721ce,scam,100
0x0afc3711b354136a569edeeea3c6a51e1725013e,scam,100
0x13098fdefba2129b8873bcff5c9ce2de1cf7f32f,scam,100
0xeef2a09be2a136bba76f04cf056e36947dbf0b0c,scam,100
0x86ddf5b305b9081fb5208e903edeb013510997cd,scam,100
0x3b5744c7f340e0d2dcf7a072a4c963b9a43c982b,scam,100
0x81fbb23ce259d141339e49ece91599ed97cc8b49,scam,100
0x09e5d03ae284f20aec77a541c1fb274ec1422469,scam,100
0x897192c1dab98e1165796881c74203156af28b1e,scam,100
0xcba1e79e47dd511b87dcc69b279953543d453fc5,scam,100
0x3a3fcaaa5c1da9db7c8ef28dd377f6aed2e43388,scam,100
0x10aed5faf0a98c168cce8aa285ed11aa3ec163ad,scam,100
0x8f3b2406f87f11ac30bbe462badef1588b2cbfe7,scam,100
0x62404bfb3e1c464f17e3af0c139e39d0703ae4a1,scam,100
0x34c4c642187966641220f1ce15dd738691c4f1aa,scam,100
0xf158d37c2f42bf388321ac60f1a433c8ed94673b,scam,100
0x1b39b1411dbc1cfc012ddc239f1522baa0e02b01,scam,100
0xe83c930ab539124f21de02b2d94ecb58b8406c04,scam,100
0x8241af33b5b58e225b9833ad75b9710c6e3ce4dc,scam,100
0x23bc518ec62edb9933a5ef0f3267995945be4cb3,scam,100
0x29c77a017dc5548cf3ad98eb4b187f906fd3d549,scam,100
0xa15b3e40505467e6928c998eaa5c486d750aed0e,scam,100
0xc3a28a27b9be468c2bb2d21e5f952bc251033f20,scam,100
0x1d6065940bfd6ac7c4ec1e2a35e1420e0a9c1bff,scam,100
0xbe2c434c49959ec0b6bb4885e63ff9977c009298,scam,100
0xa8a6497978c264d7ce268d826a834c1d7134d914,scam,100
0x585a5b8f790555c2d084071939253d1877d29339,scam,100
0xb763afd03e7c4e6fd91d3e88ac941cf7c07a3898,scam,100
0xe63cd3b617562d2291cad8ba0a5b4f79b61f2574,scam,100
0x1a2a81b0ae883384539caa18628c007ca5c448f0,scam,100
0x6c126b25151be23b547fc0812ba408f61dc20d00,scam,100
0x769749419513c60ad4ffcb5b5072c8b74ff4c08c,scam,100
0xe5f08b41bc8e37ee5e5934d4a27e67e059370011,scam,100
0xc4ce40af23a0619119e7f59730131c22650d5d11,scam,100
0x8196fa469bd2f8105bae01702c4b84b04cdf4a2c,scam,100
0x45c50428f31ff89c8bfc0cc13688d897750e74b7,scam,100
0xe3115696fc96b8b15bd7afb0213082be4595cdd8,scam,100
0x4ff5a066af7f713478e1933929282fd70bd41afb,scam,100
0xf847860a334c63b347030b3e6dc1d18136ce6f65,scam,100
0x00c8bd3cd1e649a3fd2a89b3edc1c2ab631227a0,scam,100
0xb5624bee455817d8707aab3d9228a23319adfb15,scam,100
0x26bf2ea373496c1e4b91c49965cd58c60712787c,scam,100
0xebfce0f5135c0bd67f9fa5b1ae1366a566f659ff,scam,100
0xa69ea6ab7707c551eeae1d443e179318a9dc73ee,scam,100
0x42e0d29d1cb3a28d748a7ac2d06d679329022c72,scam,100
0x8b1b4f3a25444005ecd37f7b0c12bc5078c13443,scam,100
0xcd7f5657b0d20384b71331a84843f4e8068b7978,scam,100
0xc348085a86d14f9ede78a5ddd5aa7fef232c9950,scam,100
0x797ab7505608a943a4f00e275ad6f2a514b8e038,scam,100
0xce9e24dffdb3dc08efe33ad3db858576c3f27d5d,scam,100
0xda5f6405808111de82084e6804adf7153edaa8ed,scam,100
0xff8e6af02d41a576a0c82f7835535193e1a6bccc,scam,100
0x562109a47a469ca0c385d654bb0af14c98cf6e12,scam,100
0xbc025972d6dcebe52793a2b19de53cf621cf1edc,scam,100
0x5cf03f522dcbe4efeed2462759da179b50230969,scam,100
0xed6b90c028310122af361ce84a4604afbed40910,scam,100
0x76524f023c42cb4018d24b8097959b2ecf8fa8ea,scam,100
0x5d3eaf54fd59e264945d2309fe2ebfb70c0fac4e,scam,100
0x9e5a6b7a73c6b390aa418f5b4cd3a8f6d1572810,scam,100
0x6b0a6c142905ce6c1db7276d8878a3e7846675d9,scam,100
0xf19c11540e012227466a59cade5f7fcf8dc1d1d1,scam,100
0x68e45b998240d77fbe30be84bd8397a51f0ef962,scam,100
0x215e7e7edefda37eb39df17b8b91da9a60d85530,scam,100
0x13b56f970b8982b1b4a76982876086ecad4756da,scam,100
0x3fc7ca472d19f24f544fcd79bca992019650c1eb,scam,100
0x7aa266963882f13eb0ab5920e16afef2f26cda8f,scam,100
0x451ba6133b64829398fe074ae649a7998acb16f3,scam,100
0x74a01390635d8d4016827fa3afb1a0f6c33ed8d8,scam,100
0x84d2a64cf2c0b1b4a65925dc0b1a20f42fe6104f,scam,100
0xa4f06f1afb7b8589d1f4609257e5010c30ed3d2b,scam,100
0x68aacf41fa22ecd5ca0bb102da46b0f503e2e168,scam,100
0x2b1c266e2a39a7a30aed472fad47d6b6ab953f7e,scam,100
0xe2dab81efe425bdd0a64e9c69393f0243d7d672f,scam,100
0xf70c78be20884e3e90a8cabd46620f1823b2d4b3,scam,100
0xc597498f0d102036ff7bf9fda401f3174d2e9d96,scam,100
0xb0d46eb7e6aac501bcce47f05ace37527b8b329a,scam,100
0x44610cee8c56d34e80468243065e3a319250e32a,scam,100
0x429d386adc915ade21593609b1b89b976b2f2af4,scam,100
0xc71943c6411dd88aad1e5b69da551f16596d73cc,scam,100
0xc446919fc6a76f5bfe847dfcbe074648d038230a,scam,100
0x1cbc864ea74e0f23f103df8623ba56a01b1eda59,scam,100
0xb75be435ee985ab09f99299a90b03937b33855c6,scam,100
0x5ef4ec670246af663f64aff354a30ca54b43dafd,scam,100
0x2b164ae662a0ab1832c87cb4a226efec56219fb6,scam,100
0xab486933bc2e24580080b9e97c2abcd493c0a136,scam,100
0xff481ca14e6c16b79fc8ab299b4d2387ec8ecdd2,scam,100
0x46f136cb5eab40f02282aaa7b4b0ccb79e71c523,scam,100
0x1e442d0461bd7a52fadb9920f6ed5bb3cd8ff75d,scam,100
0xb9ba61669e7652970180b3b98972b001b8fc88d2,scam,100
0x5f621e6a89b8fcc0de41745bf1fbfdee6ebcc56f,scam,100
0x1451dbe4304a60b5b25b4d98b355effd440417af,scam,100
0x3c924cbbd8ffb34b3da99c1501afb9bb3cf5e4f4,scam,100
0x7a2934bf040706ce585e547fab846dd79057956d,scam,100
0x8e3f2d9bbd1759e13ebd96d95cef2fe468009e6c,scam,100
0x80e02ae8c5d5e482558caf32004e7d6281445f28,scam,100
0x77849c0b55e6b65336c913b850fd5d92b42f68ce,scam,100
0x01e2919679362dfbc9ee1644ba9c6da6d6245bb1,sanctioned,100
0x03893a7c7463ae47d46bc7f091665f1893656003,sanctioned,100
0x04dba1194ee10112fe6c3207c0687def0e78bacf,sanctioned,100
0x05e0b5b40b7b66098c2161a5ee11c5740a3a7c45,sanctioned,100
0x07687e702b410fa43f4cb4af7fa097918ffd2730,sanctioned,100
0x0836222f2b2b24a3f36f98668ed8f0b38d1a872f,sanctioned,100
0x08723392ed15743cc38513c4925f5e6be5c17243,sanctioned,100
0x08b2efdcdb8822efe5ad0eae55517cf5dc544251,sanctioned,100
0x09193888b3f38c82dedfda55259a82c0e7de875e,sanctioned,100
0x0931ca4d13bb4ba75d9b7132ab690265d749a5e7,sanctioned,100
0x098b716b8aaf21512996dc57eb0615e2383e2f96,sanctioned,100
0x0e3a09dda6b20afbb34ac7cd4a6881493f3e7bf7,sanctioned,100
0x0ee5067b06776a89ccc7dc8ee369984ad7db5e06,sanctioned,100
0x12d66f87a04a9e220743712ce6d9bb1b5616b8fc,sanctioned,100
0x1356c899d8c9467c7f71c195612f8a395abf2f0a,sanctioned,100
0x169ad27a470d064dede56a2d3ff727986b15d52b,sanctioned,100
0x178169b423a011fff22b9e3f3abea13414ddd0f1,sanctioned,100
0x179f48c78f57a3a78f0608cc9197b8972921d1d2,sanctioned,100
0x1967d8af5bd86a497fb3dd7899a020e47560daaf,sanctioned,100
0x1999ef52700c34de7ec2b68a28aafb37db0c5ade,sanctioned,100
0x19f8f2b0915daa12a3f5c9cf01df9e24d53794f7,sanctioned,100
0x19aa5fe80d33a56d56c78e82ea5e50e5d80b4dff,sanctioned,100
0x1e34a77868e19a6647b1f2f47b51ed72dede95dd,sanctioned,100
0x1da5821544e25c636c1417ba96ade4cf6d2f9b5a,sanctioned,100
0x21b8d56bda776bbe68655a16895afd96f5534fed,sanctioned,100
0x22aaa7720ddd5388a3c0a3333430953c68f1849b,sanctioned,100
0x23173fe8b96a4ad8d2e17fb83ea5dcccdca1ae52,sanctioned,100
0x23773e65ed146a459791799d01336db287f25334,sanctioned,100
0x242654336ca2205714071898f67e254eb49acdce,sanctioned,100
0x2573bac39ebe2901b4389cd468f2872cf7767faf,sanctioned,100
0x26903a5a198d571422b2b4ea08b56a37cbd68c89,sanctioned,100
0x2717c5e28cf931547b621a5dddb772ab6a35b701,sanctioned,100
0x2fc93484614a34f26f7970cbb94615ba109bb4bf,sanctioned,100
0x2f389ce8bd8ff92de3402ffce4691d17fc4f6535,sanctioned,100
0x2f50508a8a3d323b91336fa3ea6ae50e55f32185,sanctioned,100
0x308ed4b7b49797e1a98d3818bff6fe5385410370,sanctioned,100
0x330bdfade01ee9bf63c209ee33102dd334618e0a,sanctioned,100
0x35fb6f6db4fb05e6a4ce86f2c93691425626d4b1,sanctioned,100
0x39d908dac893cbcb53cc86e0ecc369aa4def1a29,sanctioned,100
0x3ad9db589d201a710ed237c829c7860ba86510fc,sanctioned,100
0x3cffd56b47b7b41c56258d9c7731abadc360e073,sanctioned,100
0x3aac1cc67c2ec5db4ea850957b967ba153ad6279,sanctioned,100
0x3cbded43efdaf0fc77b9c55f6fc9988fcc9b757d,sanctioned,100
0x3e37627deaa754090fbfbb8bd226c1ce66d255e9,sanctioned,100
0x3efa30704d2b8bbac821307230376556cf8cc39e,sanctioned,100
0x407cceeaa7c95d2fe2250bf9f2c105aa7aafb512,sanctioned,100
0x43fa21d92141ba9db43052492e0deee5aa5f0a93,sanctioned,100
0x4736dcf1b7a3d580672cce6e7c65cd5cc9cfba9d,sanctioned,100
0x47ce0c6ed5b0ce3d3a51fdb1c52dc66a7c3c2936,sanctioned,100
0x48549a34ae37b12f6a30566245176994e17c6b4a,sanctioned,100
0x4f47bc496083c727c5fbe3ce9cdf2b0f6496270c,sanctioned,100
0x502371699497d08d5339c870851898d6d72521dd,sanctioned,100
0x527653ea119f3e6a1f5bd18fbf4714081d7b31ce,sanctioned,100
0x530a64c0ce595026a4a556b703644228179e2d57,sanctioned,100
0x538ab61e8a9fc1b2f93b3dd9011d662d89be6fe6,sanctioned,100
0x53b6936513e738f44fb50d2b9476730c0ab3bfc1,sanctioned,100
0x5512d943ed1f7c8a43f3435c85f7ab68b30121b0,sanctioned,100
0x57b2b8c82f065de8ef5573f9730fc1449b403c9f,sanctioned,100
0x58e8dcc13be9780fc42e8723d8ead4cf46943df2,sanctioned,100
0x5a14e72060c11313e38738009254a90968f58f51,sanctioned,100
0x5a7a51bfb49f190e5a6060a5bc6052ac14a3b59f,sanctioned,100
0x5cab7692d4e94096462119ab7bf57319726eed2a,sanctioned,100
0x5efda50f22d34f262c29268506c5fa42cb56a1ce,sanctioned,100
0x5f48c2a71b2cc96e3f0ccae4e39318ff0dc375b2,sanctioned,100
0x5f6c97c6ad7bdd0ae7e0dd4ca33a4ed3fdabd4d7,sanctioned,100
0x610b717796ad172b316836ac95a2ffad065ceab4,sanctioned,100
0x653477c392c16b0765603074f157314cc4f40c32,sanctioned,100
0x67d40ee1a85bf4a4bb7ffae16de985e8427b6b45,sanctioned,100
0x6bf694a291df3fec1f7e69701e3ab6c592435ae7,sanctioned,100
0x6be0ae71e6c41f2f9d0d1a3b8d0f75e6f6a0b46e,sanctioned,100
0x6f1ca141a28907f78ebaa64fb83a9088b02a8352,sanctioned,100
0x722122df12d4e14e13ac3b6895a86e84145b6967,sanctioned,100
0x723b78e67497e85279cb204544566f4dc5d2aca0,sanctioned,100
0x72a5843cc08275c8171e582972aa4fda8c397b2a,sanctioned,100
0x743494b60097a2230018079c02fe21a7b687eaa5,sanctioned,100
0x746aebc06d2ae31b71ac51429a19d54e797878e9,sanctioned,100
0x756c4628e57f7e7f8a459ec2752968360cf4d1aa,sanctioned,100
0x76d85b4c0fc497eecc38902397ac608000a06607,sanctioned,100
0x776198ccf446dfa168347089d7338879273172cf,sanctioned,100
0x77777feddddffc19ff86db637967013e6c6a116c,sanctioned,100
0x797d7ae72ebddcdea2a346c1834e04d1f8df102b,sanctioned,100
0x7db418b5d567a4e0e8c59ad71be1fce48f3e6107,sanctioned,100
0x7f19720a857f834887fc9a7bc0a0fbe7fc7f8102,sanctioned,100
0x7f367cc41522ce07553e823bf3be79a889debe1b,sanctioned,100
0x7ff9cfad3877f21d41da833e2f775db0569ee3d9,sanctioned,100
0x8281aa6795ade17c8973e1aedca380258bc124f9,sanctioned,100
0x833481186f16cece3f1eeea1a694c42034c3a0db,sanctioned,100
0x83e5bc4ffa856bb84bb88581f5dd62a433a25e0d,sanctioned,100
0x84443cfd09a48af6ef360c6976c5392ac5023a1f,sanctioned,100
0x8576acc5c05d6ce88f4e49bf65bdf0c62f91353c,sanctioned,100
0x8589427373d6d84e98730d7795d8f6f8731fda16,sanctioned,100
0x88fd245fedec4a936e700f9173454d1931b4c307,sanctioned,100
0x901bb9583b24d97e995513c6778dc6888ab6870e,sanctioned,100
0x910cbd523d972eb0a6f4cae4618ad62622b39dbf,sanctioned,100
0x931546d9e66836abf687d2bc64b30407bac8c568,sanctioned,100
0x94a1b5cdb22c43faab4abeb5c74999895464ddaf,sanctioned,100
0x94be88213a387e992dd87de56950a9aef34b9448,sanctioned,100
0x94c92f096437ab9958fc0a37f09348f30389ae79,sanctioned,100
0x961c5be54a2ffc17cf4cb021d863c42dacd47fc1,sanctioned,100
0x97b1043abd9e6fc31681635166d430a458d14f9c,sanctioned,100
0x983a81ca6fb1e441266d2fbcb7d8e530ac2e05a2,sanctioned,100
0x9ad122c22b14202b4490edaf288fdb3c7cb3ff5e,sanctioned,100
0x9c2bc757b66f24d60f016b6237f8cdd414a879fa,sanctioned,100
0x9f4cda013e354b8fc285bf4b9a60460cee7f7ea9,sanctioned,100
0xa160cdab225685da1d56aa342ad8841c3b53f291,sanctioned,100
0xa60c772958a3ed56c1f15dd055ba37ac8e523a0d,sanctioned,100
0xb20c66c4de72433f3ce747b58b86830c459ca911,sanctioned,100
0xba214c1c1928a32bffe790263e38b4af9bfcd659,sanctioned,100
0xcc84179ffd19a1627e79f8648d09e095252bc418,sanctioned,100
0xcee71753c9820f063b38fdbe4cfdaf1d3d928a80,sanctioned,100
0xd21be7248e0197ee08e0c20d4a96debdac3d20af,sanctioned,100
0xd4b88df4d29f5cedd6857912842cff3b20c8cfa3,sanctioned,100
0xd5d6f8d9e784d0e26222ad3834500801a68d027d,sanctioned,100
0xd691f27f38b395864ea86cfc7253969b409c362d,sanctioned,100
0xd692fd2d0b2fbd2e52cfa5b5b9424bc981c30696,sanctioned,100
0xd82ed8786d7c69dc7e052f7a542ab047971e73d2,sanctioned,100
0xdd4c48c0b24039969fc16d1cdf626eab821d3384,sanctioned,100
0xdf3a408c53e5078af6e8fb2a85088d46ee09a61b,sanctioned,100
0xe950dc316b836e4eefb8308bf32bf7c72a1358ff,sanctioned,100
0xefe301d259f525ca1ba74a7977b80d5b060b3cca,sanctioned,100
0xf60dd140cff0706bae9cd734ac3ae76ad9ebc32a,sanctioned,100
0xf67721a2d8f736e75a49fdd7fad2e31d8676542a,sanctioned,100
0xf7b31119c2682c88d88d455dbb9d5932c65cf1be,sanctioned,100
0xfd8610d20aa15b7b2e3be39b396a1bc3516c7144,sanctioned,100
0xa0e1c89ef1a489c9c7de96311ed5ce5d32c20e4b,sanctioned,100
0xa5c2254e4253490c54cef0a4347fddb8f75a4998,sanctioned,100
0xa7e5d5a720f06526557c513402f2e6b5fa20b008,sanctioned,100
0xaeaac358560e11f52454d997aaff2c5731b6f8a6,sanctioned,100
0xaf4c0b70b2ea9fb7487c7cbb37ada259579fe040,sanctioned,100
0xaf8d1839c3c67cf571aa74b5c12398d4901147b3,sanctioned,100
0xb04e030140b30c27bcdfaafffa98c57d80eda7b4,sanctioned,100
0xb1c8094b234dce6e03f10a5b673c1d8c69739a00,sanctioned,100
0xb541fc07bc7619fd4062a54d96268525cbc6ffef,sanctioned,100
0xb6f5ec1a0a9cd1526536d3f0426c429529471f40,sanctioned,100
0xbb93e510bbcd0b7beb5a853875f9ec60275cf498,sanctioned,100
0xc2a3829f459b3edd87791c74cd45402ba0a20be3,sanctioned,100
0xc455f7fd3e0e12afd51fba5c106909934d8a0e4a,sanctioned,100
0xca0840578f57fe71599d29375e16783424023357,sanctioned,100
0xd0975b32cea532eadddfc9c60481976e39db3472,sanctioned,100
0xd47438c816c9e7f2e2888e060936a499af9582b3,sanctioned,100
0xd882cfc20f52f2599d84b8e8d58c7fb62cfe344b,sanctioned,100
0xd8d7de3349ccaa0fde6298fe6d7b7d0d34586193,sanctioned,100
0xd90e2f925da726b50c4ed8d0fb90ad053324f31b,sanctioned,100
0xd96f2b1c14db8458374d9aca76e26c3d18364307,sanctioned,100
0xdcbeffbecce100cce9e4b153c4e15cb885643193,sanctioned,100
0xdf231d99ff8b6c6cbf4e9b9a945cbacef9339178,sanctioned,100
0xe1d865c3d669dcc8c57c8d023140cb204e672ee4,sanctioned,100
0xe7aa314c77f4233c18c6cc84384a9247c0cf367b,sanctioned,100
0xedc5d01286f99a066559f60a585406f3878a033e,sanctioned,100
0xed6e0a7e4ac94d976eebfb82ccf777a3c6bad921,sanctioned,100
0xf3701f445b6bdafedbca97d1e477357839e4120d,sanctioned,100
0xf4b067dd14e95bab89be928c07cb22e3c94e0daa,sanctioned,100
0xffbac21a641dcfe4552920138d90f3638b3c9fba,sanctioned,100
0x51e9d833ecae4e8d9d8be17300aee6d3398c135d,sanctioned,100
0x96244d83dc15d36847c35209bbdc5bdde9bec3d8,sanctioned,100
0x83c7678492d623fb98834f0fbcb2e7b7f5af8950,sanctioned,100
0x83ef5e80fad88288f770152875ab0bb16641a09e,sanctioned,100
0xaf620e6d32b1c67f3396ef5d2f7d7642dc2e6ce9,sanctioned,100
0x3a21f4e6bbe527d347ca7c157f4233c935779847,sanctioned,100
0xfa3fcccb897079fd83bfba690e7d47eb402d6c49,sanctioned,100
0xfc926659dd8808f6e3e0a8d61b20b871f3fa6465,sanctioned,100
0xb172f7e99452446f18ff49a71bfeecf0873003b4,sanctioned,100
0x6d46bd3aff100f23c194e5312f93507978a6dc91,sanctioned,100
0xf0a16603289eaf35f64077ba3681af41194a1c09,sanctioned,100
0x23db729908137cb60852f2936d2b5c6de0e1c887,sanctioned,100
0x40e98feeebad7ddb0f0534ccaa617427ea10187e,sanctioned,100
0x140c9ab92347734641b1a7c124ffdee58c20c3e3,sanctioned,100
0x684d4b58dc32af786bf6d572a792ff7a883428b9,sanctioned,100
0xbc3e5e8c10897a81b63933348f53f2e052f89a7e,sanctioned,100
0x5af75eab6bec227657fa3e749a8bfd55f02e4b1d,sanctioned,100
0xbca02b395747d62626a65016f2e64a20bd254a39,sanctioned,100
0x4c198b3b5f3a4b1aa706dac73d826c2b795ccd67,sanctioned,100
0xcd7ec020121ead6f99855cbb972df502db5bc63a,sanctioned,100
0xbde2cc5375fa9e0383309a2ca31213f2d6cabcbd,sanctioned,100
0xd3c611aed139107dec2294032da3913bc26507fb,sanctioned,100
0xb72334cb9d0b614d30c4c60e2bd12ff5ed03c305,sanctioned,100
0x8c7235e1a6eef91b980d0fca083347fbb7ee1806,sanctioned,100
0x1bb0970508316dc735329752a4581e0a4babc6b4,sanctioned,100
0x1eb27f136bfe7947f80d6cee3cf0bfdf92b45e57,sanctioned,100
0xcd1a4a457ca8b0931c3bf81df3cfa227adbdb6e9,sanctioned,100
0x09278b36863be4ccd3d0c22d643e8062d7a11377,sanctioned,100
0x660bfcea3a5faf823e8f8bf57dd558db034dea1d,sanctioned,100
0xe9bc552fdfa54b30296d95f147e3e0280ff7f7e6,sanctioned,100
0x30a822cdd2782d2b2a12a08526452e885978fa1d,sanctioned,100
0xb4a862a81abb2f952fca4c6f5510962e18c7f1a2,sanctioned,100
0x0e8c1e2881f35ef20343264862a242fb749d6b35,sanctioned,100
0x9271eddda0f0f2bb7b1a0c712bdf8dbd0a38d1ab,sanctioned,100
0xe69753ddfbedbd249e703eb374452e78dae1ae49,sanctioned,100
0x2290937a4498c96effb87b8371a33d108f8d433f,sanctioned,100
0x959c4ca19c4532c97a657d82d97accbab70e6fb4,sanctioned,100
0x52207ec7b1b43aa5db116931a904371ae2c1619e,sanctioned,100
0x9ef42873ae015aa3da0c4354aef94a18d2b3407b,sanctioned,100
0x1542368a03ad1f03d96d51b414f4738961cf4443,sanctioned,100
0x21032176b43d9f7e9410fb37290a78f4fed6044c,sanctioned,100
0xa4b2fd68593b6f34e51cb9edb66e71c1b4ab449e,sanctioned,100
0x55cca2f5eb07907696afe4b9db5102bce5feb734,sanctioned,100
0xa5a023e052243b7cce34cbd4ba20180e8dea6ad6,sanctioned,100
0xdd90071d52f20e85c89802e5dc1ec0a7b6475f92,sanctioned,100
0x1512fcb09463a61862b73ec09b9b354af1790268,sanctioned,100
0xf302572594a68aa8f951fae64ed3ae7da41c72be,sanctioned,100
0x723a7084028421994d4a7829108d63ab44658315,sanctioned,100
0xf03afb1c6a11a7e370920ad42e6ee735dbedf0b1,sanctioned,100
0xeb0baa3a556586192590cad296b1e48df62a8549,sanctioned,100
0xd5b58cf7813c1edc412367b97876bd400ea5c489,sanctioned,100
0x7538fd1e30d8e7771105d470fe8d65b6ab0da93f,scam,100
0xe6b39db1dc73f0e591eaeddda1f8798dabf836d0,scam,100
0x1a633538b169b41052bfc40b0c973ac1bff31a4e,scam,100
0x2d12df4474f9ec9e0aee2b4748c9a6e57f5cf8d0,scam,100
0xaca0ae45b4643847c19776e1e02612e494cb13f5,scam,100
0x043ad0e52a41322c61fc4d880abf1f4511388aa2,scam,100
0x5faf3e692e3a4cd3a329ca5f628f6d509e1412dc,scam,100
0x98cbe29970b5b2d2b6924df9a243578875c1ee86,scam,100
0x3077703aa475df9914717fe7dbabfaa9e222c716,scam,100
0x3226f6b6220d14171cf1b664f4581ceec5708131,scam,100
0x00006024be07ac938ab8ae0b12d4e34ac3c70000,scam,100
0x2f29377fb2de6d5fb365ac4f0c6c389aec47b88f,scam,100
0x4cf47b7c7301df4e055e1b404d5675463942531b,scam,100
0x12817ff53d1e207cf932c82fe71098811a24e097,scam,100
0x433c99b77a134741f73dfe5e9bca6878df8889bf,scam,100
0x000001c4e699f4a1393914a87a62c4c0afa00000,scam,100
0x6043a82e3e8a67d3bfe11f91c73087b2708446e7,scam,100
0xdb6042cb095f966459ce20046931544414f84799,scam,100
0x00d0351d9ca199b94b89ccea5f43e5d7c9e50000,scam,100
0x0584ac76e6516913d8ed9da930bb6c3a1e3725e9,scam,100
0xb00e39c435ce8d4ff4cb756a9bf1f5ad1426d0c5,scam,100
0xd6298a38308bd5de2dc280f201d6919f8cb915c2,scam,100
0x549e5ccd3105e186b09f3acfec4a221c32458737,scam,100
0x7d8b2f5ea02d62320eb6e544ce00e7a34ed9f243,scam,100
0x6572bcfeed46967a93dfbfa632659258a2f52c45,scam,100
0x9e25eee8f62628ad28509aa04b06e172366b8bff,scam,100
0x155c5a7e0e08b5ecf5c7abf2566fceaee8f15acd,scam,100
0xd980ecabef881c083317de4c0396d6e7658b3ca0,scam,100
0x1fbd573857bd8bf5b792cce652f4eb0748fbc187,scam,100
0x0fa72515d71ccdae5de3307b43b9bd6201f40ee0,scam,100
0x62d865c887bf611a2d087bcaf9c13c4dbfd55ff8,scam,100
0x00001414fa907c6a9d4cbb86996cd32e51a80000,scam,100
0xa0d679dd698390f98b6d2a9cbfcdb84d1612b657,scam,100
0x20a9ff01b49cd8967cdd8081c547236eed1d1a4e,scam,100
0x000a8296832643d3adeb9a20a25a37004c7c0000,scam,100
0x0000ec937b862c25398d34969515108aed340000,scam,100
0xd71ad2dc5f42eaf0285e1e49161c2e5164fa8332,scam,100
0x56832ea128cdff4d0fade8fa1847c6b22018f43a,scam,100
0x9b09fa702aaf41fa05a2b03865afbd0377e7c38b,scam,100
0x95a43ca6663ae07757ced45503021bda65169bba,scam,100
0x5e225fa1ad17f765d31c5ecadb0119c50f25a59e,scam,100
0x3cd3f086098421642b7b7f8021467624f721b85d,scam,100
0x9d4966697fb32bb262668712144c0abc5af419e8,scam,100
0x009781a8be2bea0a2f5c626f3d1e7c3df66e0000,scam,100
0x1f62d3df48b74cf8dace681f2bff5187a794ef06,scam,100
0x752d61303f7d1e6eb5cfe78688caff6ae3896bad,scam,100
0x309b2e48dcd784c4111f310c64d9bd790feeed6f,scam,100
0x00000f312c54d0dd25888ee9cdc3dee988700000,scam,100
0xd01eeabc7f5fa2574e237ba02f2430cd6226901e,scam,100
0x0000f5fbce553a5ed163f02e59119d62f4e50000,scam,100
0xcf3c0fe422b20a92466f3457eb89b167486e6253,scam,100
0xd646aa1928c28bb2d498bf05e57da7ea9b9dd7ee,scam,100
0x6f59b7332a65962a6bd9fa5e9ca303f540d8d055,scam,100
0x3062d4bc66b249e087ce59c5147d4adcc5069569,scam,100
0x5fdfa3027e7dfb2acbd70698d04bdd0ad1034f0f,scam,100
0x007b975f1605d4c4bcb17c3a4043bf49c86d0000,scam,100
0x276dd3c5eee07d17495fdffafecbbc6feb059a9a,scam,100
0x225b1e18c0f34dec22a6175594516354575b6a8b,scam,100
0xb31105de3eec82b4c78b0983d4cc8acae3916653,scam,100
0x629f2232158b9a33cddff531669791ff742428a0,scam,100
0x3d0f21eafa298177a4903973ddee69f01cbfe8c6,scam,100
0x7cb977eb59288585e3d3222c23f1514cbfd80faf,scam,100
0x00c0b6390ffaec7eb7269145e408d1e8947b0000,scam,100
0xaeaa92d4635292bd0eecbcfe157c4e347a130d4d,scam,100
0xeea80b0c0ab366615a0da004c36b06ccc7942768,scam,100
0x23d8e7a4c1d7fdd7c043f238cd98605a4e338c4c,scam,100
0x00003c8316f49fea0e88bbe0ab4fa95c9c50f500,scam,100
0x28e98c1e00dfe4d0fd9c4a4bba55db2730a22a29,scam,100
0xa9053a60286247701a4cd6a5f1d6d2e3824f6485,scam,100
0x5a6fb0306cad30272ed2d70a76af9ba3d64f0345,scam,100
0x5f036566e7bfdc1665d2538fee2fefffe94389d9,scam,100
0x81fd837fac2227bfc8323e7ac0205fa294a6c318,scam,100
0x66dc1f8dd762c182a9bd9dce47b181c9c414e656,scam,100
0x64b24217ee56fded008162d9ac00ae0a339bd039,scam,100
0x86781430f51d6a03256723372929c140ed6147d4,scam,100
0xe68b8c9158d83f4e9ff4816eeadd28a9cc724f85,scam,100
0xcd70d93adb2d3678f95f967f2166704c53778715,scam,100
0x6c54760e472feb30f2adea06fffd8b22d68031f8,scam,100
0x835e2660944cf0d7c932cff3c99612151dd83f29,scam,100
0x00205be50bee7c6c714c41343fb1096fd91c0000,scam,100
0xbed067bb46675f2477d791e9aa3c9e1e055cc1ea,scam,100
0x69c5a5d68a7b378e408943c4b12b0c117f3be0a7,scam,100
0xc6344ec635b660b69e8f27c001fa93078e39bab4,scam,100
0x5d6ceed5526bee19cf714d598f23ec0fcc15a937,scam,100
0x5b13f5ec5d5df107807416608be0925d4e3f74be,scam,100
0x641f54c31c09c584a52ac4bdf2b801933f45b043,scam,100
0x0000b197f2439432c68f1969c9a2b3c638190000,scam,100
0x42aabfcbf547a01b09346395a6724802794fbb9b,scam,100
0x316fc4ec66616ac27298e4803915c5048f11fb6b,scam,100
0xd7e98eac5bab2c09f9019bcdf46a609d1ceb6035,scam,100
0x74ae50382a882c71a20235c75420fe29cbda0e72,scam,100
0x00003a4a311a5b37aee9f77abf2176cb7ac50000,scam,100
0xcee7cc3e9f4e4284626969f288ffaa63e3acbb0d,scam,100
0xc9862ddd2b64c5d32ab1b7a0cebd8547e87f4015,scam,100
0xa928dd6dd929251700c01a97e92806b2c416397c,scam,100
0x22c7947ae70b8d2441c6416ec82aff677a05292a,scam,100
0xe67b5f231ebba30b8af36a8a32343a1a93a0d21e,scam,100
0x31ec8b7864d96a2510ed2951dc0571682937256a,scam,100
0x0f56cceb1a2dc1a598bb14d7121525db2c05a7c5,scam,100
0xa9193a6e406ec0c715ce985f619263cb0f717b79,scam,100
0xd37126e3be921d56bc010d17c4772bacc4e813c7,scam,100
0x19e906bbbc862df197b2bc5798396ffc769d176a,scam,100
0x000025142701bc51d60b02ac69d5beafc77a0000,scam,100
0xca8f81beae40e8a91aa74ca0c810731cb6dd9cac,scam,100
0x6e87200ea8bd28de5b00ef8f4049cc67de4d3352,scam,100
0x7b3579c8bffe6c8c19ff06de9e54fd1da8cebfb6,scam,100
0x4bdc3b9e6a71ed7609d73843738f27d9c7ada91d,scam,100
0xaeaf7f2e853ccf4ff4ef0df44bea34f68482a160,scam,100
0xa75bd202a6fff921246e2ac57ae35a09aef6b0ac,scam,100
0x9de06c483d4e72129453114275e0605014bc440c,scam,100
0xe76cb9b4a8785f318a525e0b578bbe27f07e9eb2,scam,100
0xdd80e1c9d978bd98e102395503350d10576edcc9,scam,100
0xafea0be804ab6936ef800f15f0d4d5f44e2343ef,scam,100
0x85e9a2942bed5306ed625499ffd171bc15467322,scam,100
0x766279855703e3edd79f322e27ca000273d0e77f,scam,100
0x029d257d1ff7419b859222929b876f1a0d505da1,scam,100
0x0904340c1bf4c811beb98862d32844b9788d9ed1,scam,100
0x9e701aafee6a520499477fee267088f92aa51f0a,scam,100
0x798ca5facbc7fa810365ab7919c11a445fa70f3c,scam,100
0x3b8901778ffef35c21d524dc8e83af49b287ca02,scam,100
0x4a8acc8f9b2c58d9b67389b612d4a5fce80f7d4a,scam,100
0x288313bd6b368a85da49a9b2b175b1aa76521293,scam,100
0xc4ac53db78b981cfd23e2a753dcfa64930add617,scam,100
0xec7c67263b5ee969b132b0b3f2bebbd0631963ed,scam,100
0x570cd82a4cef4ece41fd84de092d592ac16d10eb,scam,100
0xf9537e027aa4c59595060eefc7153b67d2ca2c29,scam,100
0x396706017c7d9115a1db0debc96d00e4771bf66b,scam,100
0xd6812abf14d0c1e5571431f7ec35dd17a47c4aae,scam,100
0x63e175e56c58f270de017882b2eb486d14764124,scam,100
0xd6c7fa76d8035d4eebadf67e8853228018574bae,scam,100
0x5eb0efd1c84dda823969a57a74bbbd7bc277dc3b,scam,100
0x4e00262d73aadabe513cc2e4bf724908f97d9b22,scam,100
0xd93f3d6417753f69253f67d6a45e04750abfd770,scam,100
0x44cc448892e30078dd588bd0d5121e0796cf7e7f,scam,100
0xc8a1c58b0eeaad9c1f08d70743e2d2983e50fbb6,scam,100
0xa3e3f9af7a382703209e135dcba3fd584416e0c9,scam,100
0x77520b634880ff8cf55ac3e0644b90b47bbf7155,scam,100
0xdfc8712f825d64c86537d25d81e8516c009b9c0b,scam,100
0x1f8075cfc5278b37fcbd4b7ce87f185d2ce295fb,scam,100
0x8e54ba17e9d5ee98692ed49596ab20aacbb4ab86,scam,100
0x67f51179b59d32563a1ad370b717a82cfb081ced,scam,100
0x9d3b09a7f99a21c4ed9203f5e5d660e6b58da466,scam,100
0x2a04306413ea36a32af1c9fac58c401bc02dd489,scam,100
0xbaca576e8c32ae9a004b873148fea6fad8e7cd7d,scam,100
0xaf92c2ded405fbdb095babdcd229e3b025516b59,scam,100
0x56869242233dc749e2d39d25fbe00e65e4386431,scam,100
0x11e0cdfb151a42f43d85fdd0695bf6690654a3c3,scam,100
0xa63da4e37210dfd53e62d6325d5545096c88c5b9,scam,100
0xdaafe441a69375eed23cc00f69afe645ec4b52cf,scam,100
0x555a1b1a822c9b81636fb496254b6e1e0671d597,scam,100
0x557abfdace0dedf7cda4afdb62cba8da66444388,scam,100
0x7a22b9b31efa8b5773691788f74f67e324813c83,scam,100
0xac2aead9cca640cef5c46bdc50b1a6276e241eda,scam,100
0x5e27220075a427a1c7e5826612470381b18b0ddc,scam,100
0xab20a3f7d77ec07ceef283016aeda9fba7a413fa,scam,100
0x144d982468db835dd83112b48d4013011ab86761,scam,100
0xb2b226fbfe3afa5d396ac964a0fde8f91b86fc29,scam,100
0x1f480736b772f3ebe808e53e7c9d21f60b577038,scam,100
0x0000d38a234679f88dd6343d34e26dcb50c30000,scam,100
0x743ec84cfeb89a2a9f9709375743ead672f72019,scam,100
0xa7746cdc22b78d058859816e543c7140b2f1586f,scam,100
0xf7ceb206a295277f2cbcc97c8fabda27580c7503,scam,100
0xc76789dcf1ad912dc4cbb863dc7c6589833a124f,scam,100
0xbd4d7ad4edb34b29e1f86a1ab74245a03b09150e,scam,100
0x1337997f30bb4eb2d6073304bf36bf5e98a3a0cb,scam,100
0x30747ad91bd4b0c2aaf55bb4a1973f517485e2aa,scam,100
0xf8dad83d8a1ff34566c290841b901164479a8c5b,scam,100
0x19754576b34dbf1c17cef8e7afaae7dfba1f7b75,scam,100
0x8191ae9b6ca3f99935d1d3fb6f6a2994beaaae90,scam,100
0x1b2096e7f9611a5ce31e4aa2171bde778d00fd6d,scam,100
0x7d0c0a118a029db98cc52eac4b315f63f8b8785b,scam,100
0xadf31f15b984f2df4a7b5477a72095a0aa70374a,scam,100
0xa9863460ca6881d2827c36a6be95ffb12f441d7b,scam,100
0x00006bf6a31de135bd2a9a5ee59105b9ed6c0000,scam,100
0x00000d586274c009813979f27ead56bc633f0000,scam,100
0xd355a82af09172c1f10351984a7f0ebf39a4043e,scam,100
0x17ac2a51449f9faa27bde71d136032ccc29b7bad,scam,100
0x23127838b33e68b92b9329053a2beafeda8e11c1,scam,100
0x2c06fd6fd916fb85974d6209817af06accf546b9,scam,100
0x89016e9f3ace193bca91c52b8686b6443b4942c7,scam,100
0xc12664021db5ada2325366c98bcacf2e22c5c36d,scam,100
0x40e0ff2c71536b3045a61e54c22816cd9fea2073,scam,100
0x067cbc0f1d1805ab8dea9a59cf8b020a81d4f5cb,scam,100
0x3dc1d083b166cbfc0421400a94626ba7cef21056,scam,100
0xd4fcad05e35fb298a6a4167b522fbda550836f71,scam,100
0xec02bd65ad5ea4d4ac4d6774bb47b8f8dcc36b93,scam,100
0x5ba8797aafc4991c4123d8932a6675ee500dbdc5,scam,100
0x5595fac5fb391f6ee28bed8ab3c2b39b0a45b935,scam,100
0xc13c9316a3d34e022539a2890126e48ab7235b44,scam,100
0x2b22480ce770600333b99e86f06b4245ef21df0a,scam,100
0xdeaae160a1ca73999eacffee50e381aa52df457d,scam,100
0xd1aa7276f96c126f32187682defdf2ab8a972e1e,scam,100
0x9c107ddcbe216f7ecdc8308076a8b52dc7f3a5fd,scam,100
0xf63828a91af142ebdad29fa737936373eae68523,scam,100
0x9868b5935b1b2bfca9db689a329f018d35306f4c,scam,100
0xd0f06126855f5118a2d0e0cb9e57e7088ec84a40,scam,100
0xbffefa426119b6f363bd41c90665dfe0f4381021,scam,100
0x3a5756fff53f55d2437824fc1a59f27231f36252,scam,100
0x33cf4abcf1ce53d2056ab49759c7ab4d47e77ef8,scam,100
0x42f1d96e23269ab5396efee7c4ea92787f7f2ad7,scam,100
0x468ab1cf169a47059d135a6c7c82d365b065d2da,scam,100
0x9283dd64506ad432483e599db84e6d930fbc516f,scam,100
0xb9d0093fda01785e8794ec99d3514f5039ca2f24,scam,100
0x16e03f47e2aae437a285192325f42e25253070b3,scam,100
0x31e9a05faef919617dcd337a5b14a8015e1f7e21,scam,100
0x8262a7983cbd489e9b05623e9a202a27a2930b97,scam,100
0x0ac60b06bff836d44178cd237dc6942297fdabc2,scam,100
0xc3e5d3a9bd6efd866e4cbdc97c2da53efd522d5c,scam,100
0x193aa46eb2dd25331e194b2102f9431bf25b45ff,scam,100
0x2af486e6b2a02a12d70973eece5ad43af7892299,scam,100
0x0cfc24a6826ec9b714d11fe977d7aca3b478c290,scam,100
0x7e0d3081c0594017f26543f0a50b195f0a5da5fd,scam,100
0x4a2833e8b6892d58a2979aa2ffadeee1c48bda21,scam,100
0x00000a8a27646e939716f7ee48e64d532a000000,scam,100
0x1d10213968e0252cef37ee34e91a8b545f9e68d9,scam,100
0x92dcec10555dadbe99d1d762162b6947ae33d18f,scam,100
0x3772d3d3863de286ed03ee29f906dec63a13033d,scam,100
0x8e2c14d6ac7e7316c0c72689d358d59d636240f6,scam,100
0xf02a207228e01ef82a5613ae1b4b1e03fccc25fc,scam,100
0xeb946bc1f203c19e5d5e284e35b95774ca4661a4,scam,100
0xc4663014c2eff0c0ceb687ca29985bee24180560,scam,100
0xf820d928f0702750ad1658cf5ce7c03dcd572cff,scam,100
0x81372c5e4a5739a80c717a67f5b0cfddf6a3204b,scam,100
0x7504dfb1c35dc0febb3885c35ad40b80919a0114,scam,100
0x0064177a1332ea7994a53dca69f69afd01b7e771,scam,100
0x52eef1ddc99e289cb8426089d0edcd62485ecf9c,scam,100
0xb25362a408be309c76fb6ef52090386369c170b9,scam,100
0x7926211738ceb9c2f2244a79a5a8fef3b4048b30,scam,100
0x2a317780e3b7ba92c44e6d369707d9d699428f36,scam,100
0x3323b02eab01a903f9ec00fb55cd234ad4f21222,scam,100
0x047e1d530e23002dfa8c8ca2a5738968fc51f611,scam,100
0xe642c4ec5a6f9eaa39a6bad70ba1fbf328163376,scam,100
0xbf92bc0553dee0b97fb59b3e5c4c5c65b76401a2,scam,100
0x00049a45a910dd548ee4eaca43bcf96a127d4000,scam,100
0x81e91cc8ec44f9f38ea1650e6a83fb0caead5e79,scam,100
0x2572e3946e083b6ca84b55d787fa2716cf516c22,scam,100
0xe47434f1d84a9fa59648ec39bf021a89b5c107a5,scam,100
0x7ef702ea842efda7ec2d6b20f41cb2f6a4bb5063,scam,100
0x206ee1c23937879f66885b0c7d7e9c78e576de25,scam,100
0xaf60cd58ad95936de97d53103f3a3ecd3c5ee347,scam,100
0xb098f3b87c3ccd31339301d20af01b24adf433c2,scam,100
0xce314217f2aac04d22cfb6d2d3ee7a5ec9061c17,scam,100
0xb36454774daddc2ac24424853b6a1346150b39c5,scam,100
0xe18548933bf85e6b20ed2e7ee3508c03f1634d6c,scam,100
0x03cdcf270097f93621f9e22a4125b0439194f49b,scam,100
0xfd1f21a19b49cca24318d73197b625cdb730eabc,scam,100
0xc98e603a92415cf76614a4af05ca741ec3fb0447,scam,100
0x000812de2241ab594ae154060028f70f39dae000,scam,100
0x000079039120085984a1dc3e69decb8330e50000,scam,100
0xbe9cfe97714ea36e4a9aadd90fe15c2475f0fd1c,scam,100
0x0000185df4a19299558f723459db58fca920c600,scam,100
0xf2134e55dc9ad62a073ec95e582761c61a0912e1,scam,100
0xa50b50ddbf02828d13cadd9215b191f894a681fd,scam,100
0xd76483dc5ca302b36e573a3961bdf613a2e00a71,scam,100
0xdd052e4c7930d48110a415fb55cf737d974ab85a,scam,100
0x1518516b49cfd766142f1e1d318649da1b852551,scam,100
0x44eb8431d829120c82216c58aa66e1638b9aceb4,scam,100
0x9d79bb57efb37bc5122bf412fddb7d6ab2c9f5f5,scam,100
0xa87772a2abaf6a6f4bdb51bb7c7e36985e8b9686,scam,100
0x0a2b026509a7b34ad71381974e1a910104900f68,scam,100
0x4c9f1c9b4f44a8b7b8b9c47bae59787f84897065,scam,100
0x61066ee741759665f7852f634537b2a335466898,scam,100
0x165aacaec4650f146121d03c73ff2760797f85ee,scam,100
0xf774705f4e127c9fb70c1d808724d152acb25fb6,scam,100
0x52ca83c7ce9202c4d1359d8f38d32bacc316253f,scam,100
0x197316bf4f4538ece2d813edf631501e49a956c7,scam,100
0x97908ec0794c74f99973f6e9d830bd558485bac2,scam,100
0x7f9241ac942ba97085ef1a1542d270bfd6a987fd,scam,100
0xb9b3eaa045a01f3a8b4c77ac921b3f97b51fca67,scam,100
0x1b61371e55447ad648a483d5f9e20a118912c5bd,scam,100
0x09c742efe485fa9b1f5912f35bc1361346fb91e8,scam,100
0x3853e3e1c2138f78ea3043f094be1230d59f441c,scam,100
0x7af66a4ee6768cbd600680d6d9eff98b52008902,scam,100
0x0006228eac679a629d4c61e4949cac878a5e5000,scam,100
0x000058d75ab402902838dbf5aa9d1894bb420000,scam,100
0x00006deacd9ad19db3d81f8410ea2b45ea570000,scam,100
0xd359ecd66d76bb942c4370e77e5bc0e24291b002,scam,100
0x17ca7975474bca5c4a46d27c8a5ae42049d3015b,scam,100
0x345d069b9d376829c5a8d3e202ac51e65a138946,scam,100
0x9a9464de94652e61c4da16d9aab7500c59688260,scam,100
0x9f1337e583623e34bbbe93ab113ea7f3ecc9342f,scam,100
0xe734d2344327a3bcfec65f5a4aa3790e0aa69862,scam,100
0xe94a4f74f1962ecb970bd677de4a5a78b299be73,scam,100
0xfa91d4ee8b46993c66749544c42f809a67551bf6,scam,100
0xe6a790195690a6ae51b49907eb9a4e3cad02447e,scam,100
0xcd9c8bf857042783c9f5d1e86f442ceeda8576dc,scam,100
0xb62f21d23201b47fd40382739581c0a9db2d124f,scam,100
0x9bac31eeade2b7c39b78a884ddb74c368e21df26,scam,100
0x92fab0bbe357c2f31c85fd5e6b60690f7a1ae53b,scam,100
0x977767bc740588e11a4926af1b8c38cd1b03d3ad,scam,100
0x505fd4a25c9c5053a3b155e8a0cb95d3a05f3d4b,scam,100
0x74f4cf5c7c1fa6dd77ac68edbf81ee5512450187,scam,100
0x573c59d7306584174a94fad7c407fdeeb401b0d8,scam,100
0x9901e7fd20e716150d1db4cde253c275db9c1ae4,scam,100
0xac89f355d28f31d4018226c1f9a501c8afd4a7d0,scam,100
0xeb837b09ae9835905b4ae64829b0a58576d96636,scam,100
0xda28f44ea62159235f59a10a25beac89f1d9daea,scam,100
0x9ad3c512a1f2d1c64bd57cbb941bd906a48badd8,scam,100
0xe77f60c814c199ee4559b78e80194194372e219e,scam,100
0xc45c2fc0eae87263f4055c7838a93730edabebb6,scam,100
0xc36c3088dce943fce4149f0cae5ebef1616ad12e,scam,100
0xb89c34a15079d11ffe022a70da3dc594d23e6fb4,scam,100
0xbadc0ec2264ea25a89251b9048a7aa3136051646,scam,100
0xd75f9c64dcfa53e892affa64493a9189d50abfe8,scam,100
0xd6d98c58eecc6c8209c44abf3ebb342b8876aa93,scam,100
0xe52331cac0cec1d6b7f0032500fb6aa52c9a3ae6,scam,100
0xcc97db15a4393cb9a69657b2d37eda78bfbedc53,scam,100
0x1f2114ebac9341a3162a236edb0e2242c6f1343c,scam,100
0x6344b7e6886650e49f807de409db736057c67edf,scam,100
0xdc961cf2f71dd0ab4f83ea294dbfef1970ae15c6,scam,100
0xe6d047a1994d7591087dfbf53a337bb495da8bd8,scam,100
0x7aedb5e8a83b4af9cd3e29e9247263369528612c,scam,100
0x189c56efa95b3a14f6a717e536c3bf5b7e97ddb0,scam,100
0xba00284bf8b9965907833599d8fba783b7a455b1,scam,100
0x88522a43427c96f9773ca110fe9373be6bbc5cc1,scam,100
0x069c7f42958e26887f61313c5c6b2a4e81acb5e8,scam,100
0x0c3d430d8280456b6e05769ed3f88d64c339b1bd,scam,100
0xa8eeaf66ef4e0d4b6c3d5ec69141acfbc5b16ace,scam,100
0x01d3cf0aa04367cdb0599c36c62dcb66094089b3,scam,100
0x291c4492d3438e84ac29f928787dbcf4cd7a0ea6,scam,100
0x3560d356011c3b5848a79030082ce5dd9fab8abb,scam,100
0x462a7b3b5960800bfa60305a4cfdddba3e1dddd4,scam,100
0x8fbbb777aceb45eb58ea184160f5bb649bbc4a4e,scam,100
0x30fe4fe434f49799ab72adca4fa202a622828a3e,scam,100
0xc96f12f7308e095e84ad71697661f10c6876ae3b,scam,100
0x5d79d96b13a28f84b3969106c947dbaa13a17ead,scam,100
0x59467919d4eada151791a663b62ca728be03d4d6,scam,100
0x000db6cf04f1bb39757d0411e87c4ba922403000,scam,100
0x90cc4ed708a07330a5820b66294156163ab02ccb,scam,100
0x364f5ad9b522237fe91aa01fba18054f379eba5f,scam,100
0x1a0dce01cff0c2e1df0fbe6b40cb2b7e4bfefa6d,scam,100
0x4315d8647899fed3f115af31c4dbca0219da2299,scam,100
0x5a568d8280d499083f6b1bf1d4b546ac24486948,scam,100
0x9a9cdb3747b2f280fd809f62a20abc8256ea650a,scam,100
0x869f8bb8866ff8475fe9e274be81cfd5c0581379,scam,100
0x3c41e890ba611c7f76cae52ffd75a89de4aa36e8,scam,100
0x0009e9fc1601433cbaad31f1ddf6da580ab96000,scam,100
0xe2d6e434f21312aae4a252d030dd4d0d1ad48691,scam,100
0xa871377f91ab23d02108e021f4acf5a5ceb5a1ec,scam,100
0xc4131965e267e761c1925fe7077cb43820c68182,scam,100
0x7586e3239a24d56a192132b36b8d6b9ac0600ef9,scam,100
0x000099fe5c0867ddd4344a44ce730d438b6f0000,scam,100
0x000088f2ab5a0e83e6131ae14138c57e140a0000,scam,100
0x89085b8ea43833c6f690940643ffcf48d129dee0,scam,100
0x955fb859ff8e356cd9b94340f1f4368dfb73bf46,scam,100
0x0cfede8d6dbe0af3c20b726e4d3c66e649e69fed,scam,100
0x6aae7adbd8adb92cf7ed8fa8ce776d5614ca65de,scam,100
0x9614a2c06014365a60b0459a2802e67569563e7e,scam,100
0xa0ec2733e8aef26dab0be9abfbacd9ef337740e3,scam,100
0x000014fb8dca1d855ecab28f955b17f20d0a0000,scam,100
0x00024e1e811a04f0de3734d17d65bb07e8cbe60a,scam,100
0x77918ebd23fdbf4232eef4811a016f4fec1db546,scam,100
0xe1baeaa9c7155ba2b713c5888f848554c46bc9bc,scam,100
0x037abe67a7cb27bbcd6859214577eec25736bf8f,scam,100
0xbbe73fa050e0fc6a316fde2342794087f006f8bb,scam,100
0x1485063a7b88dee5d9692d52c807858bfadd8ea3,scam,100
0x23eb992a1b75e59937655867ffd6b491e93bc9b7,scam,100
0x046aebdd255af3126e2f1f793fb229f889263c4b,scam,100
0x5e7e56d8a1c57aa910d59a81b5fbe3c362b81c92,scam,100
0xbebe86cc689242f88ff3d7fd7066ee2bba1079b0,scam,100
0x22908e943683c3a14f909aca2f94400ed6d24614,scam,100
0x2a6e22bb5ad7540b662e4e4e8020a9c6f6e40143,scam,100
0x6035b34ae02389da3859e1f625e56e66a49656be,scam,100
0x64abed8223542e65e1744f33525084382137e951,scam,100
0x1aaf1cbdb53a4e59f06d44e827143dc037907faa,scam,100
0x8c63294a529d7cd81040c793faacc714be523539,scam,100
0x4bcaf53f566ff14d3f920b20660884e7e3e0dd63,scam,100
0x007872741ebc63c23826268e486ff4052fca0000,scam,100
0xa9a411c1e78147da8e2749bcaa1665657e811726,scam,100
0x723b7ceffe55ee16a5bdc461bd3046359644f32b,scam,100
0x043d3e1c6391f2e15742fea3755c49e4cfe9f1fa,scam,100
0x93bf3082be744fe30b263fa04a96604e9860f91c,scam,100
0xe8bfafe723a691f3b6d574ed79a05ef5ea117870,scam,100
0x4129b646d599e3806a87b0fb6b3bfe449639288c,scam,100
0x0b2382bdbf5f9871d8030d436f0717a9b47fc08f,scam,100
0x226cded9f848a046611be8ef6a393d0f6cad8f5f,scam,100
0x0001e609d4719cae688db7c07bc41e7dbf1bf000,scam,100
0x0000c6fbcc926fcd54d8e521632b52dbe7fe0000,scam,100
0x0ff6def502fa48e151d0b1b9fb45dc8536fe23a4,scam,100
0x22359070103de90af7b51688aeacda5c4d0173df,scam,100
0x44f533db733c2653c5fe39f50fe35ebcdd7d1ed9,scam,100
0x00ffca7c5166307977c1d9db52edbe36c3fc0457,scam,100
0x000b21c78b2c07b07559c6b4f00dacfdcc393000,scam,100
0x000047ed3b5f29bd52f33892c225bac38d3ef000,scam,100
0x51fb1c41a979caf4a881fcfef2d703c7f4e68b0f,scam,100
0x83dbb470d147ac2cb2af34466c62a15b49dbbeaf,scam,100
0xb8996bfd8e3a1b147ada45e4c5d1ad1e445a08b6,scam,100
0xdf5c6c3d439eed77cca22c56197d41009157e725,scam,100
0x3f441b870ab4bf3e2f7241cd34c72ce09dc726e9,scam,100
0x5536c7f286595f1491461aba7176b71a4be898b2,scam,100
0x00001c46f02ddf529a6621604e8fc47730580000,scam,100
0xbb40bad96d809b5a8a7cecb47dff63469782b804,scam,100
0x000048d9159398861e9eac13bde2bebaa9370000,scam,100
0x000000009b0e0800549dba4210a24eabbc93f9ef,scam,100
0x0006ea538de0af480b5958d989842efe0b493000,scam,100
0x000ef658ce5ed7b6323b5550ceb9548451ec2000,scam,100
0x242900a744e4d9d0e017db9d353a93c41f10353a,scam,100
0x71c6aa3f727d00590b5b3539d8f81d62ea8e4e38,scam,100
0xcb48ef95d3aaa3cb82b10fb1f5ef281b1d208e7a,scam,100
0x6e7dc7b389a187e4fd617adcfe61972fc1a18699,scam,100
0x3884e1b6ef34764526eacb581a8ba35841c1f263,scam,100
0x582cd90bb580cc77e57f1c08530679ef778d0422,scam,100
0xd9e6abb3487cf0d1672152d14b938c3f34520f7c,scam,100
0x0eb794fb3ad6e48332936063955c322df15b3ed7,scam,100
0xe12b168f78e80d3ebfb509f425f22f7beff1bc6e,scam,100
0xdda8ccd65bad3d638e6e9e16ea42680f30c7f8a0,scam,100
0x1a930ca8982ad80338f0404b34271e0b3d4ff89b,scam,100
0x8f3b780d02a4f9100355dc9a9efc56f3ff70aff4,scam,100
0x384df6bab7acf51803da122357e10f8d2172f233,scam,100
0xf5a9fb7b8bcd6be26a2e5b4ec42832c8a3bbe4d5,scam,100
0x5a7246e88ad5a09db41f060a98c12020a548ed83,scam,100
0x56763265e0ba13e07bbb55aaa5674b01a426992e,scam,100
0xdb2263464a83330c2724b9f757ff4db135125be7,scam,100
0x9c75f66abc2dbd26412ce1344bfc93870524338e,scam,100
0x669e3d76e6e812e623f6679274d75c20e70bfb65,scam,100
0x02bc3d118e9df7ba6edb56dff5c7af7866f6423e,scam,100
0xc2058fa6ce0f2644475203456b46964e4dbc38cb,scam,100
0x1b9e34bcb00f7dc605bffad7ce617d9d8500adab,scam,100
0x055373101fdc2a042ff0dfed59f0204c1274c11e,scam,100
0xedf70fe7dd89417862bb3b37c8056b80da68dd18,scam,100
0x2a600ef923b1b5c2d2e916164bcc43ad3c5c0e13,scam,100
0xd3647794b7d97a002a696743a1a5a67a2936abd2,scam,100
0x7530731e8e438ba3bdf790e731026cffcf19b805,scam,100
0x00009435f1870ad4144a77adaa22c61392464e00,scam,100
0xd19c346476f168a0fa97eed0e39180f204da5c15,scam,100
0x9f912ed8fd5935cd8007fe4fa40b624b9afa3577,scam,100
0xcab47488a742d20260be255f452175fe36646522,scam,100
0x7b53cc5759ae05ffe61a743711a9f25d131ac3a4,scam,100
0x00001d0460b5e5c8f7cba443b35b030a73180000,scam,100
0x9e87a0c515c0c9ef0c58195ac56e24d4442e6614,scam,100
0x00009b95f379d40a69b4334e9334535266a40000,scam,100
0xd4e8f78106c05170f7f43bc0c0a6fd176e4c5727,scam,100
0xb3b93ea036ffae3636adcd1d1ede8c5f3709bfa1,scam,100
0x2e375abb460194515d0614e1a7c86638b2d8bb46,scam,100
0x86e9ae0a0192f77dbf7b7192dfd47b69b2c30e11,scam,100
0xfb1c91d7ee409a85dde34fc703bb7482be018055,scam,100
0xa0a3be5b22131ed1eb22b2a47a43e79da2c7d435,scam,100
0x58bec9a8351e617875e8a0d91e43fbf4b59a9393,scam,100
0xe87d805c20c6013dd1883e7edce342f1efd26939,scam,100
0x57b1ce09d0c05c6c5e4329c6a2b8c2d5a402637c,scam,100
0xcae40ee8d99b4abe4d88bf759e326f37ee43ce80,scam,100
0x4b64ca1429c24b86f2374057edb3400e92363b00,scam,100
0x000921e4af72cd72915db188e7f98fab67c21000,scam,100
0xcc6a6d6aa339d28ab8e0f944f208c0dc42320c8e,scam,100
0xad6a436716908d3f81176429812de1d0ae6cbd34,scam,100
0xc5ab8b67cbc996740c4a42e9b32c3d27002774ed,scam,100
0xc88b9ee0e6b5d69c1c3ca4cbf91f2d2c8de08856,scam,100
0x3cd2fa0b3abe65a3d5a9ecfac8275592f090fe85,scam,100
0x335d0e52f6b98d26f8e43b0e214b91a6c88fc9e3,scam,100
0xb69577c679652953be51da26aeaeeed4f69174ab,scam,100
0x0572426bfe1fac2a1982706c611dfea42dfe83e8,scam,100
0x21d81ae7c7ccdd9899dbd898231fbda9c036c7c5,scam,100
0xc8d5db247dc9cdb1981194e1e73aaee15b1ffbae,scam,100
0xe578f154c0519c64d52105487f3795c579ad6310,scam,100
0x98ac16730203821d56d2fbe6f1799ccb02512b2b,scam,100
0x95d39de21227444038b4f5251e428be35ee83fb4,scam,100
0x0d207d1c45be7ba5cce3e104580d9802b5ee0365,scam,100
0xd6eb59c6d8bfa7249694543682f84df869cc3756,scam,100
0xb3a39d81ab29fc88e5f8bb0198a3fb7b4ae56edb,scam,100
0x73cba7ff2efd517db8a95207030682113a815e57,scam,100
0x132e48f56fcf0d67e092a74ca61c244f08225374,scam,100
0xf0acd658ebc0df12bb420832bd3cd07778b35db8,scam,100
0x395672e235e31b5fbc6f16ea0fc0e7010439d794,scam,100
0x8f9b055058b7a714c3cfafaf6db190a9c622fd2b,scam,100
0x62313f263a7eb371bffc3f8edfede1fd54488fca,scam,100
0x995b279758c9a7a58a2dcac47565ddf9fb6c6195,scam,100
0xc46bea11caa6cf648d378e86b9aaf5e6634855be,scam,100
0xce1669c8dcef50b5823fdfe1a390be2a6a8548fa,scam,100
0xecd3eacbd71408fb5ac05aa34f1b24572651d0b5,scam,100
0xb4189212e13dd57abdef3465f723d4357069f82e,scam,100
0xb7473618709fa22285e12e396d194457c1493450,scam,100
0xe19656b4799feb85c29076042be7a15673a007b1,scam,100
0x3e6c44a21b11a4411d5242f7c5e26518732b163e,scam,100
0x211bda5034fa0f01948f91671d77e814c4ceab59,scam,100
0x753978d307ea2d727017f39a012f01c9fed21bb7,scam,100
0xc761e60bd4ce6fbe2b730a30e4f3c5a4d6954878,scam,100
0x651a39365573b647c8f5eb68edd0e38ae4e0371d,scam,100
0x0000aa86477af0460cd990eff4767e55968c4000,scam,100
0x000066903443d14b628d0c20686f56f17d370000,scam,100
0x1f8069f056f134c72ecdbe79d49ff0763ed75b73,scam,100
0x6e92c0c0dbfcb30b92676d4426aed2a587672751,scam,100
0x5b3412197839945a7c34ed9b69e46e4e2aeb53cf,scam,100
0xde4ef3bd75dcbf83f43dbb9b071a48b1451e0183,scam,100
0xf2ac66d9e7fc51d5d84d5fcfee71f5c9633f7696,scam,100
0xc064d6ac568346c5f9c9fa12e9e663bdfbe61956,scam,100
0xfe441bd2ee3d1c3c0a05c995af56a08b178c5cc0,scam,100
0x031e810714c06a8ef2129aef11c5d9d9581ff865,scam,100
0x68e415eb5bd36dd0dcd69f6bbb7099a594309b8f,scam,100
0x0e8e40d8216132c1c8b91c06f1274140a42cfe59,scam,100
0x92690642e9dd47b0741f2f5c26b39c9e8f8401f4,scam,100
0xbefd1f68604872f46a8d1db5348db05cd6040291,scam,100
0x42696591012b58b2a825ba67dcf488afe274aebb,scam,100
0x631945492c2a5189ee8fdb6d4cd802c7fd8ae332,scam,100
0x6ec339479feb024c4944c5e32e0677a033cc798b,scam,100
0x000058a517a067cda43066fceb522d7bc8990000,scam,100
0xf7800971f6b0d8474ffeee458ea7108033a0ed88,scam,100
0x4a279ae19bbef5f67dae41e73e45e66c399ea2c3,scam,100
0x91e29cfe13efeec4722aebabba1158f46cd67c9d,scam,100
0x9948ef9b6043787e6daa8396c1f3ede2ebc73870,scam,100
0xe23383d212539deb20cc063610e0f9b5779c7811,scam,100
0x6484b20a4eb653e0153b2ead79da7fc4d44e12d2,scam,100
0x0eef9c316cc93b2014450822140db6156169d0d4,scam,100
0xeab51eb84e25673054a64030e31988c8b0418cbd,scam,100
0x254a90f1ab509440dc9050095ff74f4668d76871,scam,100
0xfa8b6c3a7b1dde0c54b4db812e07985310239bd6,scam,100
0xce13e353c28de15b833db719fc07cd1a7791f8bb,scam,100
0x3e8b21fd752f0dd2d410c8538200bd71e06000fd,scam,100
0x4a1c151a25b12a517f7f07b3bc10925a5fc08ff1,scam,100
0xafd5f3b56038b4a2bd60a35c693f51b6a7c89623,scam,100
0x0000010e3cb01bcdc1c70fb1e0e7a06a6d580000,scam,100
0xe28f22a7cfb29d0033eef076709851cb069cdd4a,scam,100
0xa3579b6491f51673ccd3a3e26de4a58c28c80929,scam,100
0x72bd08bea09ece3f8213a9d9ce95fb9e0d05670d,scam,100
0x07e3229306c58607213b9e2dfd25e78aa0624d73,scam,100
0xff3d65089b49fa50598c806aa31cc41537901d16,scam,100
0x20b3a9520b27d9111ea5e34165bfb4f9e78aa582,scam,100
0xeb83847453902d624118bb707c58cdbde58c9908,scam,100
0xe1fa70e115e1c29886ff038661e178ae09233e87,scam,100
0x36557dd9ec844e32f0ab0c41eb1226f484a81e64,scam,100
0x634f84a3392d88a5869bf8558291be81b9d5b787,scam,100
0x2de302a6a045ab5340a93d83d024e7ead3131ff4,scam,100
0x68f1f37df65b74501b38c7f1e38a28807250a635,scam,100
0xda9f3d7cc8329f15bba901700c8bcb62fa9dfa66,scam,100
0x5bd06e4bebe156686082b9098ddf5376f5644d3f,scam,100
0x86476adb1d4e7be94b9a212a3f4339b585aea56c,scam,100
0x00004597ae40e0333f292b3f40cd5222cc080000,scam,100
0xc5096c3b738521e3e23ba2c9c7f96d4e41c3b259,scam,100
0x2130d219b0f81049d99c9d8975e04679e6aaf727,scam,100
0x8ed0533fe6622d1c08b32e9075b0f0d2e090ff80,scam,100
0xf2bfc01f0e4f6724c885165ec4d463d13a4592dc,scam,100
0xc35715fb94b1d13d7579b7fdfe678321f3b85c8d,scam,100
0xb69ded315df9a8308b119bc7606dcd2ca28103ed,scam,100
0x57e802f79ffa68cb75edc903b8e5ef9cfffc941f,scam,100
0x5e188a91aca51ec3968ad32034c03a8c398aaa78,scam,100
0xd2e3d6e00b5a1d199962afc8bd9822b37758214c,scam,100
0x2bf9f2d5a87e08d1118100d85cf744e3b48ea73f,scam,100
0x3e6b8c50c1df8a9760153cacc9b1624e62204658,scam,100
0x5bf5745c159d3c5b91f6ec3445603622af78a835,scam,100
0x8f22983ae5bdc740313930a6f6442b76a592670b,scam,100
0x8a94a06b3ca4e196d58b94493827677f2820a2d6,scam,100
0x4075dc390fa406c2dd981fc2b71e037ae16f7f4e,scam,100
0x00080f71745494b21a7a963d1c3e8d1ab62e0000,scam,100
0x4ce9c40af6338a0b5e222ca7dabe3868f1317139,scam,100
0x651af62a8d3c83c1bdd6c8fad336eaccece9cd91,scam,100
0x5d985ac432bb38452718356fcc7e3944b8b8cf9f,scam,100
0x9a88d6651cfc5d912989887b4eec5a6066fb16e3,scam,100
0x5842f3359dc1a4aec5788dc1bbd952a1b9542487,scam,100
0xfad887986187f31ef4d16d5ab01bfab19f1cb3bd,scam,100
0x47b4c34f2f10002e23d876fdd6ba3ef15ea9096d,scam,100
0x000061e3f0f3b885e31eee676ded50fff2490000,scam,100
0xd06824c47878421440fa6516ba087a0583a9e3a7,scam,100
0x8f22f49eb82cf0bcf0e2c3f061ff9105465083ab,scam,100
0x6ccd6eedd18392c2e6501a6f14dfa288436e9887,scam,100
0x0fed7386bb6185cd8d98c4b797928bfae872566a,scam,100
0x8a29ae4b61a7b7a6702a61279af961d0e64d9d8c,scam,100
0xb7aefbecae139c63eede51529d0e1ac42359e84b,scam,100
0xaed1759cb106374fafd41f234f3a88400cac28b2,scam,100
0xcdef7727a8df46b4c38ea914aa69abdbf4aa7404,scam,100
0x0877827305ac724fe772b05526deacf2ab2dd973,scam,100
0xb5f8694fa3cc557986a904140fa7b5c89468346b,scam,100
0xa30967247a2bed5c662d042b2de09a01781427da,scam,100
0x9b1898a6c4a8be00ea8120d866357cd0c592f8e0,scam,100
0x000f1e24f3f0c7e3dd25939dbf0ba61da3c40000,scam,100
0x000043b11185d6ae131445d4168471b4b6620000,scam,100
0x1bcff5db4f9a53a6697d5a82067893525717b47a,scam,100
0x37224b53e33e54b33f5651346fb2abfdb2279783,scam,100
0xc698c1df4932737cfc3e7c6b735fc6da3c4f3ffd,scam,100
0x7d194e79d778c3426d0561e6b2345ec341aa4ff0,scam,100
0xefd4cf5f580bf311b38fb6ff96aa4ecbe7a5c288,scam,100
0xffffff486494e006306365ab59c957295cc5f684,scam,100
0x000fd3e5100323d5b36c57b730e53c6b05eb0000,scam,100
0x00008a7299aacab28139c3b7d75ae886572c0000,scam,100
0xabce814554b552c77f95daa2dfb59cef409c6aa1,scam,100
0x25afd896df84b5f0f6f163c954823398031f9d0a,scam,100
0x650539492385343f907b23498c27484eeb9df03e,scam,100
0x1cf553fbaaeb8f55167a23165967e63a12f14174,scam,100
0xb5cadc1e4603eed73c80cdcfb5de4002128db94b,scam,100
0x9f35325e8033caec318199b4e0bdbb93407ff9cd,scam,100
0x3467e36c4efee76caf3aceb011e3446a30361677,scam,100
0x000038f1e0c4417a3650c3f9a9a920b2e52e0000,scam,100
0x66833c45d52b3f950cb60368a5fd30b84754c17f,scam,100
0x000056c346441ef8065e56b0cddd43fdec100000,scam,100
0x000062accd1a9d62ef428ec86ca3dd4f45120000,scam,100
0xdaef4f0b250ae81093d1e55d5af21e1db1a84c48,scam,100
0x0000d47307dc88b0d5f0d39e0ef55f1526c10000,scam,100
0x00007bd85ff9e3b15ec0ebffc9f72d6800c10000,scam,100
0x3bf198cbdcfc48c16423987f63ba453f7ae04af8,scam,100
0x252166461cbe83cbe69d7baf9344a74e64f5bc3f,scam,100
0x1a3d13f1a838570f1ed1fb1682a18d0ba210fcc5,scam,100
0xd32e70b9fe755c70bdb52642bb3c5cacf9455634,scam,100
0x9c2002ef42311155ebd157f6997364c97f329c75,scam,100
0xe5100c85dc221758d9ceba53cc0e097ccb836ed0,scam,100
0xd805ee45f0ff684109b71bcfb6e4927b6774d1fd,scam,100
0xe154b2270b6a72094769ebdafb9e729741ca7ac1,scam,100
0xd47ca2e3fc205671245dd63e176d2a6108c58815,scam,100
0x92946a267ed208463eb40b19229c664806f8e637,scam,100
0x0004e078ed290d8962efea186738a5adb0f60000,scam,100
0x11601ce264430c1a26d2802d56a24672f3dc1a2d,scam,100
0x27f9b0a88271c83e729ef799b8dd0f805e71880f,scam,100
0x562145a321ec03d22854eb164d00e02acf2c2b32,scam,100
0x0000aa02e8818f4cbc5066d228a7f74f524e0000,scam,100
0xf3644dd3bbf658e1fcb3618a725183eb56b3399e,scam,100
0x09176c9ee188cb4519c5215d4c022aa89859681c,scam,100
0x125ac37f9b5c811a683b4f4ac77d9c3d89b3788d,scam,100
0x000186a652f1e70388d32b38369f0eb6e9a10000,scam,100
0xec6f463714e19ab22c122edb03f7ac8a50f35272,scam,100
0x279d600b1e0880cf395dff081dae9e05b5906505,scam,100
0x6a29e1a50961487b726c8ae2287c19683f3f40ea,scam,100
0x09f0c4f37ec5420d4f60c8d296e7f16bcb6cceb0,scam,100
0x06d73f90aac6e7ad427e6aa9526a83b6c1e2d5dc,scam,100
0x6380dc72994aa4bcfb8d26f923a6939f3d5e65ef,scam,100
0x6895a3558b765d8bd60a0c1617c0eab99e5c8574,scam,100
0x3ec7733f00dd000da3ea37e68ae379d4382f471c,scam,100
0xa66fb0be2cef38359696b7cb66608304803657c8,scam,100
0x3211c7b6e42a137a53e6ff851ec3bf77a9ea4071,scam,100
0x85f468175b773ac7ce27efc49954a056d7d4cb71,scam,100
0xfa9d152dc16107844a0c3d43d4f9866cab849b43,scam,100
0x35cbf3af283ab69a4c94519b499b91585a35dd97,scam,100
0xd8ecdabee9112b2ca43e9554ea1ac1030d186c79,scam,100
0xcf3a0f47c6474b05617cbbbc6826e1d9de133517,scam,100
0xea1d0217bcaca4ef04b91a0924c14173f09073d2,scam,100
0xcda4b8f0c4be7259f86de4082d6a85fa1635d2fe,scam,100
0xe42359230f4afa892f93f3b81ceac1367dd0b904,scam,100
0x6df6cbf633df7ca01554b5a6c1d8405fcbd631da,scam,100
0xce9314700065542801f568ad8403030c973c9c0c,scam,100
0x8fa26d9d66ba0b3075a2ec1a6ee4a7499cecd28e,scam,100
0x0000b662d73ea5d948ded973c977dd96d8590000,scam,100
0x62df525ef34a96571e34d6e7b34148b052dd6653,scam,100
0x000011387eb24f199e875b1325e4805efd3b0000,scam,100
0x625329977fc746493865d84c880bdab697c31b0a,scam,100
0x62e34cda1a6e6e399bd5872b74e95973debd15ce,scam,100
0xa4b24cb878255253ef0940f519636449aaaa505c,scam,100
0xee5ccd81e2f50cfd03b2e4bf817e3b0ab9047d5b,scam,100
0xa445131a44f84e1d205a169234f92dfa1bbf8576,scam,100
0xd7e90c823e142a5464439a48a9d3702c50789d38,scam,100
0x584ccb05ed37d471bdf97ecd9256bdef46003242,scam,100
0x9f399f13058232da96628fe74ea482d9328f260c,scam,100
0xe3ef9a27eec5c1c7c8812813f16e58be1f06b065,scam,100
0x000077b171a0167ea1f3400a19cf82fc031a0000,scam,100
0xb65d18b91d401224dcf2b072d30c29bc8398463c,scam,100
0x057f65c9d4282a45684fa45b4f0bfb5764c562c3,scam,100
0x72befca6f095099c3387cbca32bf4637c9f952c9,scam,100
0x33a0a40f16ac2eb4e1721254c827f529b88cc4d1,scam,100
0x5ad2d1998169e0a15fc2161dc98946e917e0c7d5,scam,100
0x009515efabccdbafa485f3919d94c85ff23ba75d,scam,100
0x819a01a1233786cf11ee5b43ac8bf5b89c2452b2,scam,100
0x41b538ac6220566e3fd4bdb06f08210373fbb877,scam,100
0xab03016ffe5aad0105f4c6a72532bc4494b32ede,scam,100
0xfc48255bff44906c8ab25ccfdb15e2fed953084a,scam,100
0xab91d85db1ca6ca2c5e58181eb557334e04bc34a,scam,100
0x91fdb7bba6ebf741781aafa80b21a3330a6f0bb2,scam,100
0x9a3b0b63e5ccc5962051e4c3b6dd2b265472cfe4,scam,100
0x042a61189745e07792fac647bc8b1fa76d83bc29,scam,100
0xd57e3ef66d65297f2ae2466a9aa900a157d9375a,scam,100
0xd1a86cf78798eba600223e509b5c5989d7c1ce79,scam,100
0x0a8ae9261aca2616bc6507507388163ac27f1416,scam,100
0xce60c29e93cb7bfce7cd7cb6a761b614acb9538f,scam,100
0xbcabeae8652fa9f50d862135ba123db2c6e2133a,scam,100
0x81401bdefd168742ee04e54166fee34acf2df2a2,scam,100
0xd5a03fa3f983ad229cc062d9c74310731bf08f25,scam,100
0xa3ea2372bdc3663082cce0f84e185125cca814f6,scam,100
0xff5f1c17eb5dc07dc084077e53433745c8355acc,scam,100
0x1e3841e2b7591e6aa4bbdf2469e0bdf28ac6d982,scam,100
0x8ebb4f339aa1f11f211053b31cffe21b38e66237,scam,100
0xf02ad67d0797164001aa61afeb9c786f712530d9,scam,100
0x6a01ca1127ec61d590aad7180de3e77ee7038388,scam,100
0x0000300fa2b43d5627fa53ee8e38cc489c0e0000,scam,100
0x459c055efe401d28f0efba572d31014cd0b21a11,scam,100
0xed4efcb53b8323ed55471ea5b86c191242786574,scam,100
0x099c443b6fb0d8162b8cdde403d94b537589b4c2,scam,100
0xc9c3c335a4b0a46267008f2efc4a0a5c522390fd,scam,100
0xdf932bc5e68391b4fb93968cb87226176a2b629d,scam,100
0x1ef8691c23e6e2cfb087a99ea9cf76f8e9def7f0,scam,100
0x57c5603fda50e5d1b9c69398c32cbcca89f845d4,scam,100
0x952820e4cbd0106ab61e7edada39b8d7047299ac,scam,100
0x54e4be2440d8697fef16b898a1f21e1bcdaa0412,scam,100
0x9a3c1a5d4251e5082dc8826d97f66ff1358cc9e6,scam,100
0x6582f2e484b02170e709cafd09b7750e944bd24d,scam,100
0x1966b66c48c248edaccccc6c5a71fcfcc3d30c24,scam,100
0x9c40417f86f69ea2c38b7b7b1dcaed5a93222df8,scam,100
0x3c49b6b5f5fb98a039b9f20c6b1b6cfca70b525d,scam,100
0x3aa87091093b59377329c5765187d1a98a6ed979,scam,100
0x372ff3f22e2ecc1fd1585d52e91dac908b57939a,scam,100
0x3d2c2d7793e3a6bf178108b405b32ed2f5a21d90,scam,100
0x41a76cf5f7b5bf769a23a7001d7fd5791f6bc21f,scam,100
0xd0f0008cf87c4071d646baed86fb379b1c122576,scam,100
0x8bba4833139c57c4931cb090fd86bc217ad3a790,scam,100
0x21c60341473f513236c7d13ea70ddda9c3922e2f,scam,100
0x2f87c10307870edee50e91d4c6a9a4371252cdbb,scam,100
0xe24fb042e6766b92f51e2b90988ee3d3da9112d5,scam,100
0xbcf3a5f6b1ae4b8f4cc15bc010f65ac838a1b622,scam,100
0x05b64db666aebbd2ce2b2b501e5e34493ab1dc81,scam,100
0xfc44e13c6935cfbc64bd5a3324c942cc9eb4e797,scam,100
0x211d826585cee8dce1f2162e63ab2655f09e555e,scam,100
0x1a97ff04b310d0c8c9541c6ca84683672128d873,scam,100
0x378f9365011fb9b45e7a5db45abda6654ed931af,scam,100
0xb6be62b1e06a0bfb17bc7687caa5bf66385b3a7b,scam,100
0xa1d0982936ff1433ae611f9746c7556ca1c835b8,scam,100
0xd538c424e1f854419d4f6cc2687f2c64589ea6b4,scam,100
0xaef9af0667e23a5d7df64caadcc08adb3a7c4a9a,scam,100
0x377dd12ee5be89d6f8bfa9a69825095e8efbe38e,scam,100
0x2f0aea861f481bb14756a435ff73309ae72df8ea,scam,100
0x15acf9a44ae4e83efe8d3e8ac374bf7f275bf651,scam,100
0x26d4b835049efc36c94685a4e19e9b9fc75f075a,scam,100
0xe68522a482041c9f9526180b62b971759d0f7bb7,scam,100
0x6b1f7068121b49fa551b21bde5e0f51570fcf857,scam,100
0x006c809c62fc9f77db7d91ca661acb69daebfbfc,scam,100
0xeeee798c777fabac70d5aa70406fc808ce200000,scam,100
0xc0d4576dcb649d6a3e32e4e43fec2b4cc25fe146,scam,100
0x8286fa03cb03f9396183450ffbbe90a935ee7dcf,scam,100
0x1be4461021e197ef9f08038989c8c124f2213ffa,scam,100
0xbdadd6dc0a1f8905cc339b9ce0a25208fd2b5da5,scam,100
0x2dc25542ef6267396a19037f2d328cb5721880b0,scam,100
0x39450486bfd3c9ec296016df9ebe64d159e60621,scam,100
0x0cbce13a1da2face8e7e75c64dc5a607488aad53,scam,100
0x20edef88a27a7632a1ccbd67b4c6675883117978,scam,100
0x958cf1e4c5c5274d47899a9a0b9a5efcdde70e8f,scam,100
0x6e60f5a04423a5ca5b6330ef6711e29d86989d01,scam,100
0xe12480618c1bd7cf43a616c8a430b210e37fcf3b,scam,100
0xe2423d038f98a09b59afc0f98cc0fbf08969d817,scam,100
0x5b233ade1ee3b265bd5098a5ab81df2455ead0ec,scam,100
0x6c5f27e088ffdd71f4de7a88f191594ac33cb883,scam,100
0xbe6a9a33adea6dabc0e25e105e07219493b6a88e,scam,100
0xad1f2cee29b2c28e20a0e74958bdc0063226939d,scam,100
0xd589c772cdb8474aaa847a90d9f236fc9bdcd6c5,scam,100
0x11a8f04a7bb44f5354cc7bb3104fb8e0fe9a3bf6,scam,100
0x3fe57bd63ef0cf951259717e42d901953d378eab,scam,100
0x1d87765def82b3c839a66c69537731774f8bc007,scam,100
0xe18da714c66403e41b098436607759c749ee759e,scam,100
0xdeb57d3432f30fc3697e9fca8158b6c27027a7c7,scam,100
0x045f099a103ac401e6884979d609f996a888dc6d,scam,100
0x258317cdecf0a97021176b54a4777503880ee2cd,scam,100
0x946d45c866afd5b8f436d40e551d8e50a5b84230,scam,100
0xb0a2e72a037905bf5609ecb445d173c1f5a07a3f,scam,100
0x76dd4fbcc20e7de7cdeae04c735457c5dd642be0,scam,100
0xca820a77b37dbfa376d7466490aa7679c508bec1,scam,100
0x5015b0cd7085522883295b7d3c68bab3c99d3d64,scam,100
0x7df59c684743de43218a9198fc9f0632c3da0034,scam,100
0x6a4e20037fc2970204281a84fe37b1c7d1bc05a9,scam,100
0x2ffbbba4efc6d3fe976af5fb43478dc103e9558d,scam,100
0x4bd554a0904041b6e283454d4094d76641b82f37,scam,100
0x69bbc1ec38a822039f99d2a1e295b394178fc19a,scam,100
0x89fb4b5e0125409262cd4efbafb464878c7186d9,scam,100
0x6dcce05b8467987b03c13cf3dbbf8daeb1e4f70c,scam,100
0xade5d6d9a177165287e211436d19b262570943e5,scam,100
0x0e16b3a406e1c1170013337f27995e514b0d361f,scam,100
0xb3e54c530dab0fe5d5bfa76af99ef9307bb775dd,scam,100
0x33994c7e78359e4c2948d8cb344dc34e472501b6,scam,100
0x61480d37dba0519a95f2318a642cab44ec84cbfb,scam,100
0xfd561362bec15910dacd018722ec726f69aa7fa5,scam,100
0x1a2ba7b454c9f5aa9cc546df96568ed7b6633098,scam,100
0x572019e36969b63d5b2430bd148e21d697871d6e,scam,100
0x8636d7d2e511d3c56d307abfe3dbd9f74dfe46b4,scam,100
0x321e94f85c622c6de268c33ef446f8990d0e2f05,scam,100
0x9886b0f295622123965806ecafb6e2e2fb246971,scam,100
0x2d2f33e59a2e4ac8cffc2f62ac7826d8ef45c505,scam,100
0xbbacede5c70ab9aa3f911dfb460da103bfd31f49,scam,100
0xaccd16d4257198a386f03c5025f4c46b52b04f4e,scam,100
0xab9350f2ef64c1016a2fa5834b39e53271757f62,scam,100
0xaaa3f13c7f6b7ac260ec99d1ffb9100ff7b71f11,scam,100
0x240c2af76bafa77f190a285e6ae1d679655c2157,scam,100
0x1e01ad56cb6639ec65a21bd9d4c9c25cceae631d,scam,100
0xd23939ab8fd3d875e94ac05ab1026d2509415bdc,scam,100
0xe920078d9c867b202f771506d216b95057ccc3a0,scam,100
0x5f6ec770a65da872de955eb00c7c1d04cdd21088,scam,100
0x14db3a6168d4818977c6985b37dbe80f3871dcca,scam,100
0x65ac40cdf2db52292e119ff7471b107f51006105,scam,100
0x5dfb816ee5a63245bb4a4472ffa2e46fa8e522d3,scam,100
0x8c8853ab75413bbcb7ca0b14b1677e6049f9d19b,scam,100
0x8ec04f889a55ac5afb1e59766f13331d06fc7fc4,scam,100
0x8f5c837317b8e7f69409610494f5f74a188a3800,scam,100
0xeed1d45d091ebba9b04142591bbf1b3101d75065,scam,100
0x5f113f23ded36aadc41ed27c5398d409fe716aba,scam,100
0x0169b51139730b4b149e19c96a8ea7575fd265db,scam,100
0x9bce2f6656847ac24540d27a4cfaf7670462febf,scam,100
0xc09e8759b81c1f2f5e4ec114a6a51955627f4aff,scam,100
0xe25331408143e434873ba628b48dd9e07f2f4349,scam,100
0xfa8b83ccb7fb1a8365a449549ac0fc96c75c54d5,scam,100
0xe6f78ee0ad78d77dbd080bef8a1a56af7f41e22a,scam,100
0x4aef505aac208e70633c790f8399d9deeb803a34,scam,100
0xd8a0f8d1ed54b5edebe38026228f334f2f98c295,scam,100
0x3de3df0de78de784918291389cb7bc4c7dccc873,scam,100
0xa1f6a88e93b99b3d701cc6c7a7c6a3a8a65b1ee8,scam,100
0x5829621e79378c5b4fc74ff402ba587ef8db5fab,scam,100
0x17cdcd5d828d21035c99eebbc3e9877e07aa6be5,scam,100
0x8a325ce141fe422d2460a4cc9750ed4e5101bab0,scam,100
0x66abe62b7f14d9465787119bf59c2c05c79eaf61,scam,100
0xf3547e4b30cf419199687fe52c4c3c9047551228,scam,100
0xeb3eb49e93e2c0c45dbc4a53af73cfeadaa9f66b,scam,100
0x7d0315ae285637b7be03ed511f6543b3c82e30c2,scam,100
0x09756a3eee741ae45649999136df88908cd9f984,scam,100
0x6098ac2c66b44324da44bd289b7c43924224961a,scam,100
0x0fc89a14f99f5871caf23a51dfa039ff24e46495,scam,100
0x87ad7cddb40e3f9203523653a52d8847a0d76b48,scam,100
0xc3827c48416e3d9ac2df12e491ed8d637afeafbc,scam,100
0x8324fa8ca26a2af5e3facedecc87611a9d7a817c,scam,100
0x99d82c95c6f88332d66ac4f9333aaa6c39048809,scam,100
0xac3da828f773b0a39247821905c6ed3d33235909,scam,100
0x5d94a4121fc08fcd95ee4de0b72ff549ad8531f4,scam,100
0xacdfe193155f4c2e0ad6238a1036ecc6807cba53,scam,100
0xb2fc2fb266d6f4077dfb2ff203a6067fa1cf9b35,scam,100
0x4097292355b3f1b777f9373d1d747941c7238b6b,scam,100
0x5337be98735797c89753154b99782020504162b1,scam,100
0xe504f46ff6db1f2bb958bee9f868ab5e1348c15d,scam,100
0x1fcf5b541a291ed5e81948331f860ab8767595a7,scam,100
0xc6e8108da56156dfc51a7cd43bcc749ed4d61244,scam,100
0x3ff4331ee8f005e1884a166dcf789c87b46795c7,scam,100
0x5ee4a19bf6d6908ab12853af169575bbfecf8bfe,scam,100
0x5f0d5fe5955de852b5a40e8404a672da0c8b80cb,scam,100
0x76557d63a200bcc575ad8a856bc6daebda2ab5b9,scam,100
0x7ffb21bad201b26f31def7dc6619481ffb3e00bd,scam,100
0xf3e7f34a1a4db145145bce06e7c2b2c5546ef0c3,scam,100
0x42ce2cfb84726c865e772db434d032705ebb8e17,scam,100
0xeb15b8e2920285f0c78592e850d64e3b07969a71,scam,100
0xc9f6d0f9dce4c67f13bdda7a1b2be7aa1c3ff124,scam,100
0x822f759db8ac15b4e9d6da32917d7a163ef41810,scam,100
0x0bbffe0bebd0a7503e4f44bbecd73724806976ee,scam,100
0xc36676e154ac6900692562f6f5d398ee9a53e4a5,scam,100
0x3db13d1a4cb7b668a253cf79e74ebd41348cc0bc,scam,100
0xe7a91ae10ca5419b8bcafdedce6c1c72508d1cb1,scam,100
0x40cbf8d261f0fe5838ff7c6daeaacaf2ef9e52b7,scam,100
0xcb7d876dda6b20b29ac969f90f542c44302bea68,scam,100
0x0000c006e14e9888ca5ebcb177c07793d8120000,scam,100
0x0a3f582635b88c8c2fcfdd0a81dc10dff143b76f,scam,100
0x00051a80e9ed9fa7b64c8b2e5c588de37e060000,scam,100
0x00009b528e1d6a487dcf1d6995017ecbf9a30000,scam,100
0x3ce76ba7600b535bc2d7821c5f6688873f383c1d,scam,100
0xd7b77ae96295e8a63512bad16a86127685308b53,scam,100
0x25e63acb56dc30f812dd7b564e39194613cf76bb,scam,100
0x9a2eff4cc6934efb7ff3cd9a3d54dd09137c053a,scam,100
0xf29e5cdd9afeea81daaf292a6b9ac563ecc1de65,scam,100
0x43cde5a0fded18fb1b2273fbaafaeac38b77abf6,scam,100
0x0973f56b1b4fd4b2b358038dda957ccb3ad47c1a,scam,100
0xa4829d0a3f5de8c5344cdd795ea04a14f954659a,scam,100
0x32e74b34b1189a15edf420e1c861e736502e50f5,scam,100
0x52f174a476f0a575797e188e226f0f7301939fca,scam,100
0x154fd50b950d3a50d9a13871d1df87508701cf1b,scam,100
0x2dc123983ab228359050e05e111fa18225b4ff96,scam,100
0x55cd0d4b1766895d86fe5e92fd83497c50057807,scam,100
0x5b8a425ac4a041389d88ea309f1cfd2b58adfe71,scam,100
0x8d9d6a30fc6e3f674645681d403d51024b0b89cb,scam,100
0x5ee716747f19bab6b49e86b152bec56892810f83,scam,100
0x9f6f7dc14030b338baaac7b113dcc6dcfefcbf38,scam,100
0x6a7b47cfe62a0d2859c150fb22de628ae8b5901d,scam,100
0x7c25659c244dbb01e71e05f3893b822e4982e8ec,scam,100
0x99f85ee3a5955d383d2ace88992b0179ee74da94,scam,100
0x9f0fa05a365307d74d37acd16e3732bc0bbc80db,scam,100
0x7fb0e1f9264eae7190278a228900c0714a37ae5c,scam,100
0xae22028b1810bd1e17ea7620e3d6f95173ca5c44,scam,100
0xa6523f42b3c437a40c8f123110586829902ae476,scam,100
0x00000e59fe1a8a3077e2b17bbb406c550b916346,scam,100
0x00000a2f6efb2defc786ef09710b60b29c220000,scam,100
0xbd9135724ea50f3419f20487f13fb64e618ff27a,scam,100
0x000208cde57743046faa67d347cbf026a2560000,scam,100
0x74aa24fd95a8b05a2b93247d44f4aa4f65234341,scam,100
0x9ea2780e6e6fb61be3f694f16d265077b751b52c,scam,100
0xdabf90969a65d71a2c4a7259eace6483878c0009,scam,100
0x492394ca31dd868b859125a681e4ff0fd9cbed95,scam,100
0xb9684e01575e8a0e10993b52b4cb168bcbeb6cb8,scam,100
0x2f5877ca409573c61ead90cc4e461a827957bd16,scam,100
0xee9fa1703d7a70596a274ab2b893b14030b1d476,scam,100
0x000130cc1c2427d68a14a2de27e1f7e1e6ea0000,scam,100
0x0000977cbf1305d70976da8193e83189a9ca2800,scam,100
0x756754abfe564e84a83aff2baa71f3117e640671,scam,100
0xf0daea88c48feb359b653e19699d35013ef789eb,scam,100
0x1d878da5c2835d212d931315098c9c865fdfa09a,scam,100
0x0720f0704f57ad2a9f2d85f18d2f52d3e0134633,scam,100
0x0000b2379d2d8ad4bfef821f90921bca65da0000,scam,100
0xffb7b19b66a4cd28b2370129fdd964ecf46546fa,scam,100
0x00000002846f5f08a0b9bc34ed34c0b5e77f4a98,scam,100
0x08b2e0c6a2c0b5c81b5f38b629585a472ee1bb48,scam,100
0x8d01f826be9ea94527484aeae4f0d0eeb9542b5c,scam,100
0x48665d55bfdc3ac44adea5996fff2574b0e934bf,scam,100
0x7bf268f135c4fc81868ab8ae82d82ea828ce6fbb,scam,100
0xd41732785f3eb9e3f4152045261ec77bfcb82d08,scam,100
0x485a15f541dceb5403276b220319e01344772b1e,scam,100
0x623fdcf65c4044421d4caa7df58803514f556022,scam,100
0x824a556523f99753d506d4a1c7ed16971c460b77,scam,100
0x68b20c30db178decc96c3e6e7414801d5154d791,scam,100
0x2104385cc17cae4ed3a8b9500f8b1b2a22e0e8d5,scam,100
0x0e3cbd7c0d3713c8f405197d793959394e761274,scam,100
0x22ce2a6565a201c2c52080a512a3c84d38903603,scam,100
0xf69db988f52976a0d32d2f9012cdd292c200e5be,scam,100
0x7ca138eaa52354b81bfe389c24954b242a4035c5,scam,100
0xc5d561970c995e6785da2869d5c1ffe8ab68f31e,scam,100
0x0003fd282af2c5f9555584f8714066d4b4f80f00,scam,100
0x44387514e257fe70d2430ee39a1e59161f4c293a,scam,100
0xe4f4f6cf3b2320d1081a2f5b2444fdd6fbbe2af9,scam,100
0xc72f2d6cc0a5f1489e31a5e23272caaf45539c7d,scam,100
0x40549cade3356ddd465849a34612ef5e240dd219,scam,100
0x3de34a1fd5c088821aa1a03f0f2284af9bff8b37,scam,100
0xaff2cea2e6512e4d0d3f4b16c04e8ba3790e6790,scam,100
0x82c72545c585d98470b1950b5a6f36902348a677,scam,100
0xf827b683708595247d06c59efc4dc41296f4d86b,scam,100
0xbf9b4a88dee919ecb9702d84a9fd1f33a282f5b9,scam,100
0x01816d383bfaf2008100b57a36e84640b214ea70,scam,100
0xb9773e7659f4a9436ef118d7db9018406ebba97d,scam,100
0x1579bc1f63123a55239c29911a1546046f67db18,scam,100
0xf7043e9c90f38299f22a348d7d00f70c07ea6efb,scam,100
0xb8b91da5c05cf0d72287bb0d8193fd694b90530b,scam,100
0x000de7fbed071c1600745bc8c6f5aadbe2000000,scam,100
0xe176c9ee9c6f404a7e6407faf4ffcc2a3a2c1912,scam,100
0x07cd15853cc4d18023d8ebf60222bc14dcdf326e,scam,100
0xa3f8911cdcecbcc6509ff1e782953c41fd03c49b,scam,100
0x44c2ece8caf20fb4488aaffafffb485383a16525,scam,100
0x272cbc2f61d1cc48a3c86bd229ed02c194004c5a,scam,100
0x84b4a270242d1145ec0b80e846745a43892535c8,scam,100
0x00061f778b5021404f731f597eb6864530a50000,scam,100
0x1b5102e2864262aa12323e54fd9a0275b483c70c,scam,100
0xef4b9564581ac0e5635b24a0655e907569e651e8,scam,100
0x7052ca7f960d7dce9e824985addeda9ca919203b,scam,100
0x28cc91709cf08fc5d879ee4ccf2b5986a87dc05b,scam,100
0x5fc491685c463afc945c93c1a0790c640026f6da,scam,100
0x094c1913d85ad3faf44111fbe4b76ffdad96543d,scam,100
0x95a4b51af936cd2f52a261eaef563beb78a7a4ef,scam,100
0x078be4a36a614ee4d29bca32c6d7eb686a8a7a5d,scam,100
0x370942d77070da2f79f1eb67ed891326f3a112be,scam,100
0x00050786a5f6a76270b0c23cfb9a814b92cf0000,scam,100
0xbec8c98211949a8df90b1538f0c8533c5f7f0c1c,scam,100
0x274d0b9b9c2d731f08f368c9d4726575d454575f,scam,100
0xfb3695ed8e1d1959183d4b07ecafdeed9f47ec2a,scam,100
0x02c9f1a32a7119204c84abdabadfe9bbd3127157,scam,100
0x579c01b82542c7c941cd6bd4d98c3d0756ab545a,scam,100
0xf5e8f69285c093ab3e2a74e9f78688c21aa2ba16,scam,100
0x000cc594468b21eeafd57355f32ff095c3375000,scam,100
0x2436b8836b751b9782fb090ec89d40e447e1f38b,scam,100
0xa9fac309ea02c09f5eb7137bbaaca80032dcea5b,scam,100
0x734a2da79284952707293d4795136d00e07a259c,scam,100
0x929a2920e437ee3ef322ed9f69c48515abb6e7f9,scam,100
0x172c91eab73865c5f589effeffd06cbe75c2773f,scam,100
0xbbd21d6eddc71151ff4a1d6c99a246ae45c05ef6,scam,100
0xb1ee1226361e45538f4d507111adb76c351a4555,scam,100
0xba6eba164b1ee5ef9a6c673909e478597c7007a6,scam,100
0x52bebe4b7898b2b6cb5e314fd89020904e140b20,scam,100
0xbcd2ef59005d063f551d3748e7efb11e00233b67,scam,100
0xdddaa474d75e736a54080a229e6e101acbb0d7ab,scam,100
0x8b519b3f9bb099e0fe4ebfd27400daa439716473,scam,100
0x1878ebcd90ce98127ed7991b8f7489a1a686148b,scam,100
0xcd3505aae3a2ea3967beff85e65cee1dc993378c,scam,100
0xc52539e71b0dcfdf6db916769c2a7cb19c596d7d,scam,100
0x5501a55e6141ac36f35222c5b7c62d6b29a4cceb,scam,100
0xf2cdc4cf92b3c873f4c543c70ce18c5a49f1016b,scam,100
0x3e5debef799daf2e7d92dfc329304d6bbe16694a,scam,100
0x2bfa09f6c2f7bace069c53cdee35a50eaa5efb90,scam,100
0x6bae7840c813c2a91e7f50b37214223369bd73e1,scam,100
0xb675526c6d7d9304f70b4e566619ce342dd650b4,scam,100
0x7dce3b72e99519d71db5e5e583dbe96facfe726e,scam,100
0x000d27842ecb1c2343d360d61871bbf5dcf40000,scam,100
0x53370ebfb35a1973444dd263fee9735b14757e65,scam,100
0xa8005e7a0605a5eb997f538c9f4785f2c52216aa,scam,100
0xaa1e38582cbe7d4057cc2790c827df3eca70bde3,scam,100
0x19d1bead295316d8dfc1c6fc9c1aa7e910abbf91,scam,100
0xbb8213e0de93a56ce93dbc9f3adb40b83b2d54ad,scam,100
0x00088116f5f3c14f950256bdd576eb54ee73a000,scam,100
0x1b856e40b0770537837582e0cc835b6b7876307b,scam,100
0x0003cababad4dc9b82b6afd9fd32d19c992c0000,scam,100
0x238881de1e1a5964c55249a9edca99f8da172631,scam,100
0x0af579ee843a92be5bc525252acec6bc9301a274,scam,100
0xa6317659d60f89e2e8a26e5c6e49e73a4e18276e,scam,100
0x301c711e92153b3725f5c2ff47e4903a91b865f7,scam,100
0x253c4444cd2b9e74e1bbb030d06679b398167dfd,scam,100
0x39d5b7fbc06c1b73029e6c7a639e599725ca1cb3,scam,100
0x977252f8c0fd52c404c46bbc8d49619112ca4720,scam,100
0x820e4a2dd7f9a34ab378a739553d4c590de8f4de,scam,100
0x8b4652bbaefcdde13ed4ff66cb61c2746fb9aad5,scam,100
0x19b799fca779ed2cbf76c50282bc448ff2071eaf,scam,100
0x9a3d3c15f89b4110b274c8b4d5e2e8ddf76ee962,scam,100
0xbb6c2b33f0ab32b39d8a5f6ffdc3fdaeffa26b5a,scam,100
0xdfeeb33be04b53fab2db0c4b429f27680cbb34f3,scam,100
0x5507fc83ada25c33869ffa6b3079c5022d1100e0,scam,100
0x1704fd5878883da992df4efb24cd9e3c20431429,scam,100
0xff7545806e983dfb8d6908012fd666f0a2f7750d,scam,100
0xb08a778b7f6798882df1fc8a8965474ccc46d7c0,scam,100
0xc8e15585ed23d2c08b3d7a845060a3050261568b,scam,100
0x000019ef40f8eaab40a233906a5d428418920000,scam,100
0xb8a6f3708e544926ea57350c230117921348faaf,scam,100
0x8c5d6dab815e24cf68aed155de377693e5020739,scam,100
0x98d0a5b7a3fcb169c6df1c4878d7d1b15ec9bcde,scam,100
0x13d55040a32f964f6553aaf9b75fb9b521dd3351,scam,100
0x8f5dbe82eab8977913de33cfb95a902a4e73fa90,scam,100
0x1fdb63ea569c37798c6b7b1cd4e2042ee694a6ba,scam,100
0x00000c07575bb4e64457687a0382b4d3ea470000,scam,100
0x049d5203af6d3be823a81ccec9a8f9e7dcba78a3,scam,100
0x00022cbef52bb7ae7f7bfe0cd1432897f939d000,scam,100
0xd28d4ae7dd8fd3dab898f5f9e03e7f8552d38b46,scam,100
0x33cf0150e4639893d7932acd038095370a1a24c7,scam,100
0xabf43e45d83e431b25315de2add5008e90f39a93,scam,100
0xc811e4cf9afb6721d4012107dab853005e160add,scam,100
0x0004cbecfc78fb243ecd16f2ea2d8f4373cc1000,scam,100
0x000e4053ff89256ad178456dcbf80911ddd9a000,scam,100
0x36886340db61bffa8ece409fc6545f035a44300e,scam,100
0xe4be4d71019427415ee6af574b43090be3dbf6d5,scam,100
0xb0711619ede3c1ecfe299dc36c132f5eb5ae2920,scam,100
0x76792e5376f3459a06822c66383dfdfa0a0a9fd8,scam,100
0x67fa4a0f281f1357b5de93ba31ace30054e12ec4,scam,100
0x0038593ce30c2d5547fedd7a20f9f0dccc2d0000,scam,100
0x729f71e2c29fd6d6800a6dfb41b3466244ec7a9a,scam,100
0xef0ff3b644b4423712df74a333a366503f6803ec,scam,100
0xd9f9300b2e1fa0eaf404d015736021d45af616c0,scam,100
0x4d8b5dcc6c4b7de7660ce0020125a4e55dbcee8f,scam,100
0x6eeaa2e7b8074a34992b4dbffdeb3d1cdd32fa27,scam,100
0xc38d5b98fe3ff91c7bf22d2101d8e364f322b250,scam,100
0x45c287ff1603c82208a1351f5f4a9f8e7483e933,scam,100
0x6bb3529bcdf08ff6177f145a5c990d1eff65879a,scam,100
0xf9373eea6fc5900e1c4451536033f363cb1552b1,scam,100
0x4218e774634c1ed1761d3b169d89c2ba8b2d6c41,scam,100
0x39cdf7435967d1ec2b1c0b47e320293eaf2debd0,scam,100
0xffca7e0c8ec6b917fcc5986e5f1c9597d4b906f7,scam,100
0x44ace81a473e8ac74cc1e4f5eefa3b936a05ae06,scam,100
0x41651432d7ad3ff54e898fe784687656a7297344,scam,100
0x67c6bdd85e0c71c8bd82b09e864daf4c7fbae610,scam,100
0xc6197be009ecb8295b0b3fd4742cbb52d074acb9,scam,100
0x281b9af991dbda430d000a020fa7526f1d4183f2,scam,100
0x3a3aad9a6f72b1bb30525c8c03ecd9d24c1c4211,scam,100
0x8a2695241623923b885f3313ff85c2e5e077bb41,scam,100
0x0000553f880ffa3728b290e04e819053a3590000,scam,100
0x805a46ba0a6710876d3583ec67f521186a563e1b,scam,100
0x3d4442004fc62d0250af3289715df91b2cd0de7f,scam,100
0x96d300745b918b4a86b4e95a8cc7904347daf197,scam,100
0x89f3ef08b975c920416a6b0847a3c4526bd734c3,scam,100
0x356a5177a68ed4ca5196f2fb70dc37486debebdc,scam,100
0xaf8bdb3b623e686200d6dde0cc1c7a6fa2b11e3b,scam,100
0x0000c780a030c8c1cc74e8ffd927f08d1c200000,scam,100
0x915c2aa279a49e9c98917b74d8a42af66eafe8f2,scam,100
0xf8def96afa0f92f135cb41b49cff9432ea33333d,scam,100
0xf9954abd33245898237873d14398e02d0d2c60c0,scam,100
0xff71504cdc572feb7e776cd3a64fcf00cd3f65d8,scam,100
0x6dd4f9914236a365785f875e20d320f10b8ca70c,scam,100
0x152acdcaaebec3047e68571e991420829ac45d07,scam,100
0x2e2ffa95f5f638ba58fa2322626403218ceccb43,scam,100
0x3960cb07da47a2e8634f549842db24ee4b402ee7,scam,100
0xb8636a1636604d2caaf95f828f7731da865ffe75,scam,100
0xa68798a415e49a8632558c19606e1e108618100d,scam,100
0x8fbb1f669e7ab566d16534259500abdf5b4d92c7,scam,100
0x3bc88cd2fbd56a9d889408e6bdce1bf1c29e3fe9,scam,100
0xaca0ec2a894389fe0636801e9eddbfc8f3b57bd1,scam,100
0xa70fb19286e21af723bb54b7c6a813b66365e6db,scam,100
0xc657ee14f60fbf33a59ff8881f98656c435c40c5,scam,100
0x63605e53d422c4f1ac0e01390ac59aaf84c44a51,scam,100
0x000a6062c17fc59ff7ff5179e4873f09e6df0000,scam,100
0x00005d0c9ac39db0798f6ca947202e5f55a10000,scam,100
0xba9d726d9831b163cf20fd9c6c597121d9a7d433,scam,100
0xed3f9766c191657ef376abb5418e81550a73eb1f,scam,100
0x43dc4ae5466e8c9be82d75477efa3cbaff5865b4,scam,100
0x35009dcdeb4711306ac1f14ccadc025f74ed3959,scam,100
0x93668c02fa17d0c3e2de08fc89cad4fde0d25fcd,scam,100
0x710cd1d982a9e7d1fe57e534cfbfc53fbf356d10,scam,100
0xa21e392060480f09b73191d89cb02fa0a360d260,scam,100
0xc3f551c794f9b2af3a1efccfdbd4fa112a14bfef,scam,100
0x813af92f8a1415c8dfe4e94ac0567a802c1f1b46,scam,100
0xbd9308aa9ab8e564dc964589d64fa6fb6e897751,scam,100
0xe0607a3938a73992d61cae1a4ea8b6dcfb9472cc,scam,100
0x00003e34f672177ce375af93785f53bbd5142e90,scam,100
0xd01c6036e2a832fd3ce566b8e2f934f8c60e53c2,scam,100
0x86a013facb3dd6f6a371559f0f37a8d683643a41,scam,100
0x5c327005823406875fef11df769613cbcaa54f10,scam,100
0x28c01a5340e5600581467227a431096839589fb8,scam,100
0x26538ce2b878b022e728fab851ed8beb1eac382f,scam,100
0x144335b6c0ce0b67226150268264d2b88bff5cc0,scam,100
0x7fbd0de5b62429687c04458f17eac469089f75c7,scam,100
0x68a94ced96b5662d088ac5de35768df987e57130,scam,100
0x0209889b7a36163a0a3db11978f3fe4ecdec5eb1,scam,100
0x21db6de49ea397049469e16740894bed61d27a1c,scam,100
0x867cd4124708fb7d097658e3d1af8d456530b970,scam,100
0x74067b98eb2f6e5ca5b0a55dbb25cea04086cfc3,scam,100
0x000a703b3b09b0730dade51b9113d17b7ab10000,scam,100
0xf9408a711c21dcec148823c1e30364795622d942,scam,100
0xfd7a6ffe87372cc71680219ac5a5f2dffd609f6f,scam,100
0x60d12d2f360de2bbc404164933005156dbc590fc,scam,100
0x2d0d4214dac7424253b667d1531a1e8a369b6d03,scam,100
0x088b11adb3fe9c7142e6d2944ffdc9e78c09d833,scam,100
0x184b660ac3aa80037132df456a55f37e2d3fbf68,scam,100
0xe840fef2ed77504b96b5bbcf4dcd577f381daffd,scam,100
0x6da87a0fbba4f949519786f7ce42b8b331f19035,scam,100
0xf318de50705639dd9784835e0b5d7a600d568834,scam,100
0x6c7b205967459f258309eb853921afe8fcdecf15,scam,100
0x73d335866d6437863f71a3f41f39460221e77560,scam,100
0x99e2625bdeb4fea128aa9b34f1ccb27cc0d62a7c,scam,100
0xc0b932c1837a4d2f56438459c7952bedd2ef74c6,scam,100
0xc443033dd19c470f46a7e96d9dccdcacf9d80700,scam,100
0x7bce5344995ed76b10905285f14866d79cb7d8ee,scam,100
0x04d273de03ba46e8b798951a6a466fd04e639114,scam,100
0x2dc3d8fde162cf5eddda7ed1326e9e06468a4ec0,scam,100
0x41cfe951ff2695fa20a21e9a3617bd24585c75e6,scam,100
0x2beb5c5b5e39da712b5bf0eec7a57e8ae629bf8d,scam,100
0x0001efcc64bdbcee3db071f42f1a5072965f0000,scam,100
0x8a7747e04679a14ad38aade50ed8cbb49ef09999,scam,100
0x0002865fa8644e0dde3fd5374acc7f68bb370000,scam,100
0x30a1be4c79a9674d561eff005b095765fe6a1f33,scam,100
0x499718188aca7bc80182d5c25bafe8a3bc4764c4,scam,100
0x5a734556809124ab5ed07344aa8c0114a7554dbd,scam,100
0x9430c3017e7cab186871b473d02c3d4814b39c99,scam,100
0xa1ca989871323ec1e0df234f8b81ee8389776eb8,scam,100
0x5187726085828f732f89dd0c28072d18522abb5b,scam,100
0x1731c354c65529ea627d7e68b80ec3c3070fe9fa,scam,100
0x02fc09e5b10480250a49bf86776f5997d93a4f79,scam,100
0xe7671cbd52992cbf24f4bd3adaca31b97cf1608d,scam,100
0xf522fe2f0e786c4206a6b4312f112dbc55bebe79,scam,100
0x55186046e1e33ec70dc21cd47a2f5b9d353af1f6,scam,100
0x44eb8273dff6620fde4e5ae9ee6ede53bd1ae8be,scam,100
0xbe8d7c46dbc772af4d24bb7457587ec09171803d,scam,100
0x000e13ca7776cfaa7af2ee8a9ef89a6f01155000,scam,100
0x05d987db5fc406bfabb8485fabc48775215cc626,scam,100
0x9fe994c0847b2642f860b80c1089db96930985fd,scam,100
0xad5994765509b4347f3e77f01667e9f77467cff7,scam,100
0xa43890f24aef8c60928253945f04479493e29bcf,scam,100
0x854402534559e38666ff43225c9968b71a98b6c5,scam,100
0xc3ce906703ecd1ae84cc24f1dff5cebf8c2462ba,scam,100
0x99db8f1c3e7713db0756f8a55f91b8ebd7006421,scam,100
0xfa1ebe1e125cf84b17ca9df872cfc29aa6f4964a,scam,100
0x89bcc65889cf8dc3b7e508e4e1eead25dcb6583e,scam,100
0xce846169145904fc4e646f9ac89e37435b51a57f,scam,100
0x8611a984bbbe7cb07107901407be6bb15bb9ad1d,scam,100
0x4a440f518f9ce50d908f107d6dccf789927d8c32,scam,100
0xb8d263778daa72559caf22444ed477bde592a8b6,scam,100
0x2f03b9f8289b4736988dcc6a4ed6c2c48d48dffb,scam,100
0x6a97f2f78efa2f15fbc73a9f59cdfb1ceaae30ac,scam,100
0x44bfc384bc7439c6b1ecc67c79cf779572a5fb7c,scam,100
0xd5efeed9a64265c4b5f6d6a06b8714923c68c322,scam,100
0x9bfe3728db8f9888eb38091333d2f5356bed06c6,scam,100
0x1cb4bc48a9a0101370929b20211024f7961d819f,scam,100
0xb44be502f7948ae709465ba8e5d3d01a67f5be1a,scam,100
0x36d8d14f768ceb3c63ea4c508d393232fb75eff4,scam,100
0x89ef0fe9f8d3b28d07a6feb99814ae5204d8df19,scam,100
0x1886e461e62d24bf336604c2a8267de7408a849b,scam,100
0x000008a68d2f43dd0c5958067735cd876f1a4d1c,scam,100
0x895fcd38a216832d1a57773f6ba366046f642416,scam,100
0x5322e0f2c2638343b1cad82638c9dd7c26354595,scam,100
0xff2e82129528138f0b333d053354714fc82cf55f,scam,100
0x000deb055a289e7e60dc7e4c391a25f2fb044000,scam,100
0xa691240845331b8b6855064f670d85038d1d4830,scam,100
0xa955fd60a3a345250988572f2f88bff432765170,scam,100
0x861586407648f2b14bea053ad4379a8a8a12a7ef,scam,100
0x00da2b44b06bf7fc235ece591c04f4daa3abc3b1,scam,100
0x0794ebc80b1b8ebd8dd8503c2d3fd752f4e9c080,scam,100
0x000fe3b32430f8a493bbf78ea02907a47dc30000,scam,100
0x2d964ca714ee9ff31c0e1cac97c335d4f8f283d4,scam,100
0x82a0a0d854bff8641472d116825044ad13cf3daf,scam,100
0xf53d83aa7ff9d26d686dd9d0e56d30ae65c54d61,scam,100
0x4c10a462cd1e639da8a062ae8a33a23401120ab1,scam,100
0x977143ba90c9bd43e5fea6f6b801993463858d43,scam,100
0x1b84d746d09dc8267c1ebddce5be0c426228516f,scam,100
0xcacf918ce680dddac7655a440b95e85955302b9a,scam,100
0xea0ead526ea8e291a906d0085c4c89d20074d3e4,scam,100
0x02f9e09504c72f55796d779ee95fae6a972cdd3b,scam,100
0x30bdbedee3ade2452dacaf3b52de480614bcefcb,scam,100
0x96b60389d016c00b500eccd85b5024feb30a6763,scam,100
0x0ae685bbf593f6f1aea8d32033cecf94051d6e8d,scam,100
0x11ad308ead5486c3bacc4ecc7ec4dbec4958162f,scam,100
0x8e2cf0d0b36f8933815b45ce6998ac7d0c020191,scam,100
0xb84b026e13d6f18f6e59dbd90c34a112ac0d608a,scam,100
0x2baf7f2e4251cdbd402a9fa1a092156ea17819a9,scam,100
0x521045d22ec8adf90f35b8de9b5000905ba3c027,scam,100
0xd13797007bae65320c78f4ae92f5f595769d441f,scam,100
0x2ed12fb3146cd2eac390ea73acc83f80d6020b03,scam,100
0x30ed9c7b70c35b7c75ce8fceef7c88cdfe21deb5,scam,100
0x5b14f58c33da0477da3cab4b4a54286d1abd5042,scam,100
0x000aaa7ee31bc4d856b2c372f235e1cf17369000,scam,100
0x00001f78189be22c3498cff1b8e02272c3220000,scam,100
0xc12ba780e5338cc010566150acf9554e0dd271ae,scam,100
0x00002b3becfc9499f271aa81201138afefe6bb00,scam,100
0xc2a3469ada7f2032c878979bdf2898417068567d,scam,100
0x3c9f8719553e5689285b989091f44f2de5f46f3c,scam,100
0x38962f6d24d334d025282655109c38a76b930f02,scam,100
0x921466989037c7697ce7e0f173eae7e285520394,scam,100
0x442fba69b995867981357adbb5e853ca1c0d4bc4,scam,100
0x68adeec1ad223ac71a36ed9a2d2a0ade7ccb1ef7,scam,100
0xc0f776d93814d8f8409b359597bf30e7d0636a16,scam,100
0x966ca5cccc1dddeb32921b68e3992596c34daf73,scam,100
0x15b4902c22efc153899baa95b5f35a8771515ef2,scam,100
0x88593860ebce9733b475ce02957e57ea6cc45ac6,scam,100
0xc91f3b858bcc316c96426d0f390df70aa5bee39b,scam,100
0x53bf9d8b133f6ce04fd992ecf4b222dbd69bfc2f,scam,100
0x964ec7472319243893afca9f8e02d6e15bc2d21d,scam,100
0x703d371c0413223f77bae1f2aa01248cb8f8515e,scam,100
0xd998ebfcc64ffdce1ba9630285aebecd3bfae413,scam,100
0x4dd6a48ef6f5d92c408b9084815474e560943a8b,scam,100
0x896d4525d875ccdf0ca9ffde2849fb57ff57abb3,scam,100
0x0117646fc1e34b908aaa08b4a5ac629224210735,scam,100
0xdc5789598bae0103f6cab6c97ec2f28bf3562d31,scam,100
0x5aaa4b5bf9c2e6c194c1155b33ef7a4d257625b7,scam,100
0xc70f849e0c4fb364a853a1853b6885217033a939,scam,100
0xfe47e06fa38bb6ecb8d1eee65c932e851c0d6194,scam,100
0xa2c4163e71a75f2e3c9de2aed988f8131d41bb03,scam,100
0x000a33d97105f988434272f1bf172b358990f000,scam,100
0x6b83e76c6a9105f6e76bbed6841103d62003a8de,scam,100
0x58c2477cb097dc3fab075f1263d7c92540eddfdc,scam,100
0x000b35775668bed2c33e5b416b6316a8be5f0000,scam,100
0xd95889bc28bf3440f34a7e0610e7371247935b09,scam,100
0x2c27bf34b9320606cf4b57b65cd58af3390695ce,scam,100
0xb9e4848c6ac35bb0bf856cbc163aa07588584c4d,scam,100
0x4b1c780947bf727899e85bfecb2d808fb27b9451,scam,100
0x623bef9c6b65d0099e4e163e59d2fff2571afdcf,scam,100
0x91d8f341e80985af53a7675d1c4451504d17b275,scam,100
0xc26641e440088183916580b3b7fb3d09bf8a31fe,scam,100
0xbe38aa996fee71df17c5c1bd5a8c14c103bb0d81,scam,100
0x4b2d0d87417b4916091d65e7da8bae9ddd80fed2,scam,100
0x88902035f0fd9e7b671be03db5583e3d1f68c215,scam,100
0x4c5d1c4f682bacc23143bc9e528982471e2e70ef,scam,100
0xd92951fa1eb41e3956e99752064b66908e683e2c,scam,100
0x6344da0f1cac9256bc13712d7665e40109c1af47,scam,100
0xa2af4e97c9cc7cc3594b2a865a927946fad30126,scam,100
0x493f1e3a869c5c559e01ce183417e7575bae3b90,scam,100
0xa84fabdfaaf3a7cc9c81ccc84922bac84998d783,scam,100
0x04c7d61d7c01a685378848d57fb13904aa80143c,scam,100
0x9ef28e7a16f94c95c44906d8f1bd603f931e82ab,scam,100
0x3783a3683fbdbf3c129310e24d0962ce98314f8f,scam,100
0x0000d8f49cfe1a9974d2e5d3d6330f887ac30000,scam,100
0xead4a700245bb9498d17834e49a2f11125aefe78,scam,100
0xb188faf74746822e08c11f8a5a98dc6d21edcf27,scam,100
0xb96629f7ee409d67e3f58bd30a846734cd808bac,scam,100
0x463ee1be94da594c9bee53f6c17f7c9536d537ea,scam,100
0x8ba23de8eafd043947d0d822775c1299ef79550d,scam,100
0xdc726d4394b1918323caeed8c12d64c049634758,scam,100
0xdf4d1235d7e11807413f7bd7997a5bed5d24c49b,scam,100
0xc293e3daafaec41af43a7e7a60a537d9e1eb6390,scam,100
0x246cede4d3bb1aed83fa3a82a3fd5dc0b7e1af3d,scam,100
0xb0cf4ac72424849694e564103a00fca02c2b7ea8,scam,100
0xfc254efdf68d0fb77bd06ae8d10cf70d9a3c1867,scam,100
0x694930b4e93b370176edfbbc04da7dc3657b089f,scam,100
0x5a0dbfbdebf88c6500f23fff0a612cb1277a7b40,scam,100
0x4e9885c13e7e4b71ca3d80973e73e23ba68ed6bc,scam,100
0x132ee5ddf9e93b19000ff2d500179e4723054be8,scam,100
0xd120bc52d73a0f75320be40f23c762b3725e231b,scam,100
0x8822117f19bc7cbe82f308499f2db9e62cb60e51,scam,100
0x382db28647a73836b73f9bc1634d163ab8cac7a5,scam,100
0x9942ae714fd60d3d5336686c470923104740699d,scam,100
0xc52943e232cd686265c96083ec76b9db4eee5002,scam,100
0x0dc283476228ccefa2129718db45179683c0a7da,scam,100
0xe42e42eb06266d2fab1b8e539792efe26a4c3c2d,scam,100
0xfa1cebe7d6924005a592a1e44dac78e88ae05113,scam,100
0x22af344920a302ae1edfc8bfd10a44d395723e46,scam,100
0xdbe5bfab65294149e596694a71939e6a7e349cd8,scam,100
0x6b767b688ea87c94708291ef79137029e829cd71,scam,100
0x43a28e7fe21cfe00b4cbfc8210ecdd5cd01088b2,scam,100
0xb39cfa19e8b6a51e09bc42ea441be1b52b6254b4,scam,100
0x0c37ce6cbb2c9462c609974a4e9c3dcd9c679f31,scam,100
0x8d8ba23085d156130640cfe8ce69686d6e084a41,scam,100
0x84866fd19256f229f748e31198280a004e7eb4aa,scam,100
0x7edad2889f85fc2ae9332e86cfd16f11146f0934,scam,100
0xc45a2b457baea9bd7f24c63d6e52b876b3221d87,scam,100
0xc1f2b642a0b07271f4b735d088f672930c28ca11,scam,100
0x6d643a0fc91a5429ed0746618b1d93d49f38a00f,scam,100
0xb14d1f5015e4907171fa3d5b1e2ff426ae940d3d,scam,100
0x56a2ba8e5b2189c4bae9142175298ee4b7114738,scam,100
0x1f4b46d095e6b4516fb5f66e6159c74609e74e9f,scam,100
0x5408ac9dd8f775e42820704eb352377f36395208,scam,100
0xe8c8b0285a0b1db01d584984df9cd378335a5ca7,scam,100
0xa9946fb050b5076423416769005e8352eb2f71e1,scam,100
0x7a9ea59f3d2f058f0bd0e551db66278a5b4bcd58,scam,100
0x1ecc09cc321f14b901143ee2ea8bb8f5c992346a,scam,100
0x9b21eff8061e5994f39142951e3ffe3e4db014e8,scam,100
0x0a89a1d6674565bffdd776156930061aebc05a3d,scam,100
0x5757fd8ef5248b7f427bea5fca0c31164715fa42,scam,100
0x91efa65500e0277098a85bd2c4ce7093d9ca89c0,scam,100
0xc48b128fe0f98adc265949bddd39944cf6baab98,scam,100
0x37d0127960ba6cd04d1db008316ef6f410b9fb61,scam,100
0x40ad11c98e430f96e17d63eff141aa2a967005e0,scam,100
0x68f9b323b600796d50b5f95af07bf988c965b946,scam,100
0xbca7af384bc384f86d78e37516537b3fecb86bbc,scam,100
0x70522e99a0852d4218d14ba460aa223a16f5e242,scam,100
0xdb98eafb04718aa02cc53d758d136b6a7b26405f,scam,100
0x2aa1b5abd060c5ec1078cc201fa168f41c12e6db,scam,100
0xfd17816c81d27f073c9185b3bfae7f850310903f,scam,100
0xceef23a5b2b95a289bf4152a40e792a695596656,scam,100
0x824284ab23ed8b55b1a0c9b401400e459c14584a,scam,100
0x71141178bb0a647f4c3236f1faf23d79d4966c7f,scam,100
0x41bfcfe373c3c1e33585adf1326bb4f409a2532e,scam,100
0x89cc25852af977376c7021cd8ddd7764bc028707,scam,100
0x56e6ad794b644eb6a8862b20bd477a92452ea515,scam,100
0x91a447507bd5636024393b4d0b8456ea6b4ec047,scam,100
0x9070f72ea2402aca57f8252182e2e95e7c749551,scam,100
0x17d45579bf8cb524bb61dc8949625ce2591c3b66,scam,100
0x3a05a5fe107500c26d550d2420249afee98b1b54,scam,100
0xdcc7405fd6be09886de55087b07b0f361f77c87a,scam,100
0x640bfe98ee0799b892486ef916ed2e07efffc27c,scam,100
0x13d603565457035e8b5f29f1b67d2c136c29061d,scam,100
0x541e8d7d97fbdc745d62f4ffeb26aa8ed67371c1,scam,100
0x90ec8a29e113765dc70a23fd8827fb707fe7d341,scam,100
0xd5cbc5fc254585a4bbc1e195fa86afe43ed0ed21,scam,100
0xd9ed23ce3848ed47e47a06d8a3ac9279cd1902d4,scam,100
0xe358ee47699f03dadc4ceed89cb10be6609a1344,scam,100
0x00008f1149168c1d2fa1eba1ad3e9cd644510000,scam,100
0xae8e296e23c1903c7e1b6066698d2b937475c278,scam,100
0x0ffc6712be911a29d2fcedab00901b7c871d29bc,scam,100
0x83ffc404d66e005cc91aecda44eb12a0da814153,scam,100
0xfe15154223fdfc43bb1589178d8f9f7a2930fd52,scam,100
0x97dbbca2213607ac880a05f2481c994a387cbee6,scam,100
0x490e54c9ca7cf289a75352e25fb36193effd414c,scam,100
0x0246735079de765a97b49adf9c11cb29cf835ae1,scam,100
0xb0a7403f8c767e1896352438aecf3a6a3555317d,scam,100
0xdb37a36b16214b500b1836243e7880cff7b76b7c,scam,100
0x0000f3b15fce720cc6d0bc915e06bc753ea30000,scam,100
0x00003ec25cb13f3f5f991d2f49c15f0763a40000,scam,100
0x8c1ea8fc7dd94df08d60ad12dfd11f9150c21a91,scam,100
0x11fd01874ba95525aed1f54565e6fde3881bfd61,scam,100
0xb96d7b8c2a807470f8bc9c458bee8f4f1da2c0e7,scam,100
0x0000663d2684d2dc1c13e5b129c5ae9f38630000,scam,100
0xf4876c7b6f4a5d50b7f3b8bce8df19c5ec505dbf,scam,100
0x7703b35b27a649b3ebd6f0eb93952e36ecc58909,scam,100
0x805b83851831e3cd386c7fe26f2c551b1eb45573,scam,100
0x1772866bf6ad90a5c6bcce7fabe8058c8994ed0f,scam,100
0x0c881af3d8f2b2ba4d53fcbb4f2c32a9808a4330,scam,100
0x80623bff7d45e8f6569010072c7e8c8fb4330d76,scam,100
0x77258f7dc171e666e9714376124447b0bae71c64,scam,100
0x33f4eb422c4f184cdf1d0501915406adad7f616b,scam,100
0x6a1719546014f0390905c33779d4c1d173fb7578,scam,100
0xb329321564c16c74f8df3223ef8c90421d25256f,scam,100
0xa672c1c1862ae9e96934ad961b7a3a6b2cacaac2,scam,100
0xdf6f7de40c9b8614eb080260aa658fb99adc8916,scam,100
0x2c4e0b3e37c6e46304589fdc29b256e6931feea5,scam,100
0xefb254aaf01c81c35f41a7beab0193d4f603c556,scam,100
0x597f19c863d8640acda43e5b9c024a5e55724e70,scam,100
0x4b5a6589d05bf77759266a562aebb5521c7e5046,scam,100
0xe55623dcea31d5f7bdc352dd1f10cffeaa8d4f6f,scam,100
0x38d557348c80d95fdae5945b268dc1585d66685e,scam,100
0xcdb7889422b2303fef8bed8ee0882aaa35f0a844,scam,100
0x675a1043007eb09d959fef1f229186d0280a1543,scam,100
0xfe7978fadab0393319fe6c9947b1765a6a59a6c3,scam,100
0x1573813332a5bef2d59107e2228f972ff6a52983,scam,100
0x0e7619cccfa3e181898e3b885a2527968953cf4b,scam,100
0x5bef9062a8c8c45ca2cdf01d75c8a523458fe989,scam,100
0xb972553b2674707b412d0143b711fcaa9f36bb07,scam,100
0x0e2bd0bf9022c5b3994e472333862a8c80a0ffdd,scam,100
0xac31d018526068951267a7068a9aa0b4593e8023,scam,100
0xd9da38c311f0425bc104a0c8fef2a2e24deeb13e,scam,100
0x35f6cc795c6047f915ce37197f8de7681f33e555,scam,100
0x0000990a8aca316c931d426e3ac44fa1aae3e995,scam,100
0x00007ab40a96859f7f329bcb280b17a4f41e0000,scam,100
0xd31f1b528d39b320871be5bbd8bae20c888244f2,scam,100
0xc1f82c55f925f574369cf33e856dc60314666dde,scam,100
0x555653221996e0b394e6bd32fe828128510f5636,scam,100
0x24597571b8ae3824bddd4f97ec57a18729e03da6,scam,100
0xe3e35311c808b73a2502a279d175643673be385e,scam,100
0xe8c5d3243b5c9677583049aedb223b4f73b7c10c,scam,100
0xaca2266f43b5bf10bd566004a0d26d564bb017a9,scam,100
0xad9b414344b89fe52007234230eb4026aa38f949,scam,100
0x3e2c915c66470472e69e2a629ce4d177c2a4d081,scam,100
0x8b8d8019b2d51f397aa3756c1382f9b8adc57175,scam,100
0x73c5b15cd1c4099a21a714106d36bcb7b8a9ce84,scam,100
0xe5cd1e341ab501e3f0115b52beac941cadc7dce6,scam,100
0x542b18a5c862c02647912ca7347d365577f4f3b2,scam,100
0x8620d40610ea1a55e974daa60416fea5fe699d78,scam,100
0x8a5e690f38bf904b3d59df22821ea6256a9ddc32,scam,100
0xe56794d73d666de2956d6d5720935f5c4372eeb9,scam,100
0x0afe27ed18f96b3d0b136f6f732d5b454faabaf9,scam,100
0xd24cc484003bfbabf5fefef5daa869b137f61fe9,scam,100
0x1cb0af978c760d3a410aa5f00844be9db47ee049,scam,100
0x22eebd01e9d9a7d2bcd0a6a7ce2710e433f96ab0,scam,100
0x8122d07b4d21f4c3ab196625d15cb90ff300b958,scam,100
0x0000985ef6f633cc6cee66311b995beae3440000,scam,100
0x3900e1260181525236d2aea70894ff21e8f6d1c9,scam,100
0xf994c143002388e11e9c939b8456dce9de68a656,scam,100
0xa7156b07cf9fb58ac09621bd2acbbf874b8f3952,scam,100
0xbc9557617860e5f3601582fbe65139119c0744e6,scam,100
0xd7ac12b479c4f3e62d9e8c713626cbb976cb110d,scam,100
0x06d79a07c72783c5462614f4d95416634fa1cbc4,scam,100
0x17d5e51a4270f98c81593989b23b3c9108bf2fcb,scam,100
0x23d028f071faa91f16d04deb4a89a2ca49db4e50,scam,100
0xfd36b5c4a52a85de1dd4711d4356b940d31e936f,scam,100
0xfdcbae1bfee5de08554d4abc298858d709d849bc,scam,100
0xc0cefead8981939d223ce27f1e2c764aa575db76,scam,100
0xef9d7a881e8d59db44f77181703636f7a21a5668,scam,100
0xe12d30b77c5bcf56ffb072a73058ae20dd2612be,scam,100
0x4d7059ae877ce36c82f523d2d5fee0f1dbf9de0c,scam,100
0x000006d683610e61ad9ee4b487fae3904b392b9e,scam,100
0x20416dbb736d78b4c73b8272d408928431f7fc17,scam,100
0x9ad0d6968f335a5c04900ef5121cfe86164ea121,scam,100
0xb8e05443d4ab6e6bda34d7a8fa483a0a1cf60ccf,scam,100
0x76b1baa42069b734073f8308539ec38186ab230d,scam,100
0x1992c7cc9c64602534cb285a2d7bc0e858d60f40,scam,100
0xbe2105d8e72b70dcbcb5b81696abced1f3ac06fc,scam,100
0x62acd4598940ba8d520510fdc4253b1257caa9be,scam,100
0x9eafd4096c93aaa42ca6c24cfe5d9bfa9dabe719,scam,100
0xecde12419524c2a834c0fb8bbd70fecbb2999385,scam,100
0x106df0524aa9707e0dd7d2eaec0f94db05bd6bd2,scam,100
0x94bea9ac7f8459e4230563d1e77fc883da206117,scam,100
0xd4eef30348d31abf2d8d40eef505c2a5cdc50160,scam,100
0xe13fdc319237695dbb357fa6d71b5f612efa193f,scam,100
0x6459661231d38538a2296fa14105d3adc6532f31,scam,100
0x0b9480925418e618bb8f92db7945a2b3b0165802,scam,100
0xbe0af605bde1f97723d3e5a499100363f97f00db,scam,100
0x31cdb2d06de68ab26e9ff31a30405f3ff68e00ba,scam,100
0x21189d46eb8a64b20bbf3c43800c82eaae2d8050,scam,100
0x7656e792212e38c2049f98714388f994b3787663,scam,100
0x0e243df285a3fa69feea1f3c2d9feb71b9f54009,scam,100
0x27fb936de36c9d226ac32314dca4c354fa794a36,scam,100
0x631961e37e2b587ad9296cfd16323df4652581ff,scam,100
0xf705fc8ae9ea7d03d19e14758ba0c744796227f8,scam,100
0xb6df76e0cc714dfd3e4d5b518d7f40c1f8dcc918,scam,100
0x657945a02d334226f9560f8e6d3a8f181c1b9bff,scam,100
0x534a66fa52a74de9344b94373c798c8ca7f47ed8,scam,100
0xb6271b648ed13c775b4765081171beba5182a439,scam,100
0xaa642b98788ed0e7c83022c99b47abcd1db803a4,scam,100
0x3cb91f6d0d14a6603cd0bcf867df6ccc1821adb8,scam,100
0x16c975250971d13f6af564608317a1a4426aae38,scam,100
0x539843c5f431b370093a49712cb2d0c9a046ed2e,scam,100
0x88695c8b4ffdff729942437189780728d1343877,scam,100
0xdb4e0ffe53374470b3d5c2e559a7707cf7c492ed,scam,100
0x931182e447f0da2f915c5e024c0d8feb9c47bbe3,scam,100
0x6d940ac9aa2689eb3deeeaa11f2bf146df83ceb9,scam,100
0x623b8d88278bb7be6fc3e90e71e3dd4bad6b9771,scam,100
0xbc4b89f8fe70328bafe3a3c03cb97056e6869eff,scam,100
0x764d586c28913effefffb8a24fea32e8724b4df0,scam,100
0x81a634ac3427007ebfdbc24620a7ca82724c0fe4,scam,100
0xa93ab76cb9e05ab53054a06936313a097efdf2df,scam,100
0x5095107f90c83a8a1ce5de1a64301723203eb4d4,scam,100
0xc4eeb9157fb4e50f64b964dccf9ca1d6b8545a2b,scam,100
0x0321e4c72a770906db882962b755a3cccc37906c,scam,100
0x4ef037081d8adc9907b6a304b1ed38c1929be2b8,scam,100
0x91eb084cb3c6932ee1b60a741d2301e43b0cb6a5,scam,100
0x68c511153fa90d87c98f96d1431bae7c1ce6e90c,scam,100
0xb6ef4f42cb0877a504293b288a4b6407c9bf5ae6,scam,100
0xfb1684fb03b98ed117516a461add3e216c1a2f5b,scam,100
0xeed4088cc77555908f51fee427211d6cb7dd6e2b,scam,100
0x1eed7f82b33cf731ae6ab00a8532a43227856b41,scam,100
0x611bc1138c4bf87bb7e487be93b6be35254d18d0,scam,100
0xedb75c32b1cffa42743a22218aa0476fcbbf5486,scam,100
0xcd684ab735835f5886bbc075369b5b3ad1b9c0f1,scam,100
0x41c846bab28f32dc12e6ed721b80b524d3810f36,scam,100
0x8c219072181b92d040c017b31f0ed4a11c363314,scam,100
0x0ee6b037ac4f526f9a47936c4cafc52037ad0fb4,scam,100
0xea59d61040dc83c0688fc2eabe3538085eabb31b,scam,100
0x22ba4c9911ff8a34668f6f2df220926116138c38,scam,100
0x1d2de19ad4d609116923dd8b2a1d85d34f1d031e,scam,100
0x616df95d03a68cf42f7f8290af7c75ad28c00e22,scam,100
0xa98c09debbfbd49c126dfc6a8192a01b00e10b7a,scam,100
0x14c5c13d4edaffd193c1a01eab004e51e6249ff7,scam,100
0x1316da9d3cf73b9bbed97dc9ced853f6c12e8a8b,scam,100
0x4f5a62e83f16a50149aea95249a61cd3c23c17eb,scam,100
0x8c28405836057d58c39d5665d2138f91c0132c92,scam,100
0x68bd6076f8af20f669c58b4422b20b6dbb2766ae,scam,100
0x23b88061b4c3e3e2fcea4dab1729a50e6617c123,scam,100
0x0e2c6f2d2345689d871a3b55b5e45903eab87418,scam,100
0xc34a06ba78bf7ff9c2574feea6897669399de747,scam,100
0x1f2680b5b1afd971d77942ddd5e7e72efb7f168d,scam,100
0x96a29239a64ea58c224ff6f46ac31f8c7f886775,scam,100
0x19feba1e961779579f3b945c79d7a9b7ea3dc1a7,scam,100
0x4b5c16cc27371221254171cc6dac25f8e52306d2,scam,100
0xd56021870ae23435db27c196f96d13d608edcd05,scam,100
0x218d1e63cf6f7dbe8acaf88375897cbf4f3ca39e,scam,100
0x9715a647767bd5f904a7c4d75941dea8cda95223,scam,100
0x719f289c405c28ef8bde2657952367e49506f04c,scam,100
0xe0b7f31f10d9b0572fb60e2fe37d8a6a493aab6b,scam,100
0x699949d35b453b49c14bcc249fa5810f6e7545fa,scam,100
0x8c6e4f478dce6500129343a37055f078c66acb52,scam,100
0x4ae6ad76bb15079f581223a3462c4f38ac2658a1,scam,100
0x5935d743402a2a766cc556ba5039c44d7996159f,scam,100
0x0344aa5d39b4746b3f1c8eb327baa175b5911d1e,scam,100
0x2417c276386425466a075c50240933810d347da5,scam,100
0xaacdc49ee145e93d33b9799ad345f994eecc6662,scam,100
0x2b09b640c4722597d071bd5f7296511324826190,scam,100
0x28d8f1379125a6240768b14757c09c8824356527,scam,100
0x52837cb3b337be6ee968119e7e939b1bf21778fa,scam,100
0x9beba61cc0ac6bf85122dd070cb407c9dcfeec57,scam,100
0x5d1d8eb04ec907e7bbb30975d852977ba648c559,scam,100
0xe00b37127c711010e26249d141190ea3f3bc7d48,scam,100
0x749e2e257a5ba4d122eab3b4d286922a61efb3e7,scam,100
0x6c68cf923201e18029ace7e52c71b1bc91996da8,scam,100
0xca3b50eb1fa334b53a6bb3a604a792f21920acf5,scam,100
0x148cdd291dfc41a9082625aaa32cc01463100e76,scam,100
0x38f4bd345108c65f39f42c34d7f29884239e8cdf,scam,100
0x83a6773f9a0a9e3a1afd2caa3ef1e25a8c4f43a6,scam,100
0x76ef0c1ad48a677b844ed8fa7e345a2abfa812f6,scam,100
0xbc288eae3cfaee326a367dcbcba5eca3dde4b515,scam,100
0x5007046dc030b8ac69dae4aab2778e4d5316ec15,scam,100
0x81312d3e749336053f74eced8d29670b20d13a73,scam,100
0xa822cbd2380ada43f98bea515f350216cdcdcecf,scam,100
0x5950854c11acaa2954ffed50de7fbe5434208503,scam,100
0x61d9a39d56fbace4ddf26a738325ac046cf12652,scam,100
0x532143bd4d55856ecf4866fa9f882342e4fa920b,scam,100
0x6ced525aea1f3589c06466de3bf537d80bff0c30,scam,100
0xec176199f3d33ef82e6d96fa9ee61820343bb4e7,scam,100
0x6f185f478cac1c29f4b53e09776e149c662d15fc,scam,100
0x666b72edd5baee2c939436241441d8210e254158,scam,100
0xd14e0972b774f6956ceb46eb32b7772c8551d6be,scam,100
0x3cfe129cb3e390ba437b64e2ab2e734a3c2546a9,scam,100
0xa70e998c2cdb01deb6b3447e54838ea5c3e4392e,scam,100
0xc035b4cdd56819068ae241908f146ade8601c757,scam,100
0x68baa34a07eb045beee0b32f70a84e9fa71ad669,scam,100
0x985c8871c364fb232d56093dca343adaf0d7cbc8,scam,100
0x20383cf611998ea0e6ce1c7a111ec104a0c557e8,scam,100
0xdb789fd1d874544f5def146073bd70b830ab2230,scam,100
0x572d53782c7a1d0e11f5ca6c759360be0f058b85,scam,100
0x9e4630d744b45e0c56fb57c731f87e321f8843fb,scam,100
0x379f983f9edba3a4b5055325467000f26df6cc43,scam,100
0xd3d6de64e9e14581ecd8051cdb49b1c6ec1f4ad7,scam,100
0x6e16eaab989b7951ec46d06b006fcba40b8b6dbf,scam,100
0x48f262f64edee8243a2a69b4853695cd96be11a9,scam,100
0x2c7a7192d7d56ac49ef885e5913225fc85a4644d,scam,100
0xc0a384a65e26ecafe0b37b2917e43862b04216b9,scam,100
0xf3bf9132105eb5ca27e2c5a59fdfcdb6866b4221,scam,100
0xdf86b09ac88bf718d8180f661c82d031c105670f,scam,100
0x75b6ce0384bc77bc034561525891a5b98d650f6a,scam,100
0x97cc39e70e7e1635ee4f34f8e8c30883db19eb28,scam,100
0x4df1cd71e1be0c74707058b2e084cd90016f6188,scam,100
0x0e188570adbe7fb6e9483152d9daa181b1d6fd54,scam,100
0xfe106015594ce8928dff87c4c96dea0865df42b5,scam,100
0x9a4c7c25ba6b0cfe2c202706c4408ad3a71b6f2f,scam,100
0xfd3b524744a39787aa7b94bf8dc9ad089bfd0e77,scam,100
0x026c16f1c9e079621f427d30e4a6ef4500ae1d18,scam,100
0x1d82a4b90304592427eefac4a375c1ec4abd55db,scam,100
0xa0b4c948cb684919776563a6afc3aa174db2fd51,scam,100
0xb8ad69d9a9b9b65b90c50d55ca62ac000671dd8b,scam,100
0x5919b286ad1f7fef85d539c9b02152f4084add93,scam,100
0x7b6a4c1e89cce0ee21970efa9ef72148a3f177bf,scam,100
0x983e1f9a157ae4e780c3f0bead92e45e81996c7a,scam,100
0xe0105f89dd139a0339f84838558a96d449b51ecc,scam,100
0xb2e9cad00ef220930aabcc4a039e2dc4177c09e1,scam,100
0x8138dd7d6a8818e77a0e5ab4c70d09304aa5f4cc,scam,100
0x010fe691f0e12248e71f6e8c96043fe334cfaa54,scam,100
0x6c689542c8d434f7500f5623279872b260bfa8c8,scam,100
0x401b88454094731e7d10a8ebace5f3ed07ab3ebf,scam,100
0xab6b078602b2fe48e3d5501a2f74b7e605ae86c6,scam,100
0xc63c55b472fe15b7f580097086753a380e40cdd8,scam,100
0x9ee8402c84a63f94e6901c6fe2d09187a3285706,scam,100
0xe33fcf1ca636ac28550b47a64b13bb29364c20d2,scam,100
0x2db79ce83bf7295b9c3010322b168ae61c83bc19,scam,100
0xf69e379d7b82949f1a11819b2daaffcdd98595f3,scam,100
0x4f84d3a5299004c659184d1703de788b73174dd8,scam,100
0x102ab99f51bbffeb936046419cff4d2793e8edae,scam,100
0x0e92c3b88a8c6fbb3374148095308ffcc30fc486,scam,100
0xa2a5ab9928aa332f54655edef30262e9c4a35654,scam,100
0x5a40cb8d93a514699a64066718057b41118b6c01,scam,100
0x3104f72cf187d0acd059a341fc5d1894350ffeea,scam,100
0xb9fd92407ab39fd21e139971ed51e932afe863ab,scam,100
0x01ac0e00ba3c95dec3715be20c3755df92dd6d7d,scam,100
0x85b67c9619da96a412e63a561445ee608c284148,scam,100
0x115d745bf806671862366c1b662b538d49829032,scam,100
0x67880a84e2c63d48f2cae06588049218274a2fa5,scam,100
0x4af1004ef2c3f29cc2bfacf3b1b4a6c204794def,scam,100
0xadc1c4a526fbf5ebe1be5ed77ef0efb203ddbfc6,scam,100
0xdaab778a37763fd5d72e03d41f514d5d9b867474,scam,100
0xcd4d1c5c02a7e6dbaf85bcf504e6b8877cd05a55,scam,100
0x0000c3ace9e31a26ce1870d418cb045d73b30000,scam,100
0xdc51348d5d3a919bab6e20c1908b8d034f3deec3,scam,100
0x950ba4aa9d138f0a5a68661e84835d8ab4c4cfd2,scam,100
0x4fa3a7790ba17fc6cb2e49d74338ecdd920ab25f,scam,100
0xdc4d51d732a7c8e90727eb3628c89ef655a25ec5,scam,100
0x04b00de4860813c4ed64c0cc7b7af57f24e2a972,scam,100
0x0000281be678c6618052fad0ef6a0da24e1b0000,scam,100
0xa9af4652479792ee8cff54bff33033ba890f223f,scam,100
0x61a1434eab6c22e3c1b88aeeba99d31ef40ca65c,scam,100
0x9e282e89b52fc9baca90fb973bc3f5d79e2a018a,scam,100
0x84aaff53f2ecaa1349b6f1b846f524a73023893a,scam,100
0x00002644e79602f056b03235106a9963826d0000,scam,100
0x82563ba592986cb277d67b2e7c56ab3bb3fdd6b8,scam,100
0x7d9ce2627fd6d2bdd59039f7537dfca17a98bd12,scam,100
0x57f5fca4699308be280f2a98d90bd5f39d186691,scam,100
0x9e3dccbc7e08d33e12c195349abca52720712da9,scam,100
0x64cf71225ec98a11577fa19ad78251e994a9dac5,scam,100
0xef236a0600dff3fcb55e1c03401cdd1daf6ff71e,scam,100
0xfe2d3c051234958b4e6bd34e30b5b73e2e5f661f,scam,100
0x059f09b0f3d5fd676bdaa8d42759177a16008925,scam,100
0x80cdb687ed67058fb22bd99c625dd05fe7dada3e,scam,100
0x45c711878ce573a9e285a2fb5fba081ad494abf1,scam,100
0x5fe411b416c3c782ddfe083473d275f7754b64fa,scam,100
0x5576071c0ed2710c912b3846cbc0a5d8d3ab14a4,scam,100
0x55a76bab9e51c27655872278e936c5712522c652,scam,100
0xa6a04d05bb2e5ee42206a76e64dd849780c4ffb3,scam,100
0x47b858cd13a2fb38129fd79412025cc70acd2019,scam,100
0x3d5caa927ebf2c08bd32e350c0d5783334b9800e,scam,100
0x323310c07f12a6dd554057c5745296218af3d5d2,scam,100
0x5b93432e37a9289c9b5ec88dac84f5091bf6a7cb,scam,100
0x16d2efabe69a6ebfbb48888aadfc8db227801942,scam,100
0x00006078d4b475d648e0e7e5979ce76b56580000,scam,100
0xa2b76f1e4ba2558c9536593ad173d73c0ffd64ca,scam,100
0xe9c201331118b497844daba84c55da31fb8b5ee9,scam,100
0xb8c5fd7ce79c8b834fddb88d0312af513167f83b,scam,100
0xe57ff03ecb646121a3a8b4f56c7dccf9815ba838,scam,100
0x0cf35414e38b371f2fa250ec97b64f3b3d9580ab,scam,100
0x2a9401806230c01b8c23f2edd87c083f3acf8c63,scam,100
0xc8034dcee48ff34dd76e26211acc133f3d71510c,scam,100
0xd56b2105b23fd333d8ad70081b68245f5a7f3e77,scam,100
0x368a4d9c478d37bdec3fbd7a780ad318df5996d1,scam,100
0x7c3bb2ef15f4e36f7b6f28a073416296d31153ca,scam,100
0x66c7b75366947f07b5afd7d795833b0a490a6147,scam,100
0xf377d7bcc75b5ec14bba6f28f7f64713f47dcc8a,scam,100
0x208491aff6672b7a8691cfcaabc72dde80240b5b,scam,100
0xa663f5511d0d2f1b566dfbcf1d6ac11b276b4151,scam,100
0x8adc1a6d311753d395c030bc0bd5eac45fd101ff,scam,100
0xfbaa4a68681e3c0e7dfabb636add055b3895c5dd,scam,100
0x275dc929ad70dc35e9ccffb476d2f7e3e567aabf,scam,100
0x14690a83aeb4ce00461ba46c1f2fff2820c63cb7,scam,100
0x7ed48dc988e1486b8cbfe155e8452ca99ec963e9,scam,100
0x6b385fabf59c87574c63bf3f54b4aa7bd9aa5cd2,scam,100
0xce5472a25d61eeb717f3de6e18f6b8e9801243e3,scam,100
0x28fb40e38715c50b2666f723503f1b5547add20c,scam,100
0x00009316616f21175ea0046244f684e959570000,scam,100
0x0000699246cd5289d3a99fac66fa735f1ccd0000,scam,100
0xe90dd80112b5859032ffc9b4a4891aea60a35fba,scam,100
0x08915b57db78c0ff7e26b241820eede4b1badf2f,scam,100
0x5a697967f0791d12db8a0f92344abc6dd07a1c17,scam,100
0x2f4d49f960e2b1ccf7a3eab8f58b54105e405de9,scam,100
0x3f528fe76cb1081e85bf181c1605c23cc40bd024,scam,100
0x122724736109eaac71c0b594d9836f79dbefbc67,scam,100
0x3e20ee84f70a10b775f73786e9270759a74eb5b9,scam,100
0xb8f3ab35b5101a658319187b22d82d72e6fdbf41,scam,100
0xc6661014373805405c54e96dcac2d51e00bd128c,scam,100
0x019f294423412f07a9ff35d09847384f87e76f66,scam,100
0x8a2d574f1ddc5dac2b1e156a328240c4c07cf86a,scam,100
0x5575efb656c96e2342ec9244dd0e84e17ce3eb80,scam,100
0x10f9ec4181988b83d36a9df8ec87a73a3e27e4ac,scam,100
0x0db2e2a4cf21eab3eef3a0e86e9e663f2eb65fc3,scam,100
0x2c4c1fe8d25712745b8caca3525082edab9d7752,scam,100
0x265af8077c200bcbb30d8e33c3ecc869fef0899a,scam,100
0x13c7c338ce7cc7a8aca8711c8e706adb48343836,scam,100
0x703513b5861bcdce2d177f63bdfd36498d4be899,scam,100
0x1222ac805cd51bd431e3f1a8de3f8a0df0ee3757,scam,100
0xecd15d3fa5c77a7e4be6281ff6de6e2f23facb5a,scam,100
0x9e433d3d0a7a02492d4179cbbb45c0f421e68750,scam,100
0x6e19ab77193dd90b9eb39d9a00c0e88810281659,scam,100
0x0b7bb2a4bb5d40a15e33872daedc46b206a8da61,scam,100
0xce8ea6ab837c177a96c8a41d389382a66eac58f4,scam,100
0x63f7aa9a9ceab424d3b4ff81fd39d9b9560a2059,scam,100
0xc89de7149d014cab158d69be4778089f6a678d3a,scam,100
0x6666ea71b7c52b61fde5faed791902937986ee1c,scam,100
0x7c420a00a3264538e0a5c3af4ea02be5af7d8c9e,scam,100
0x470843233963ddb943a34838a61b1113cbb899b7,scam,100
0x3b24c38e9e9967c678199d6ee5402b367d984c21,scam,100
0x1f3d3100435f977a8921eeb95a7a89e99639e8de,scam,100
0x90f6fdd34b8d856f1cc2825a4f1f556091ed13b6,scam,100
0x82f1f2296dd6d764b443664f2ea16a03bd59e2dc,scam,100
0xa4d1d348122826938a30bf42b1ba21fb584e3ade,scam,100
0x6b99238ad029c221ffea9e9628a7c1a822593512,scam,100
0xeef7e2fad35b009d14b50221106a1dbd98b954c9,scam,100
0x6f033dce6c3f1dd7af543765aef0cd1a815de569,scam,100
0xedabd0731d93c68f632360d0cde6e648936474ed,scam,100
0x58a64315455f481c1a11dd1313477c7151e4bb3e,scam,100
0x6243670b609cb91a6ddcf5cd19195c3628055638,scam,100
0x602b210924c3ffe4eb68e8f40325562c277acea2,scam,100
0x509b763a33e788b10721437d62d6cd0c49aeb8bd,scam,100
0x01fe6f7f910300c31273a75e9492937984b73f5d,scam,100
0x5fbc2c6a25a05b42ae6b6e3c65a8caf5a4cd2e1b,scam,100
0xbbca899c0a800cdf460855dccfe0d713c99377c2,scam,100
0x0d11520bd08f29f510839ce257391363a7a7718e,scam,100
0x6317d43b1738a9c0f185ab4cb89901b8b78976d4,scam,100
0xfc0bd7ff03159af1e3fab72a42dd2de3689f3563,scam,100
0x975823d9ef3257370fc122efafeeee013e540943,scam,100
0x627a6d79057393f1cbb6b6a7c9b19dac5daed17a,scam,100
0xda4ae08632855123dd23572e18491ff145ed6140,scam,100
0x93e3237af09d0aef4e4402f13fb794bba4689b8a,scam,100
0x7c57bd3e833ee913e6ef7f2ed40bb5642c9e2b5c,scam,100
0x3b1a151b7aaa2e038b45bbe8460395c395fb072e,scam,100
0x7b64a9d924c60e675759ee05a9e7aa9efa85e7ef,scam,100
0xf72d03e9eed66396b0db6a9746a683199be54a47,scam,100
0x4e0179be22e84af4d3f9a792cf4d3f5832b63472,scam,100
0x008c4bb1c24d3c6e50f32b6d66e8b6065b3d68d1,scam,100
0x021df91e4b45776fcc55159df74d6ffe81b13f61,scam,100
0xace5ef13e0b4fa2beaac957408d6d0936227c559,scam,100
0x270ec8226a9a3ee41433426092906bc8025b1b92,scam,100
0x6df47cb2d455ce8cfd4c1ffe088e54fb91917b37,scam,100
0x668bf3c9b97156725de265711539815f920c5520,scam,100
0x9b56aaa0937047a211ad41b9ce5a4c0d731a442e,scam,100
0xb6d4674224918220cf75df8ab530759b5af7e7e9,scam,100
0x9d158cc937a4a3886cbbf79c752d406c3ee58235,scam,100
0x4aa8debf6e9a510d8b456d27f84a35489d7d32c1,scam,100
0x6fbcd9429512622e32329520f3f768d54b8c37a1,scam,100
0xd82eaf68309ef983516198aefb6d18fe207e6898,scam,100
0xebb3795c764d396d22b59a2f7375f4ff70eca637,scam,100
0x2f5af1b5141a01b46d4fc46d6663ed76264a8aed,scam,100
0x4e2a3e7c00e0620d78a53ddfe9d6881342d7fc56,scam,100
0x1329345d795507e25d14f780f58839be0bbb02ea,scam,100
0x39bd1eaad1cfb9028e168cf53b38c1bd4d89c040,scam,100
0x59adb6b4cb18dda7f06bec25d723e901ccaa56c8,scam,100
0x394a5a96ccc9796ca11b96d3072f05203c8df3d2,scam,100
0xa9de2c12ffcf8ae9b45ca1a60980ba8578a46903,scam,100
0x1a8c9fe937984a353213e340178efd520ec7d479,scam,100
0xc4855e707b5c7546567fa2748c60a51a17efed49,scam,100
0x05d21f234962922202ccf13539f4044b184c69b1,scam,100
0xe83d2c540669851b4b0306c46e3e4965354248f7,scam,100
0x7b2c84073582aa37b660ff5048915bc4a1fbd4e9,scam,100
0x13b850274e5ba3e409340acaf27d35fefcde529a,scam,100
0x06981d9181892aaa56605c268679d0b979a2351e,scam,100
0x0cac2b1f7dc409a8f39516189bef2fe42e2d770a,scam,100
0x49e406b3128084df2a47b23d7d84bbe7208fbbe4,scam,100
0x711b8ff320fdbe6ce063e8b738b0ae70233da14f,scam,100
0x8e029305a4f769bab3692a883b5e33339e9905e5,scam,100
0x7a26d601b8ee8675ad7f526000d70cfcbda9162c,scam,100
0x86ab9109f88c4247bab5e053f7ef0cdeb3544aa1,scam,100
0xa501568cee4bc7375b453b98cefc714c1a0fe644,scam,100
0x0d174e80dfbcf7536ab9c12af38995ffb22d3f58,scam,100
0xa92ddc31b089cc80f05f9ffe7eb2a57abbde545c,scam,100
0xf43a816eb705d27e8555b85ab82103b48194444e,scam,100
0x05c7f091f34442cc5938962ad09d1156c05a848a,scam,100
0x9d8a3f49888d23594a2efcd2f3c5fa8145541a51,scam,100
0xff89a23fda558cbb3ec2c41bee589fe93e00efb1,scam,100
0x6bc4895e09b4925c981e602335db93ec54d658cc,scam,100
0x5bbd726c0455ade17dea775ef32a5373b38a9a9b,scam,100
0x3f6f98c4c56db864e7357474f9e84c6b6af32589,scam,100
0xe4c1ad47feace8d1246f8fdcdffcabcc879c4acf,scam,100
0x50a795b2297485fd1fe38a337ac04c1e6778a89e,scam,100
0x06569e99aeee8d1f914914a00dea91ad498fa3ec,scam,100
0x29c438d9f0e3cdea2e8b616b3726dd63dec04a51,scam,100
0xb0b1b5b32802d05cb5bf3cf53257209d808e07f2,scam,100
0xee9260bf473b7d7c3cbaba225e8fbbf075fca58a,scam,100
0x59c4f83aff05e4ea8ab1f00013d6f014aab40acd,scam,100
0x30baeaec76fafd12cac260eb762d3bdb49ba4d25,scam,100
0x03c4b92f7283f52ad43ef354f709e6778a74b7f4,scam,100
0x3a1d12c5452877c764e241284b30ea93c4bd2b19,scam,100
0xb9df393a4f04d92882717f5858b164a815e83c6e,scam,100
0x52101ae3980c96e9e0858ec95a4d7a3c9bb81ae4,scam,100
0x99c31cd50cf29185f19eca5ee9b0f3bf95b7af73,scam,100
0xcb95f216c144daa2aef966083ac5c2b745a76194,scam,100
0x1277e912ca70b0593dc357bb2b60ee1158117617,scam,100
0x5eb5d601f600264a7847297e7426a4d2ee4624b5,scam,100
0xa82492c2cfa86958291c808b05091d9968b8e919,scam,100
0xfb0a0a2241ba157388bbd7863b5a7a3567a37fa0,scam,100
0x1799023a8a7b11ba65c8f4657a4ca17e809c6f8d,scam,100
0x2868e4e6939f0e3e01142f8b702a1685b382f917,scam,100
0xfb149193265d9f3b39a95b3acb6417ff1b4a0542,scam,100
0x3c3d30ea33d4077b4d9fff1d942f5fb9da493277,scam,100
0x157543a77cb98d97470c498cdac70fc831f59a9a,scam,100
0x222bdfdf8bfc701e6ecf8cb72689dde0934fbb26,scam,100
0x9c2fa5b7ccf2c56297742eee05a3874b8c644656,scam,100
0x5a79342824840986e8330a43f5e0fde8d5b77d4e,scam,100
0xf92be2db6aabe27739ab81947085f0d2ba25ee25,scam,100
0xa2b6a7bd0176f137e9978c156593d3597f0a8e40,scam,100
0x92133c762fb967c9d9adeafadec07e5a03f4050d,scam,100
0xa70c0145e7f65aa3cde5422f639a0b1bb86ca90d,scam,100
0xe0d761d62c5f007bc420c9b081fe8d838418e32e,scam,100
0xa207d13617e572c708741bcf44b930c3f5e9faac,scam,100
0x924c89310228bd2d05a99ef89ece83b432b3bd43,scam,100
0x887ad16a50fbcc0f01840476aee4942f4724f0a5,scam,100
0xc3f4c5ebf9d63729404129b5375cab54ba9c9b39,scam,100
0x8a611494d1d706a07464eca6a206fb67db7a7c8b,scam,100
0xfd6ade3c2a97f2c8c4581b152197f6efaec41c25,scam,100
0x581ee8dce2338329cc1bfcc93fa6e9518c57f14f,scam,100
0x5dcc4ec2e9c12ab2af2ebe010ea8bf6b41daa80a,scam,100
0xafbd24e205fae9e9212c0213495e5cfc1ce69890,scam,100
0x2e78a697b848c0f564f8a3be246b40edddf63133,scam,100
0x57e5c216271e6324688eedf1c36e5d0d9ec8e483,scam,100
0xbf96c9db8926bd25c1b6803532e124e695c603c5,scam,100
0x39195bae82d9f492130ce8b4be6a2c1bf5c056e4,scam,100
0x7f703a3ad0188413b37a4a67b7de99ee13fd3abc,scam,100
0xf0f7bdc0f1b3357c9f4db748f72204e3cf39c02a,scam,100
0x800a1c87ebf72653240b9fa664690d6b6e460d42,scam,100
0x8ff1d4916ad0576c0fdeb2610a9b5eeaac544252,scam,100
0x286dfa2668390be81a1c5aa3b4bafa3313058203,scam,100
0xc8633caa280fe8afc628a8396cc44364b3422b86,scam,100
0x62113624103bcb48e710bd00fff6da7f7085769d,scam,100
0xa30669c9ddb1cbf1594a923f7eccac8ce0eee7fa,scam,100
0x6e20ce224c087336143bdd4fff616729b8f921d0,scam,100
0x0a5bc150298e8b63ba27849ad2720c651f4719ee,scam,100
0xf5fc187ed41eb9f6f9ab12849349ef2aff6be334,scam,100
0xb26180260067b50f8677f566b2889cd34633f5af,scam,100
0xb05b23d5ce442481662ca0b270ee3c8946d304ca,scam,100
0x6e09449f1b52ef4215c9615243f1fb95956d258f,scam,100
0xb01791edc4d16fb7620dc06d0e750e0f81467368,scam,100
0x414cb13e88ea9cb8db3972dd5a498f8f4aada874,scam,100
0x71dd08de8141767414fad30a4a30b95a4cd683c3,scam,100
0x4192cfe47d60de1144a4ba5dedf3760730217d2b,scam,100
0x52eb44dfcaace3fb824ef48eac78e3b32f9fa70d,scam,100
0x2e24092ed31d5675ab8c7c2b7459f1ad7d241ea4,scam,100
0x9bfcd424aeea3478ea07c3fb21e3f58b6698ca7a,scam,100
0x92602d03514e16661753c1a170bec9b70e81f2c2,scam,100
0x19cb49098fe05d6a434b3f250efd6f40d91698b0,scam,100
0xce9fef27a8f33884b2b6c065afedfcb8d6fd904e,scam,100
0x894054782f62d4faa782f9f8a776ec806eff9cf7,scam,100
0x47b08f832daece0fcc612fa85ab037b3ca30bb7e,scam,100
0xf310b60ccd8936b867d0c4f61c712c6513f9789e,scam,100
0xe4bb1c9ab41bd3cbeebbe431c13952c116c9df93,scam,100
0x26562a726e3dea7a04e16dad37cf60137e8d53ed,scam,100
0x055ff3569b233dfe41a65da590e1be3bab737391,scam,100
0x553932a13e7efa714820b2d72f68f0433d054f8a,scam,100
0x0056772bdf90826648cf25c6977e535733875724,scam,100
0x8e4c2bd3ebd83780ae94d8e79df887d4be9e8409,scam,100
0x96ef686a2c6969ef47b117c691b0e68e17c8e1b6,scam,100
0x6738e6c11088eb5b9099e43b2edc52b276a7670d,scam,100
0x5e0102e6448b602fcd955fcfc7ceea9a36e7e5f0,scam,100
0xee23459989798bb9fce8291e7011f7cbb3cb1193,scam,100
0xdd6cf6483fe5d948e0aeee94d94b8c98f055d1b0,scam,100
0x744e309a515c0393d53aaff504be9399d18ecea7,scam,100
0x4e5c564fe3da52c1f88c6a95163a91d0fdb1898f,scam,100
0x6ca2d0678c284542da212e12a821ed90c8e5e021,scam,100
0x644866bc9eb61766692fdcba7c6214342ab19b8b,scam,100
0x56af787418ddf90d2df34934e0635c4a66eaf7d9,scam,100
0x22a44ba7eb45e122b7224db77b79949e09449401,scam,100
0xbbcda503d1e1750ef893a89f1c74ad4d15c95e5c,scam,100
0x816eef08f68d2ed64970c08666df75426b6ff4f3,scam,100
0x075d9bbefacb33b7b73ab8559989776fa0107bb8,scam,100
0x4756142c37b3e374292aeb4dea0c12d3a07cc8a4,scam,100
0x23e2a2d1e88bf9a7e12fb59c06e4a41bf8a7555d,scam,100
0x25c38437c1031888d4ca5a65826bb17bb06f140e,scam,100
0xa0038f51429f1b6a72340ada2b317491cadc1546,scam,100
0xa74cbd5b80f73b5950768c8dc467f1c6307c00fd,scam,100
0x40337d3bab19ee820b46344be523a3a080921942,scam,100
0x2393bffe9281421e29e20b8c5c7c94f867fa2ab4,scam,100
0x90066cd9dacbde8e2a2d793f4754f067f73c01d7,scam,100
0x7f4d6ba7a07b82d4c016a4058724192595443550,scam,100
0x2c5b4a35ce9ddfcc2de5f60b041c40650f35cac0,scam,100
0x9c1c46705a729df8bd25154e03a8a57bb28010e5,scam,100
0xee2b7ff408b79a2252ccbf5d11c984d2cded9744,scam,100
0x6f14d48e8013266d6737e9a30178b381a16287b8,scam,100
0x31e0968a096a1e080a6f7ecc0a3f133481d04f9e,scam,100
0xfedc03052e73ecc83214bd11055841ba4ad96d27,scam,100
0xe9786aff8703fa3f8816867e2d6278be8d122ce4,scam,100
0x1a6187bad385c105147cd1c33031e7b4ff3afda3,scam,100
0xa5879f4ddf965bc4012d72632a184e235515e113,scam,100
0x70eb37b0340eab5f34aaca49402912aea99e71a2,scam,100
0xbb921dceb3dc967531179187a74a5ad5481726cf,scam,100
0x6d36e939344b0668028b9ba475ead234d22c9d07,scam,100
0x978306311e54b5dba55bbcc6b06508a561f42b73,scam,100
0xfdf2072e2c6fe988792c5251df0333e051301d91,scam,100
0x5c38ab1da4907ad1fb07b46b745dcfa0288f04de,scam,100
0x411be70a215df02311d62f9a8cd201b38ae4effd,scam,100
0xa9b10d7c4548f4edc24834e0a4f75cb7b54d56a4,scam,100
0x8fc0ef2c02f8a248dd98ed26316556d8b2d65e00,scam,100
0x02910a95904824aad0ba7e1750f24108fff90a0c,scam,100
0xdbce0cb09536c3408e7d9c8051a7eb7cbc33f719,scam,100
0x4657532e1f6cc134d4b3d411bce9d48b8da127b9,scam,100
0x8811d963d9a48c66253cbb3d29c81e0115cfe9fc,scam,100
0x6b1981eb135a2455fee6bcb55f71422c6a0db195,scam,100
0x1c0f3c356cf02c3afc99ec6f878ffc6f7ea4aac1,scam,100
0x082f7524558b8de99f653491a697661b273e6ac6,scam,100
0x50b131915bfa6849e3a6f0b71681871f7cb06eee,scam,100
0xd6998adb67f28447791795054f3f575ed839492b,scam,100
0x8ba224b160fdb02000ba8e49d2d6fb2a81869f74,scam,100
0x64c9066cbd741093abba7ae990afc6e671c4abe6,scam,100
0x7efc51adcf1396db115097bb074d70250a78ced6,scam,100
0x6fe50d3557f344484a20bb01b4d6891f7a1741a6,scam,100
0x09cfe35f47521d713d130885afa557d664536bf7,scam,100
0x4d196816585eab4b30118c49664b159889e8ce92,scam,100
0x3f3e65ce32ea4ddcca80ceef92d6199d5b3ca814,scam,100
0x783f8cd62cb1e2330057f0f8dcd0f6a41db9616a,scam,100
0x6c64e13d82980c6ddbc3a9b86165551d0c00a1a9,scam,100
0xcef2b803ea968d8103da6b24f816b75bb805802d,scam,100
0xf65230b4d5c0b7017b5598eaae2f8464ef6dd3bb,scam,100
0xa1eb8347e9d8e523f7f94205db90c42b470db695,scam,100
0x81eb6617ddc5753830b05f8d3c24da3ee72c4395,scam,100
0x8bc584640305d0688ba4df2dc5fd3a2182a76e21,scam,100
0x556786088f9874a4a52b478c5374cee901beb43d,scam,100
0x7cc316e439eb2c4d1b9ebe37edffe0aa16a3053b,scam,100
0x14c974c5ebd9d3a2ab718aa3c35d4de8c018290a,scam,100
0x54047621eae7acc34cf08e01016cdd37183c4414,scam,100
0x38a18307fdfe3f2ad5377b674ab65b539d9d6461,scam,100
0x63567f3e97626cb4500506987e2d20bb7584d902,scam,100
0xf5362de2ab1339625af5ecc6c2d905ad8ae758ed,scam,100
0x25f97d4d4515e06ee6475af3134cc79a0ab00028,scam,100
0xe6933dffb69e07e3ae6e9202590d01c0a24fdc7e,scam,100
0x8677df4341687b62c16b22a085f4a4a8e38e545b,scam,100
0x903cb5c4cd7fcebbd0097db439e15a4d65a98c58,scam,100
0x7841b53daab14fb3d06057df56fd882acb98abc5,scam,100
0xdd3ac65301c5e27042a57e9d3242026222546e8a,scam,100
0xfac3e93133c980601acb10593336e896b36b7e1f,scam,100
0xcd3cb83f1e66ce11d84c0da516cdbe5e20c72711,scam,100
0x2a7269050d6f5f134a0988e7b83286b2ee035c20,scam,100
0x0cc131b43de76a459c3dd0df729df93d35a5bb95,scam,100
0xea6d048cbefc210ad43695d98e526b377aaeb2f1,scam,100
0xf475b3fe737d6b2ceb56487c463a1bf22773d30a,scam,100
0xc2c31a9feafb54e07d7d4e69aaa41c9b10e16135,scam,100
0x5118e6d7c4653c315a0c013be6a5bd3b5f5d6c3a,scam,100
0xf66e58ac4dbbc266cd122bbe75158c23051a3fa3,scam,100
0xae981bd5c27387f6f7aa34150eea73db7b2eca93,scam,100
0x71b3f2c2689570c399a361021d0d01bc4491d120,scam,100
0x767aadb3629e4a091e2875621f41ee21d3c81b03,scam,100
0xe3e7b69f03a2b650fe444393553016519f417cc7,scam,100
0x9150bf530458aa1e6febf68b235189a160b351fb,scam,100
0x072dd0aaa1db2f09bcb69b604d1c70fabcd6cb4d,scam,100
0xb5a57c964ac98b9965b64486198588b06edc17b2,scam,100
0xf1f0cc47e0886be0837006193b793b6b91b50f99,scam,100
0xc3552897fdd996e1b0e922f79f6a2eec49aa130e,scam,100
0x388d455fca14cf278d614fe3cbb59e9656c7dc96,scam,100
0x33541ed384d06735db87e8763fbbe8efc3c13371,scam,100
0x13c7e407250c9f56218319eeea2f10d7fd1c2c02,scam,100
0xcbaab3bc7d8fdc7020e7a636a7f3bda66026d833,scam,100
0x4c7984bd3999ca90eb16914bdd9db436a2a8a66a,scam,100
0xb13f0c8d887d1fe71fbb3cbfbc286583cce1fcc6,scam,100
0xd2758bcb74e34433ec602d3c86b866e1594ffad5,scam,100
0xf1ed1ec325dfb8f58434ee2bb362fd5424ab8796,scam,100
0x27c6cb2af57f66be3337eee05efe1d6e14017438,scam,100
0x41ba809e84409da14a0ea43291e02c85d73ed63a,scam,100
0x18c7cbe76f06e55a093d7d8ab914b06d56072313,scam,100
0xb6045cd24169d329263db14756eb341f80e8b2dd,scam,100
0xb6ae485edf46a457cb9dd6672c9f8a1bccfb32f5,scam,100
0x49dc14dd851b6eae8d685715e12a06cc1bfc5d8d,scam,100
0x4f64e8f52b2a3d45777c4e42fbcbf9e1d036d39b,scam,100
0x2b0f3dee3e5b362c67953e7a3aea36b3b74c9c9d,scam,100
0x4abf1fbe1a305279a2cc5280d7ef7be105b0266b,scam,100
0x7bb0c6705cafaf36416a6b8d23a5c64e375beb96,scam,100
0xf8137be31b516f481e25f4f09f173ec26a5ba649,scam,100
0x08c44bcdcb27177d819925cb67771fa97a220ffd,scam,100
0x3951d8186bf618c69228c85c7ba5b5e972d8d448,scam,100
0xa4d08225a0b49945020480a99410757efd2dae9b,scam,100
0xf7605f033a8b246bfc90e9f3c70c21a9537986b5,scam,100
0x8f6113b4b9ff5f032ee8f56146e55bef5f005f08,scam,100
0x07c2e376b18e8e4af49c0cd590d5bbc964a50222,scam,100
0xa39fd8ebe1952283ba876da6dc46182f0f047034,scam,100
0xc829700218ca0526eee697f48602aa474a162f92,scam,100
0xf9a93fcaf6dd7e8692f876e8e12f064f5a1c95f9,scam,100
0xf719ebd6baf5467c00e44e7f0cbfc9f42c3aa4cb,scam,100
0x4575875140abbf7cbce7563982e82d4448893211,scam,100
0x46f6086930520854a0c82d6ff060f138e04cb290,scam,100
0xcff143a8b4a6127c3d37201e27112ac7f8612d6d,scam,100
0x66e704eece448b840ab2658dd31d4c98a25f8274,scam,100
0x9bc6ccbc17a41d1ecde8a236081159894b683386,scam,100
0x71f191fca1b38e85fcbe2afa90aa3590164677ef,scam,100
0x72b6e053b16f137749092547548c5e372f2af0a9,scam,100
0xd5dea80bef02942c9787434b804b7202697623a4,scam,100
0xac7f4efedbb6ca045013578d692a9d974319e0b5,scam,100
0xf318f347d6bcb52251c32f290b07ac63efb24fcc,scam,100
0xfc6bbebeda8626397723ec0a57d6efa7331fde7c,scam,100
0xcbfbf7f86637dbfbf119fb6fe2cb5da5e6feff39,scam,100
0x4e9da292d7c0eafb14b216f38107d656fdf66b36,scam,100
0xaff3c27ef6fd5e69af18e3bf32c39edcb48a6f8b,scam,100
0x82242f63946c6198ec5bdf765bb013995195a586,scam,100
0xa5e59bb9a9ef8a851205fa0d28938c75ece23d07,scam,100
0x4ca42d610ed914b16bb3b15de74d023da973ec24,scam,100
0xd6b8c482c1f06265223b8bd0ad6efbf1214a9287,scam,100
0x3e89fc2d63934216e50a8e67c621bc09b69e08d0,scam,100
0x2357a0b82e1ff79ec51cb98202a4ac72df8363a2,scam,100
0x3ceef594d46f605e22ffd3372bfac7131a736d43,scam,100
0x5a83994776c9cfa7a049548bffbf003901b9764e,scam,100
0xa763c8a4f911f8dcae0ceddc77d78bc44617d120,scam,100
0x06473f1fbdf9b7e7368470c838f05c99b462e37b,scam,100
0x2169929917e532e44b28b1aae4a9bf8eca25e6c2,scam,100
0x892e6f74be8d92d45736ce2bb3c719bbd207cbd4,scam,100
0x000008224baff10562ca3c1f4c4870a0becd4d17,scam,100
0x77227eec4292c798f23054b3bfddb6882d7997fc,scam,100
0x750b4868b11f9b6cbbb9e1ce4770ffb8852d0e7c,scam,100
0xec56ac6a0af69f394e80f541afe0fec8c102f6aa,scam,100
0xd05e5aeee3ba028d63d38d7cb254a86068d3bf00,scam,100
0x53bacf6b3ed1b0c11d2b3ebbcbd94eff79bb7e80,scam,100
0x4431c8e94598c6519e5a10462d4281ea746596b4,scam,100
0x2699942b9edca772624cc9ec95ae0725d2708fb3,scam,100
0xe0ce8577cbe16e11cac4158ec62b9f8a561c3616,scam,100
0x7bbee32ecf607aef3a8233a75c167352a9d27c84,scam,100
0x345e3789538cfb1d5b030cfce8ca18532c871aab,scam,100
0x61756b595d4a6de33c28e1a5a2c9761fdab90efe,scam,100
0x0c91edc0de1cd5cb3b24ac0fea3ffa0e6025f13d,scam,100
0xd5b6e0aeacf4b17fa522e783a0e82029138111e1,scam,100
0xce4a6e12b3d189a291d018dbf7fa7eeba8d1a39f,scam,100
0xf9a71dddb2fd49ccc79d1ab53e7a47b759f10fd7,scam,100
0xced5341d789c7eb5eb37e528bd7580f731fb4b0d,scam,100
0x9da7afc9f231dca180f8946b80e4755f0db33868,scam,100
0x375500a341863d39bfb1fb766786b4c2d69c9e39,scam,100
0x6a5731c52e8d6b9f2562527d6687ca0d532a3deb,scam,100
0x1cc678f4a740aac5598851ef07d71c282bd93603,scam,100
0xfd7af8fccc71321c7c1c83ee4239579559ae3925,scam,100
0x0296e237e5e196a3b27fbda67df9eba5ead6d9e7,scam,100
0x1d580593135cf0e1079a6d54b7eabbd21b881a3f,scam,100
0xf17315034bff9a5049148461f4b6c6cbd0e6d844,scam,100
0x2071da1d9e2e6b8ef4456ef8793597e2eb79a480,scam,100
0xb89bc3863e55c070f4901ff328b9bfccb81385f0,scam,100
0xf1ba5650a1d9119c8465068df15e35582f074ec8,scam,100
0x931153a6dc00198a0d6145ce957ef94f05e69b43,scam,100
0x503a7574924314acfe6f5550d2bdd14ba75489b9,scam,100
0x1b4204e0439b8e6ee40d93e6a0d12241ef20392c,scam,100
0x7d60c632aac99b916371ad96dc4ce3a75a36b130,scam,100
0x9b41671315b11e86bfd7c239a3bbf2180eeaa066,scam,100
0x25edab152cf8680ce982c303016cfa953de5fb51,scam,100
0x5e19c5c80881fc78003267f8a72b80977ac429dd,scam,100
0x0169a0ab7443bb52f3d16cbd371a10eed335b3a5,scam,100
0x56f1feca65beb25cec92f512f43cfa1dbcf83b3d,scam,100
0x0000000d5377bff1cb2e310362d0bbec826fb425,scam,100
0x8d5a3d7f57dfc8962c896c7f62b552cab0efdf66,scam,100
0x8e536551b1a1497cb88de25c6bed27471821742f,scam,100
0xbdad479928f840adca3732cc20647a9d18656a49,scam,100
0xaf92d25248767357041c002ea5ae24ef350102ef,scam,100
0x0c84c44956995949a4a03276228a13855034772c,scam,100
0xdd1e5fad1b867499bfb1987bb783a17ced9a1171,scam,100
0xdf860c6faf6bbc6cd915c9d22e0a1aa8757997fb,scam,100
0xee55dfe9e7a20631ddf015cff6b10309ed553f6f,scam,100
0x6a4d7d9e9386a4ad055f451c4f82e7b544b89f46,scam,100
0xfcd7f2e77303ee8ed5ef30c1d843ab4ac2d716e3,scam,100
0xc974913de4a4dcd0749ac1be8f05ed08e7309762,scam,100
0xdfdc0b1cf8e9950d6a860af6501c4fecf7825cc1,scam,100
0x9201d749fd7462d19d932ac327361948a77c2121,scam,100
0x8fcfb8064da26c5472a8bb6ba42dd49e6b99d8bc,scam,100
0xf7672b55cd3e7954722176f5bc4ac10a83b474c3,scam,100
0xdcc8dddd0968583aaccf5918ff42ef33f9f78fb1,scam,100
0x767ecec33cfc86518971da34e89ea208d7f78398,scam,100
0x2b541be367cedde85dbf1d66ad503112060b6fc9,scam,100
0x9447d57d19f38eff509590f51931c63ef4ca00eb,scam,100
0x7c1f78792f303990465516b60e1bce7de95bb2c8,scam,100
0x5fe58d8366aa4a891f87f760c45f55075ed6998f,scam,100
0x6a0058b2c6b732e3ab09f157a3d63d79faa561b7,scam,100
0xe89046c747961a46762cd7593f57e2c586dc0d12,scam,100
0x35bb0779a91ec4c4221d67c34b522c4fc9aa0aae,scam,100
0x15dd049babd5c2137d52ea0c5b028d320fc742d0,scam,100
0x043a02e6fc737edd155c1bc246e7f9b9cd76a031,scam,100
0x78e3683225d0b049cc3fd8253b0d1acf407d1e4d,scam,100
0x2332f426d5ada2f3df0c02fb1775806e5ca5d2b2,scam,100
0x6419f170308928633e0afd8ba6a42f684ef891f2,scam,100
0x709c8c262ee59f3b9b426180c9a368e57dfb1e68,scam,100
0x1fac05329739d694f3efc0ced07bcb1112c1d609,scam,100
0x4ea4bd67af6168fd68a7a4b76e6eb692507f591f,scam,100
0x26b36d2e8f39d853d89ab99962bcfc65da7087e3,scam,100
0x874b7e504bcf81c83cde69802106750babc78754,scam,100
0x26f47448b9153001b550dc784fae836636ef2fd4,scam,100
0x7e229ac89a82be3b52cdda3fcb8f388e450430e2,scam,100
0x0cbab26923816440d1b8bab3f6ad52a6c3e92544,scam,100
0x6e901f034457bf3180faf676be7e018778f480c6,scam,100
0xb60005d67a90807837d08f3ce59f721c3e369b60,scam,100
0xc0dee988054ca16a31e79e5ae5ff445194639a65,scam,100
0xdcedeada026a23d3b868b05750f65fe01b791970,scam,100
0x191326db16ed40b20f716803e299f219cf92ad2a,scam,100
0xf665571fa425410413ff0e2e0a0bafce1bbeea92,scam,100
0x0efa0d326f127c73b57129bc8d78c70896da89db,scam,100
0x669fa54badd538af64d3190b228e164e3b3da3ad,scam,100
0x59fc701f9c8cecb9d0841cb714629ed324e769be,scam,100
0x45d2c20b50bd34f09f9c99d3b94ceecf9804437f,scam,100
0x55f3d908addd310ee57fd3cf17e445edba6d399f,scam,100
0x1dc56ef7aaf7a0d68c37281b21136ef2e807d444,scam,100
0xe334dfd881df87df9763ccefaeeb2c9c84a5af58,scam,100
0x6a1595d869f9c517f25c565853ae6de9aa25929e,scam,100
0x09155e8cbb30b34a0fdc65e8419d6c9d684dbe62,scam,100
0x381ae774b706f156c6ff0f47ab5adaf5cceaf2b6,scam,100
0xf9d40213ad5e55c775e660a3485c04ae88a0ab93,scam,100
0x19b4e699b2fb833c2a6696bc96ba027c3b5d749c,scam,100
0x676ca33022fb1a41c6cfe47eac2e896f398e5783,scam,100
0x7aaa7de0eb6857519152a7f675a05d9f89427893,scam,100
0x9efc8fb514bf00b0f7412ee3000d3a6f1c50ced5,scam,100
0x37a18143a26d4665cd9860a45cbda99a2c5319e2,scam,100
0x2cebdb169fa4ff609952408d8522681c748aa3bb,scam,100
0x908e4b083d55485bade5e0c4a69e8c3055fadb52,scam,100
0x3cf5d4b5c8df4352fece25fc848a65a280928acb,scam,100
0x633185b0765a2aa07d64548bf328e8ec18e26eaf,scam,100
0x1c1167aba95a55d33eaf10248dba7d5071cb15e2,scam,100
0xbe3439bd3794f2775d48e501c9c5e1708514d233,scam,100
0x6f935c7b20a61ff52013f02170f3868b7913d05c,scam,100
0x8e4390a8e1f8e159de0afeba0588e45341e59bcb,scam,100
0x58a7e6fb3304421fa61bff92df73c86c45f2f3ba,scam,100
0x727c9e06ae0af657522285b19d50a03419422df4,scam,100
0xbde6e63e7ca2de77d7a3eb9bced7cf504960e83b,scam,100
0xf9fc55f7a579fcefcdc99aae5bea5912fba72061,scam,100
0x12457759b02a3f37f72ee18611ce44911c90cc03,scam,100
0xc0e087b7af8920643ef2d966e692e575bbd93fcc,scam,100
0xc7b1c3c9c76c48e28e78c756a979f179450b4bea,scam,100
0xcf310ca0d1d9a2261bb016262f97f75bdfd25a9c,scam,100
0xa6a8dc7904911b23347989eac761e8322db67018,scam,100
0x8c4a5c29a1e94a0e88f42ab172501a34b0d2c38f,scam,100
0x94dec14fe07ca693741e1e28135cd32865832c3b,scam,100
0x250ce5a8d8a8f0345fb8708e0575c8ede7710c14,scam,100
0x10d4763549ca0017522ce286cab5e92e2e3688ac,scam,100
0x8e9c4ea37a0f2f2abc02588662ae607bfa4596d0,scam,100
0x5a8fd953eff277a3b98fd6e6009ec63b8e5a97e6,scam,100
0xb27594fc32a36367dfe870baf5caa0a70960b9cf,scam,100
0x92ddd932c53ee820eb9397e03d865392c396d836,scam,100
0x6752580ff714db72e5904901c458f6703fa29c03,scam,100
0x574980d8cc8ea68581d923129b4e93217c849dfe,scam,100
0x62d902deaedd0330f5bc6a9833203762a12da2d4,scam,100
0xd0c6f7fcf5203bd37394291028f4ce80acdbabe6,scam,100
0x83818573502f7b23528dcc0d1e583b73be9878fb,scam,100
0xa6e572318fd0d6838bab935933c451d784515e08,scam,100
0x45282eb76b58aa0e935722b7615ec3a55349660e,scam,100
0xe8c358a1f8847bbdd231176338f035ddd330b24b,scam,100
0xc6bada623b61d89b2bf9bfd2b3c641f2ef01887f,scam,100
0xffb437a35e383059089c3b26cfac58189f09a4ae,scam,100
0x404c887e2d157718e793fa555556b408dc683262,scam,100
0xdd5df90d12ea9f4c1aaef439253e1b51c90a48f2,scam,100
0xb6c97f483c705e5b8ada2b4aecc57e5518774ab8,scam,100
0xa91803c1523d711f4a2108b4588d584d6ef2a4d7,scam,100
0xe429b49625ac0c239544faf13d6b1e4cb146192e,scam,100
0x94218b31f29de3fa66cb012de95bc29c183842bc,scam,100
0x80ec7f1dd22149fe181647213820c46e90e74489,scam,100
0x7f624cfaa88688c50a89ded2a31396f088be398b,scam,100
0x920ac5b379ade32b6fa8922e34ada3bc96519dd0,scam,100
0xe4ed6afa78692ec667b32f1fb02cadf848a1df16,scam,100
0x978438cc6bf9aa6c930cab96a9f4c1326f385509,scam,100
0x9a735c231ad994d48929d3d8ce0970fca25c2908,scam,100
0x39c377cfc8f0bca9ec40a0093d9b6703c748f82e,scam,100
0xed02f7fe2edca53837262ffdaf00f76bbc718c1d,scam,100
0xc66ea26c7f8c5fe08b8a1b0519df9e0b2618e169,scam,100
0xe7c524f9dd9576a2dc5c020122f12fba2e68b29a,scam,100
0xb7d6f3d5d590ff9efdb168477578ef6d98e49acc,scam,100
0x101ce0cedd142f199c9ef61739ae59b6611a0fc0,scam,100
0x43412801d29861ecc4c4d86e5becfd16af86a67b,scam,100
0x51d07e2899c0ac6058b52c6f8f352f73d3f0e2e9,scam,100
0x66efc9f2604dc771d0081111b296a1e98d4f0a57,scam,100
0xc3e6157dfe1bfc2bd93cf74cde85b0ca7ba77aa8,scam,100
0x164e84226882c385940134f5b292cb89bc4feed6,scam,100
0xd0621aec753afe99be5e8334d703bcf43b3e0044,scam,100
0x33b0b344e8c6e0e52b4abbac0b75cb5568cd930a,scam,100
0xde47d6a4e5e8811dff94d9990b9cbd7b98c907da,scam,100
0x2e6b74a732e95b507c3875dc0642af977314d959,scam,100
0x0716abdc9618dfe762e7ea7ff2cd0131cd3426d5,scam,100
0x125df0f86af92b74faea5fcdcdd0344eb087c3b7,scam,100
0x0000000f7e71bfbcdae6d29aa49ed557afaef9d2,scam,100
0xfb04f5bb49a7f2ccf757fd5ec316a7fabc27aac0,scam,100
0xe02e955a3f168cffcce973999ba95b6fe5426f0f,scam,100
0x30dadfcbcf672a3be8fb67aacf001d56929ff7ea,scam,100
0x541cb7ee31d0544c491608c97666865c87ffe36d,scam,100
0x0a63054930e47814d9ff6071923011cbb9ae6a78,scam,100
0xafac2553af0436264d92d519d8020f37de1277bd,scam,100
0xffce882291924be7a370c8ecb99b6723a826f9a3,scam,100
0xf12780fe502839a673c79ac98166abab0bbc1f30,scam,100
0x4c1417f028ccf804b68c6070e3109fccf8cebf9b,scam,100
0x5f0fbf1bb3e553c2edfd887dd9f2308792f162b9,scam,100
0x59bd216b973640bf109cb0e244d4404bfb89a528,scam,100
0x8cf6cc426e91b8e7877ddb33d3d2c0a5ee24f6ad,scam,100
0x26bc917f6b1a162895b28a92b4a7c17da772c1d9,scam,100
0x3895c7e8c65c4ad1102e16689a9f83b56bc67c14,scam,100
0x522471b31e9be428ff263d075d61da5df3406a7c,scam,100
0xb74445b68eea267bd16ebdf3325f1b362832c68c,scam,100
0x5b1fe1319e251f8d8875162b66575a262adf2d73,scam,100
0xaa2b06696c81ff5c7eb8ee93a31ecf4f714f7672,scam,100
0xaa39e71b5b5797b7ea72eb6f67d2330919276773,scam,100
0x5de7bf8c058d39a532b62463a127c3ff77d3b9ed,scam,100
0x7aab37000671f80a0f4f8801f58c5d156e4efe2e,scam,100
0xd480b21d93ff4745a2fbaeb5d313a36dcd4be929,scam,100
0xd613efbccfdc65ba5606061d20fcb0904c224ebd,scam,100
0x8f583add58c17ac95a0af811749313c32df300cd,scam,100
0x6b7bd5c336eb08c801e60566a92a8451172bf689,scam,100
0xff11914ab4c26d3707dfdd3fd54a77241de04391,scam,100
0x18fc8ea4f1939caba66ac4515c496b62dd5f8f0d,scam,100
0xa0d94b9a87e61f56dc7550770626e14dce5b9ae9,scam,100
0x7276ae926e549cfe1306f536b120a8ed1ff85632,scam,100
0x5ae226c5755ca1661715d05139fb8595c9c07235,scam,100
0xb9f51278110a1dbec8421629c06796308c7b6729,scam,100
0xe983a68892fcdce95c4eb2d141d8456e1e702025,scam,100
0x449774e801d03d425d370732f3378df5782c6f20,scam,100
0x97b08c191a98be172314234938300afa9a035399,scam,100
0x010d271b8e97d593839d9db18fa8d989e9dbb359,scam,100
0x5e55cd9ff52fdd94d6c84bc20ee717976414dd9a,scam,100
0xd18b2b8af867bbaa7a9d211a922397ec49d560ec,scam,100
0x9a64c1be24576d72da486f27cfd3fb079380a918,scam,100
0xcf0f69b09c3ab85b2e0b498dbd8dffd220b3a29d,scam,100
0x29837f19bc2b95c31d8bb5ab612e4d761b3f64d1,scam,100
0x6e89cdf2622208ad58d10aad6ee0a6e93f777488,scam,100
0x0cfecfb3796ff3ce2e0f5a63edab9f6597fdf87d,scam,100
0x310fdb1ea3201ba5717bf8a4d8446c5def5aca57,scam,100
0xdd2919e355dd49e635caa943ab8ddd495eb1db64,scam,100
0x01a5bd4d6ce6b158af2368ada25fb7dd358b92ac,scam,100
0xcc5fca73c5f5e8cb1e3a5e3420652ec369cf6c56,scam,100
0x1fdeb062c5f37524c6c51d2817be6448ae3ca53a,scam,100
0x99d01153a8c5d35bad737c28780da835da0a9ce0,scam,100
0xfb4d3eb37bde8fa4b52c60aabe55b3cd9908ec73,scam,100
0x05cc236add269a69e024e45f46deb5fa2d9a5b97,scam,100
0xb8c5b68355b5daa8333db2a1b39072d0cac7b494,scam,100
0x5fc21eb62919c57c2cd8f45123d684fa82013b6c,scam,100
0xb1321253910fb5ade8f92a174b9b60ff30ee22f0,scam,100
0x6168ad961bee3bc9b0ff31a2de3179f30708aac1,scam,100
0xac75724a9713db3d3d1a82847fbdb41770445e17,scam,100
0x0ea77027e0d1ad221661d78ea59bce4389617f53,scam,100
0xed25a3fe82ef1364dcccf9476a2a0c48bfb1a94c,scam,100
0xc5056538b510a898335291b387a35042dcdcb00b,scam,100
0x3eda48190cbd6511b00ae771802202b4039896b5,scam,100
0x8cccdc0da2d3c6ad4a754db4812b9eef19877eec,scam,100
0x49c755c49559f3141ae50911c25a9d1285fbb7b4,scam,100
0x0c54e864a1e938645a2ac3706dc3647ba38a239d,scam,100
0x418663448f76d79ec73a4e5b8b3fdf3fae755dea,scam,100
0x0cf39331c5dc2cdc43c2345a1d34a1842ff68e63,scam,100
0x0b310ccd59dbadd4a65e8b2833ac64eac1e66926,scam,100
0x321ebf6f94acf105da4a30e794fe9991b25bffb4,scam,100
0xda666a4a812bce743b08a88e9162bc7ae94eb9c6,scam,100
0xdc54ddeae33a65a232622ede8f7e30c7bd0b0f9e,scam,100
0xec2a84a0d06b3ff2a5dc2cd86b159a39d1eb8371,scam,100
0xcb804f75f641bc6a876aa0b682c1e3d6fcac2a07,scam,100
0xa9c4923f7b294ffc73201ef63bd59938d3e9ba89,scam,100
0x3550a5f5b55014abb76d867bd268f00a876c472d,scam,100
0x44354ba8e41d613dd62d58de5b90b26f07b3ff0f,scam,100
0x2bbc6c0827663dc05d5c63ffd05eb624b9edd8b9,scam,100
0xa77c36a9da86eab20765fdd321181a95085f1f94,scam,100
0x322ed36e9a3cc2cb2728f26d021d6abca5891921,scam,100
0xa07a2e7afe1336334a66368a7f6fb6d10b5cd5b8,scam,100
0x276ca1b5b8d8dc239dfdc3f9c69121050d460d4d,scam,100
0xba4599e62deea9804a7f1a8b277915440f6e78b2,scam,100
0xb8b684b62a6bc6cce8b0ba2004e85242a6b8d9cb,scam,100
0xdd892ea715d508a9b8187aa8aabdad6d16477323,scam,100
0xae13aed4d8e4889cc95e734571f27cfaaf52cf7b,scam,100
0x17b421d2eb40055c08f13333c558a9384ed55768,scam,100
0x666a135f40cf8fef3bdf47e707a8cb5b682858c9,scam,100
0x7784604037f1245e8a720059cfb8ecc809a215f9,scam,100
0x49d0ff32efb806ec9c668df0cf6d68592245788b,scam,100
0xf2996b85d5d7f4495ba2fe2331e521ad5091616e,scam,100
0x8928a0785591d0b738cdf8276cade981cf0cd7c0,scam,100
0xffbaf49bf8580a3adb9ba28f46dae6631e2e2c58,scam,100
0x09cc2c010992471089627f9d32e3b11bb6d4bc27,scam,100
0xff180e9ab7aeb7939906452b8a33d471d11fc239,scam,100
0xe995269255777303ea6800ba0351c055c0c264b8,scam,100
0x0f732ccbb681021ba33d99f976b9a6199f8e72d8,scam,100
0xba67afd75b502305b7d465a12361f1783f1a32d8,scam,100
0x1807823deb1ca3ff5f94640af39c61745dde6dd0,scam,100
0x8132de054aa9cf0623957f3a032c6a0e7c709853,scam,100
0x337d91758621b5da92f01a09debffca762cc47ec,scam,100
0x518a618d7f5db8feaed345a11d35530104d63401,scam,100
0x7dd6583f4a0de31b6ec1d22b5c4b69e86eafb1ee,scam,100
0xf53656409045312755aba5a1d6d62307e985e050,scam,100
0x7df0f9bed21870f4b3e8060ef6f8ef804f03a6fd,scam,100
0x13611fcf98a345f460732147863496767fa70ef5,scam,100
0x1ee7dcab7736b6ee09f0f4f986f0e46ce2f29a67,scam,100
0xa8ec0fd060a91e566c3cb305f9245a58f9b0745a,scam,100
0x0c36614d5b794da5918157e0ef104848edd4c71e,scam,100
0x1e157f86ceb5560a2d7eb3b8a380c9e67846b885,scam,100
0x68f54b92c9b985e17bb33328e11a0193f7a6451b,scam,100
0x3c6e151577903cb995baf4583fe4247dc2c2b751,scam,100
0x8823961049cbfa15d853ac896c45f2f486fd4750,scam,100
0x813672b3c390d3deabebe0081178a47a72769fad,scam,100
0x9337fa0f40067b321ad9fbbeadf67b8400e189c3,scam,100
0xb37844ae1456a5d26d81fcc8385afa691100e633,scam,100
0x73c882e55d4487d652d98521966480c352a3bedd,scam,100
0x6ba0bf1116e390ebbf94ffea75e6abcbf346e4f0,scam,100
0x8a4878acb0e3de78a57477dbb86d84925e3de0db,scam,100
0xb71cfcdf0e3ee02991a17c82bf4f6da2debdd668,scam,100
0x9f6d083c99e5559ae99309732772bf775fd89527,scam,100
0xfb4c68caccfa3ea46a7d9a7b59a3f91b40705194,scam,100
0x8a9eab59d578ff9c6475666b9d565d49ec7c51a2,scam,100
0x5ff4543a65e3e29f92c002d21757777edd386db5,scam,100
0xab21cd98b9b1649e5c2de490dee85e2d62994c2a,scam,100
0xc189e353ae001a727b1cefecc9c43c68825a6c0f,scam,100
0x10c81ec99360f28eedcbf385ae9849e59387d4b1,scam,100
0x5b84abfe2dca43ea5d0ab3ce3799c330995317c8,scam,100
0x2c4cdf15a8351dea5430b6c8a4e8330d84757732,scam,100
0xec5036854815d42a4528aa8eb6e8c41c43c0713f,scam,100
0x1133805de803d9af378941a09d22de9634bec3e0,scam,100
0x7ce41629617d9e71a2dbc0bb855d90cdffcf0ac5,scam,100
0x25d34ce16bab70c38dc0ca46b745d54b7a36cfac,scam,100
0x7e2d35a00d73a534d4d5508e557e0b1c6e60c977,scam,100
0xad7131b14f9c65457a13e480a7c80a07d9c09b00,scam,100
0x2b82e507084b2d2dd877af237ad4720e028acfd0,scam,100
0x3077d47a741e41c02ed17aae329ce0af77a5c069,scam,100
0x6fe447d28813765d71fe325ed688ac2761ce7747,scam,100
0x86c9c3b4989999a0a2e66b00891bbd797a55190d,scam,100
0x290a62556e90c96be45bd5f070318b83b14d5c86,scam,100
0x5269d53f29a33f787736dbb544d0a4ed50d51bb4,scam,100
0x15aff8d004a5dc6053cfb598b2af44e1e99ee3e3,scam,100
0x3581800afb65f2230b0888acfa17af054fe242ef,scam,100
0xba42fa05f8ff36c2046c2ebf6e3705a452758dac,scam,100
0x9a1883a5b0f10e129cf025484dabf377f65982ea,scam,100
0x6714674bc01aaf42308ccb94a4612b5b0a7b9671,scam,100
0xffe1b64007635ea9164f3a96d2ca10823561fbf7,scam,100
0x443ef2978280acc7e5035165bda45fa0613c43a0,scam,100
0x06c0545a498da6c7887d131151248b6d891095a1,scam,100
0x6fd46b8f504334699c869ea02ddceff0e7bece3d,scam,100
0x8816ef457e6f066d0410aed20a49f3c5bea1c3c8,scam,100
0x62210da2e85fa574f6b372479f7c7ad36e9f1a90,scam,100
0xbc454b3f5f9c12891d86c6beccbab5546d5ed38d,scam,100
0x981162ad7cdea92d9ade27c048a265dbfe996b81,scam,100
0x711264a9df2b8f103ce1587454b1d4cb83a672c4,scam,100
0x06d05f1faafaea906bc25f8f2afa0feae00d0ba5,scam,100
0x9f293d796e2ccd796248e9d9664004c938691785,scam,100
0x88cd5fcec7f4bb5a267cb610ff1836b800988632,scam,100
0x9d00808c604fef60daa3ac2d1c61815c57eda7c8,scam,100
0x9c3413cb905700cb2f0d05e6d19d0934151e0093,scam,100
0xdfce1e0eca059e5ea66ce0925277925203ab970d,scam,100
0x94cbdd2ec37645629f2650ea785a6713d7644696,scam,100
0xcfb6cf271f61870098eaaa11081057b944233eef,scam,100
0xb976b018c0449f540a02f6780d88e484e113fabb,scam,100
0xfd3dcccb3f66a396b82505877588023e0879612a,scam,100
0x02bd156eac3bc63041afa57945232ff3d04c58c1,scam,100
0x99b898229db6edf55c50318388499f70637703bb,scam,100
0x485f376537c17acd0615cc7c8815e7d6bc36d9fa,scam,100
0x47ba29b3603f26132548bc73ffa1157947895d22,scam,100
0x04f71f75aadb38f85418e6737d3619ec0158b513,scam,100
0x2a690d71992b423267e8ab0f0607b1e5d06949d2,scam,100
0x3011630f2fe9e3494f8dd84830b00bb62c11b6c4,scam,100
0x5d434f2805d4deffa7469921931da222b0c58229,scam,100
0x5da4133263ca39dfbc51b1fa47352fef9249d606,scam,100
0x79a82273b074d9dfa25eda8b6a26f28e2fd35d5b,scam,100
0x8c2d5e09f763d401a5abfe366d5237512b106828,scam,100
0x20b8e1830b200d04d853a37fed45c6fd4ce0f7db,scam,100
0x4382b9673097c4a58c0554e3021a79430e778101,scam,100
0x427f7f7a32b9764a141608f41897eeaf3309c11a,scam,100
0xeb3cc4672da028107ff79cd8841d6b63707aebd9,scam,100
0x14e8db36a218d28f38be031421e31e0f1b6fc44e,scam,100
0x03b49e509e2eb993ad2c304a22a3ec6f8f5572b1,scam,100
0xc9b667fae8bc814700b778f155a3229b34053f44,scam,100
0xd4aea62e2dd222760829742f7fee6e4147c86dbd,scam,100
0x9cd294b11310a277daa51201acbd7c396e6cf716,scam,100
0xa1b18f631a450674ac00bf680da47294b4c1289c,scam,100
0xbe36c54ad3e9131e6928863988cda9a430922f2c,scam,100
0xacf2ba7f6420a602210c1eade6f3b3342b6b6756,scam,100
0x1661f1b207629e4f385da89cff535c8e5eb23ee3,scam,100
0xc861601009d4a652a8b68fec75148d751b36bba0,scam,100
0x49d4a61f1cbfa28a78af631f058c18d14c1a3acf,scam,100
0x7586983ed3b58e71a5415edd559c1fb210e18db6,scam,100
0x8b944239c2b808171ad0c83921dfe429d91afd73,scam,100
0x2914724c98050eec49a06e072bf305911fbfbf9f,scam,100
0xc4be96b279b25520bcfebba763f335fdb8f5b790,scam,100
0x24dfe3492c742ecf2406f779c456a55f90902e88,scam,100
0x1d6f4d04bcadb831176418778def040726487813,scam,100
0xb883110e731021cf9c138a031c77e181b7373ffe,scam,100
0x69227919ef39aa8c1aa5a56ba738b52986dafabf,scam,100
0x056f00764c0896a6bf91bb032bff7a3cef1bcc29,scam,100
0x486e5cb581b74327f9ce34db262c79bb74fe7d25,scam,100
0x753d3f577f95f0acbe21c6c0819ab3c6f61288f6,scam,100
0x4e1afe1a284e5b39a596e64020a48c2049362c3b,scam,100
0xfe29ba94e47fe31d7e2425d47014029ec70fac31,scam,100
0x756f76a8d56b2c8192a576865fbffd12cffe3631,scam,100
0x6b5b8024161816cf44f3553d76f1e337b8cdb54f,scam,100
0x8975ea150d825e8394076dbed3aca9cf614d6a99,scam,100
0x3745c8d913ecadda427d934ef492d5a309cb0ee9,scam,100
0xa10e76741c165bbfb1aa88cd6a89c6820f3f3c11,scam,100
0xe7cb1c645babf81607d91adeaf266ef8202d165f,scam,100
0x00c69f9421a1d58601a61275799cc2aeb443acc8,scam,100
0xc4cf51cc504f09967f04c6b198d81bb155563b57,scam,100
0x577ef07758a145bcd51172f3437eda21084b3735,scam,100
0x10ab9911442329990b0c6928b825b6b2f4216896,scam,100
0x7c5c5bc1f28a74525b64046203331a1464476c97,scam,100
0xe6705ad0aad45a5f8cc752c5b01565e926f2836c,scam,100
0x3d459f85be2493a31bcc44659ca3c7379793f448,scam,100
0x78537cb946e5f852716ce9298d39779d14f39fa9,scam,100
0x68b80574cf8733ebeb0f8056820f84f82f76f323,scam,100
0x68144468bc9170c0391b5e2cf75fa4a6fca252d3,scam,100
0x953de0fee9e7b8056dd802b2e9ba0c8e540c68b8,scam,100
0xb96b2eb882d599c8cacc37cdb9c73802a1be36ff,scam,100
0xfb9e9729db82f1e85d787b8a1bac52f27f3a11b4,scam,100
0x213f2c908a20dd718ec92cd4c050b23315eae4c1,scam,100
0xaa0be9b44b1ab698ba2c1948f2aa232edd2ae8b8,scam,100
0xdc4e37f7565b127e9ebf1b406e528a5a41e6f840,scam,100
0x88b802bd291f8d7f8e99f4bdfbe1192dea9a0c15,scam,100
0x6b65511e18f8cab0af076c63c29c218842427d49,scam,100
0xe359df16debd9dffbd4eab0ecba048aab917c6fa,scam,100
0xb353e8a0db6a390fe1f131ef633976c332b4b608,scam,100
0xa564b4ae325518b9365b529cda5f237f6c08dd69,scam,100
0x4d7f5daa27a7fc62702f2367a5cde810543ff51a,scam,100
0x7b7d499c4494cde92fb6eb3ac55409ec12c7e85b,scam,100
0x5438c8c41af44ca10340e2a9b2af962396b2a729,scam,100
0x060ce179fc30f98022228d3694a7d5f71b5c2c3e,scam,100
0xc37e4ec8f4dcc8d322fc54219c3cf115130abb44,scam,100
0xa2a55db3c3504e1c98286b9ab7c89213f3570288,scam,100
0xe8f825b6003ef5738f41c2fecb0043112959b64a,scam,100
0xffc0d69f90c1ee7196b08a5b810f90a4570987d0,scam,100
0x7f1c4252c0f2ab6729aea76f4e6de7f4958aef97,scam,100
0x23f84ddc0f55c339af60d8c041a102fa90ca6b28,scam,100
0xd60d9fb23c258f62338c27c7bb80834b14a4978f,scam,100
0x26bc6456424b324d9ad14e95c5c43c2d32f02cb4,scam,100
0xac927fdd1e2621ef6df38f2848bd373d31159d08,scam,100
0x0000000dc3d9e17e3449e59bb75cb4005ee8aa7f,scam,100
0x0b8c46d1e9649848acd918095cd76ced85341cfc,scam,100
0x46851efa4f3925dca3864ff7e88c9085c3624f27,scam,100
0x610cb908a442b5d49f2e001f6934965a899a141d,scam,100
0xb4517d07f2603c844bfea3f653758ad8e399c3fa,scam,100
0xda3c984aa23c1d45bd424771238435aee37bbd1a,scam,100
0xf05a9a775343de2edb6a808c7e3a6ac8c3d38912,scam,100
0x4eb96bf67785e6e056a91b77ca89d1d2e10fab7f,scam,100
0x5d13ee1d5653290e95e29595478dc833848d26f4,scam,100
0x2d59c892f894201a01f79587981006cf6383ad63,scam,100
0x9dfc43b689d7a15b681d7fa33b4b19217d5fca22,scam,100
0x60396e55d31ffe2f8d24c94af43963be5ade3349,scam,100
0x9904b4376a5caad128f338997601508fe6af2beb,scam,100
0xc2b9817ce8556f836911f424c23024b80981697b,scam,100
0xeafba64991b9f1646a5ac64968357b461733a30f,scam,100
0x5e17206c726fe29ce0b4bd5fd1866d44adf21e9a,scam,100
0x9dd9989f5baf3f3ade1315b1c6695e122047af4d,scam,100
0x183bf0190b98c74af9fd94b979352f76ac26cddb,scam,100
0xa40af2c61296b7950d96ab0a496021df68dc62e3,scam,100
0x085a30e1c6fb0f6e3e9e221c32fbfa1e77a8bbb1,scam,100
0x4c68d5d96ee4f8390bd0ddd4e8dca46e1ab7b1e9,scam,100
0xded703c6d32fa9899438663327399bd45353a094,scam,100
0xc8bfd14b558a9265eb2405ea55f26a42cff8b569,scam,100
0x9e3e0c451248520739c4a237dbedefa1062b8658,scam,100
0x9fcd0783ee1f717f8169a7ce1870a7eac4dd0ddd,scam,100
0x33bfab8729400924f8bc5989b0bb7b43b8fc6234,scam,100
0xe6b831c7b7b42286279850733f75558f6b6888cc,scam,100
0xe40fbedd793007147c1568a270dc9c4b342b6566,scam,100
0xd7dadbc826664af79319c0b989f02f405ddb0339,scam,100
0xa1b8ccad8fbbd508f31974fec72fad675d21f3ce,scam,100
0x021ef692f39a75cee36cb3cf821d83216c638fa3,scam,100
0xbf8d486bd0962c659c77a2a8ebc4f62155311dd1,scam,100
0x2aaabdf45bf223283d4bca613c848a11642aee64,scam,100
0x2245c6b806fea2eb59ce0ee2987e352b0b271fab,scam,100
0x9a7cd983332139ea27bba81b4a5a5a93fdfed172,scam,100
0xa20b1e377f7e80fd5ee7f36f64e4f96bd5aa7e1a,scam,100
0x745623b4593203955888d3f6ffc7c650e4731bc7,scam,100
0x13c895ee2d42560691fc2a524e0e465b4f7a151a,scam,100
0x807e7f7e6de4669ab30164eb7701dc7b24ccd386,scam,100
0xbfe8cd249290109e30ae6db0bd90c62c99b395ec,scam,100
0x4c07aeb5499febcf46083ed983b3c88d1f24cf04,scam,100
0x596ba7a94f38380d7894c5a16b3dfa4cb057b740,scam,100
0x31550495fb0d148b7f665ae7950d04aadcd81332,scam,100
0x1f3f81c6e989943bb7da7a49d4f0aad4a926a632,scam,100
0x38b00b0b025f2365def28e37439e255307b055a7,scam,100
0x26fdbbe0fdc5d49729189fe45b9f140a8f05e26b,scam,100
0x207d239bddd69e8ea70fe3e9babea91b7da89091,scam,100
0x8f1a7d3efe816c0108b12a113e2eed9ddc823079,scam,100
0x0a62a6684f1a38ba272ee2fdd190209d275df821,scam,100
0xb7caaf00f3d07ea489cf0b5736b4575240b0eff7,scam,100
0xdf1812480ea31c5a111731c5d1087b6970d3c2b0,scam,100
0xaa4633b410d4663cc70f38dec4c462ced17dab1a,scam,100
0x9d0e4c417706bd06434ee512546db8f21603dcb6,scam,100
0xa8f3762b03ae73cbbdb9173d3537c632628727a4,scam,100
0x8d1d6c9a058ad31de1ec3c773e05d1ddb4c018ec,scam,100
0xb8f6e49976d90d61c809c7be50211da4d35a5011,scam,100
0xb32e7d8fad9bee06ec7429991150e913b55f5931,scam,100
0x7271eecee5d13228579e72e95f6459c4a8c15ffe,scam,100
0xf1db5adff01b1a6314f989d5775b0b97b0f4bafa,scam,100
0x78a107295e84524d42889bd66359ede357ae4e62,scam,100
0x4d94f0ee902038441a6a18b287165d117b53451a,scam,100
0x01b79e94ec66a303d507bfa4ad82ab5766b37078,scam,100
0x6806f8a116b5ed1c3b46b473a2787affa1fe1abb,scam,100
0xf520d454002eef657a7caaea1e54880e00b9ba8d,scam,100
0x5c56a826334aa80b3f5d64bb4f69dcc4bdd79d17,scam,100
0xdb3e9c73d2613b1cad05021df14bb424bc4002f1,scam,100
0xf5e85d9c3eca978ccfda62fdf6a2b2552b8f1440,scam,100
0x8cb4f89fee4d6a0cba3a9e24558fe02217ece9bb,scam,100
0xcfdc67738d88c395e06efb4b25dc4f71805c1533,scam,100
0xfc143227931b9e2b05773511f3ce548894562a88,scam,100
0xbff22c7ed74b6c58bfb0ad11e1ecf08f30a6d64a,scam,100
0x5adb47a987c2fb45a623b066d05b89f591243174,scam,100
0x5d32dea089e4a3a56c46b33c975c14272136d04e,scam,100
0x8f051d80af327a8abbf238f1413130d2ecc2b0a8,scam,100
0x7c53b9fbb969ef5bc020ff810f1840218a33739e,scam,100
0x597389e92b18c06fd19c581fbfd9a199e5e1a103,scam,100
0x40a973f96948c0d90184c7a9ccb36a703711342f,scam,100
0x70660dcd5d4833276bfcb72c4f811b3637750826,scam,100
0xb55febe8f9903c35e75f88d906ac83d425d57153,scam,100
0xd044b9999ae25ce76a0ef6bcea9950a254cbf076,scam,100
0x1776c6ca2f1a679193f82d8bdffc7ecd95c3ba7e,scam,100
0x2e1b0a6091223b5146d20149073697857b84b532,scam,100
0x806b80c9427dc8f5c3360ad4419fac7da9b9f0d8,scam,100
0x51cd8c64345d606f59f866185493e045def976d8,scam,100
0x8ac27603b5c2c31d32bc8b3b6b738420cf36a74e,scam,100
0xc81476ae9f2748725a36b326a1831200ed4f3ecf,scam,100
0x712dd65e00d630b035d1185a61bd902d3a1f150d,scam,100
0x5dbeb0fe0e6b5a03e9912628df6a073aeabe5b47,scam,100
0xecf5ef3de06c46adefb0640ebb44d37ca0de9eba,scam,100
0xdb2dfeddd270b1b2a5e817dfc51e30ba638199c3,scam,100
0xf5d3f82790c10f4059e7d94428e1631b67cd51fa,scam,100
0xb8dcea5668aacab0e69562bf946022a63ef4a637,scam,100
0x5b41ff24331cdc89404bda7656324db2737f28ae,scam,100
0x9cd1a63b7cfcbe0396880cb8e3ea08ede00f0cc1,scam,100
0xa16054406c6cdacc858ea34e12a64b082315a63b,scam,100
0xbdf51404565ea37369b5387af20a3a4a9290921c,scam,100
0x6a705efc2bc5f6535be6816d2e499fbc0a7c3c18,scam,100
0x9c0648d07d9ea5a3aeea7ac21ff1021b4f2f7fb3,scam,100
0x13fb7ad70b732818e745f2bca08af1525ab309a5,scam,100
0x0c05314f96750e8d725d6de508e196bf57ac9863,scam,100
0xc92312b746580cfe9cfcb918e2ce07cd782f7772,scam,100
0x1db6b549a22446d78069f63da223c305d4fed689,scam,100
0x7ac175546b10cc982216be9c51345a64fe777ca8,scam,100
0x40863e15c80c607338cff9c3b10daadf9dd65cc8,scam,100
0xae8561cdbf6e0b5ccea2efdc548ba72c494a1d0e,scam,100
0x7841d353cae6201788f5fc6f10e37309122d9bd8,scam,100
0x2a355cf7aea729fd38e523bd4eedfe48a1b07e32,scam,100
0xfcc2b25f5fe4ecd1e5badd8caa99ea50bc5899a9,scam,100
0x6f70ef0252d9ea23fa4f4f5ce0aac7d452973c3b,scam,100
0x3f64d6c087e6e226e45ee868950fe6441ad4e1d9,scam,100
0x2bffe9b1a8656b1e9d13a2d747dd77aea891a8d8,scam,100
0x472de8f722d779f33d65325f18b6aceeef97f1f8,scam,100
0xa2260526fd0f0b616dfc8b89f254ae83a092fddd,scam,100
0xc689d134e5db324c588b21fcfd5ef25f50d92704,scam,100
0x6bf0918df30aa65c185088b7dd84b385960ca8bb,scam,100
0xcb699c11b81ceb56c16392e71c3330607a1894d0,scam,100
0xd96c8ae2e14943a16c9934747ae25cc7084903aa,scam,100
0xd56c2056d33b74877d4a524beccd352b65d006bd,scam,100
0xb2c357848da0de4b6aeabdf54e63f292a6310ac9,scam,100
0x6abf433716c2a36675747e27da3e35c36e6c23e4,scam,100
0x61356ac53e6ea99383044581a9b5e20afab8732c,scam,100
0x22714eedf31269f84c7bde6d58f0a4193ec7f15e,scam,100
0x44f4b48835b0151af6bafcbb5dceafabd2236c82,scam,100
0x1b0c2250fa71d7ceb2b0f0039c5c2418cfb315fa,scam,100
0xd8ae532f8bdb44f1e5a66d627b2c6c80d3388535,scam,100
0x5116d3f2812ae0db6364f2c2ff3fdf82cb5edd92,scam,100
0x9094df5d580cda43649066791598f15b134fb62f,scam,100
0x1fc41eb91573a055f660a55f48f8d1d8ce792e54,scam,100
0xc7c28a5a281d7f54acd4cc65d3d3881274ab834c,scam,100
0xcb562568d2db9a7d79646d4e9d354f37061fa860,scam,100
0x433a8562672b2dcd69c97e28c0d0b423434d86fa,scam,100
0x82fa497bb1003068e0a10b2b91258ee027ac12ec,scam,100
0xb5ee49d4800807221fc6be68c61464ee0446f217,scam,100
0x506ad0a8b68f79afd0a2b22a9bb620e0b5c20ae6,scam,100
0xb0a7e5ca4058fb0d199c5e1c28856e960693cf36,scam,100
0x1aeb450888ae36ce11bc3764e8ba4770d43b9e41,scam,100
0x90f17fcf642f7da67871de7b4e822dfb9b710fb3,scam,100
0x4d08d5dedc4122230f5f906f3f83027aaed23085,scam,100
0x8642a771dc58e8ceace2a763583e5a026ea1e415,scam,100
0x07ca0182097443bd2eb379572974e8b2b717aa52,scam,100
0x04f00c091c936d46f8c5d640dfac9d81fe5fcb75,scam,100
0x26b9b5d0a0e3a8df527bd80453a88c64566799e1,scam,100
0x42f07f00c5ef5e7df6d5daf75c1a4219c98cf416,scam,100
0x41a53a0be497c828f09ebf8462563325b1e82bea,scam,100
0xf4e3e3dc470f2d8e3508e7b26a8dc0bfd05238eb,scam,100
0xd8770e115b9fdc20c9143a8d2435242c3dc0e324,scam,100
0x47ccaea4ce5f881de2654a91a057c6354ad6223a,scam,100
0xb55cd65e656a664e1a27ff8f7bf1daebdeca284a,scam,100
0x0ccdd2e45c455eac13ed6edf9648d9125ff8e576,scam,100
0xf2832077a1467e7ea362f44ec2e5ee97510ba669,scam,100
0x4ca9891b2fa25106549c283cc4767840863c88af,scam,100
0x309471aa5a39f311e78711de6f5806c2ca124d8a,scam,100
0xeb39d2fc0e8b1a12a7a91d1fffbaa4222f4bc9f0,scam,100
0xcc9419c7b222381fa8bb1e2062bd82421960e295,scam,100
0x2ddf89273aad5109c6849b64709d4ded6e7263ae,scam,100
0x8ce094fa98192012774cb01501c0abf0eda43ecd,scam,100
0xac974a879f4e6830d7b626cce3333c33454370ef,scam,100
0x92054166ac4ca6a109e9acad4efdfe348215024e,scam,100
0x0ac9797f3d32c068696c48e66d1dc45abe46255f,scam,100
0x197c65e6b0333ac834328c50d9f24685a9b22765,scam,100
0x265f041f10061f063860a186343373838dcae977,scam,100
0x6f4b9e544860ab06a3367fac36bffd8100cc9f31,scam,100
0xae30c5236c93393fb59ad617239d49482f634554,scam,100
0xce82c1fc11e1f96723d93570735c095aaf380733,scam,100
0x34c4cb81022c7e4fd25ffe48746dd6d94016b242,scam,100
0xd9c7217be8370e8cc370c84d3e4c00a295c8dd23,scam,100
0x4a2cd65d35a20014699f28fdad031383582dd62d,scam,100
0x85afa2dcc3360e4a4bbf0044b337a1d959e400cd,scam,100
0xc0460fa146be925cfd29f88770501ff560efa059,scam,100
0x943029eb33c6ebc6c034f9795bfe5599a97dcc95,scam,100
0x682eb8c32496082f3c68166db6eee94a7e19b0a1,scam,100
0xbb824f1e6f1672be0a97f5f59e8c92b2608b2514,scam,100
0x8a07b12114b9e7d862877325f3fd61669dacac77,scam,100
0x1d21f45ed6620a9e5323a083458691f86cecc94c,scam,100
0xdf414f693be58e6d2788066ec388ae0136eca9ae,scam,100
0x625269a214fa31a8caaff203878fb15d373c2b86,scam,100
0x9a87d4c0a898f3c4c0ed47c551ee10adf234f8b4,scam,100
0xb246ce56751439c1ab6d4de9393129cda7ac1e95,scam,100
0x9c8492eec168e93be8930133f93fd1fc81776c47,scam,100
0xe3717b5399b2cbe01d295f7b1c1e72618b7b26f8,scam,100
0x4a404be0cc6982ed80138f4b8ddea4db64deaa4e,scam,100
0x1572e6d687a79a30b7e25e4f3837f7af2ee442e2,scam,100
0x749bdd6bdc42e52d95c4574d09054f6f3ff4b34b,scam,100
0x7b5f326d9e8b36237d17a1918f2fd99992619eae,scam,100
0x5f00a29882b5683586afd0baa4e22b083b941978,scam,100
0x41fe63738eeab23a70e38fd1ce10989716eacac8,scam,100
0xb3e5c6be2480850d92b9641fd327aa4a7423f95d,scam,100
0x81b9d3549d8f8b32b3acc647c3465831a60b3942,scam,100
0xd8f7719c6f686d1ca7cdba8a012ef3f82851e7ab,scam,100
0x65d5f38e5292dc0e50e3260d4ec42d2b182b0083,scam,100
0x9233bb72f1bfdff01df883c60fea4e5c0994ba0f,scam,100
0xe4e08f22cbb485b82a5af328c24a34cc438ee02d,scam,100
0x2f3c644345aebda2ef76822b2586eadb643d68b2,scam,100
0xd51ec1eef089e58e21b84842ab3fb20d6c107d56,scam,100
0x89587bebcf2e364692bff781440d366653422608,scam,100
0x8c85f05d8bdc4beb0ab551a13c051d4e94e9d221,scam,100
0x56cc5099d0df3e8087de679e291134e6797dc0b5,scam,100
0x156c7a66d7089c3dbc0ea594f9d65ba7e9fce623,scam,100
0x3ad36e84164a5bc5419008bdb9504224bbfcf864,scam,100
0xf171f54c086c5968c87668c3c82779cf3317a3d4,scam,100
0x1e87c0c802b8dd184f0e0f14b237beeceb4b326e,scam,100
0x22dd67345c10140163a7cc15acca977edef3ae9e,scam,100
0xc6b5329bdbb1ac4e96b4537850340cdf53a1df6c,scam,100
0x46bddfd89d20f53c3506e69e15ce4445b3cb34c8,scam,100
0xafbdbe5e55b777088111a736793526be429b4cd2,scam,100
0x5cd6ac5769b65bb8e032946faed88ea9e6892585,scam,100
0xbd06c6ad5d0ecaaafdc01a301ad771e08bae0af4,scam,100
0xd10aec9ee7a5450b33f05a3543d7bda33d5add76,scam,100
0xcf6624f604222056be37332e594856e829197d89,scam,100
0xf9cb08cab5359b2516ca6eb4278bd6204f70aaa6,scam,100
0x2892da634fbc372b07439d43b85bdaba888bf994,scam,100
0x0731d257d7d69298d116c2cb109cc4ecd3487e9f,scam,100
0x4ba38dcd6f4d0048a46df9ad971d244409cb166c,scam,100
0xb57e8f5d35e5ee415bfcefe3cdc48504d322cae6,scam,100
0x60263b8236349474f0a43ff8188b0f1748a0ad8c,scam,100
0x32f04a634811f79dd78dd7c37eaf7cfb5a772a33,scam,100
0x4189f6c30fd4933a97260afd42a4300fd94a71a3,scam,100
0x1de7def5f15df36731b96fff106375ff511b84b4,scam,100
0x35a3919df24ba07b6e2311926497a2303a182202,scam,100
0xf7b2ab2321f32607fa8bb13723ae98d1e7bdd099,scam,100
0x09f259647b6fdefad7c1baa746e97ed2671d192e,scam,100
0x0aa9ab64951d571ed360142e31681bbc0af61596,scam,100
0x520d2769adf9042b8481cd908bc9e84687dc6374,scam,100
0x040aa7e1f2ea1c4913eac22d53ec9a4ab7deed2c,scam,100
0x53b82176147e1c31b40b6f6ed3711555984f2b5e,scam,100
0xb284141c0909ce2e8e4cf468e9c192242565558a,scam,100
0xa0d7dd61aed55bac4fb2b2374cc7b5d421f3adb3,scam,100
0x04aa9817e8c2461baf8b331af716ef81f510ebd3,scam,100
0x6a09ffee847db80652c6711596bb176b04573ab7,scam,100
0xe1bce5fca191aa8be34f750ef3af8442dc200e46,scam,100
0xe2af483b202ad9d6b2dcf766741e86a8c137d556,scam,100
0xb87a93d86831fa40638203ff50c2ddec9c15d99e,scam,100
0x50a118f91031cb26bf29deb601473f034f0b9cb9,scam,100
0xdeaf1e151430c146a5044cc2fe12749bd772bbaf,scam,100
0x4ac363d223358dc689f7dab788b9eb0d3cbc0543,scam,100
0x4bed16aa8af304bf249cbe317554d71a56b46272,scam,100
0xb116a33fa9099a785a8c1cf7eb31588e8847ac92,scam,100
0xcd3c8f4fd25d96913ee69e03564dfde9237b1cce,scam,100
0x513462c44978a1375f030aa9510874823f4bb690,scam,100
0x8e5d2cb4dc2ca4ad7b40cdf0e9203e58bd6b293e,scam,100
0x8a1b0379e31bc4642f3d63e0c56f39753d4caafb,scam,100
0xd7694264c87b864d32b2f4bd14f07b5cdd60a100,scam,100
0x7d4677124f07721b6ec51df262b93f2fc2e909ca,scam,100
0x7924bb20e48dc618a634fe53d808c56989e80acb,scam,100
0xe48a7dbc5925ff20f7aaf25614c364eb9d01c842,scam,100
0xfc6e23af690bfa315db290973b8d95b389d81276,scam,100
0xad512ddce9de2b0dc312f91e0e908e9ce40e2bf1,scam,100
0x1b7ac5160c049788b5a99d8d5e72fc0e38ec5c95,scam,100
0xf51289e4de4baa02be2197207a77be350bd2caa6,scam,100
0x64badd85ea665a9a616dad2b87825913c3c0e68f,scam,100
0xa4814e86a33e78e55234916be276d22c354599eb,scam,100
0xa6e042979dfe5839b70ca54c833c7d6343763269,scam,100
0xee683fa3ef35970eb3c32f6e58154cfd690af436,scam,100
0xd1fb34b96ab3855d9949037c85ab0274a8740ac5,scam,100
0x01fdf2a630acca36494215bc07b706901ede063f,scam,100
0x4daa1a7e75367e938ea1cda3d1cec87cc6da336e,scam,100
0x2691391e21c61912bd4c6a690b51bb5789769c7d,scam,100
0xc370f33f595913de942457f5c39870a34c4bc3b4,scam,100
0x6bead068a21acec03c0f5e81a0a4a9636420bcfc,scam,100
0xfdf47bd2072041d501d61b98e8a6792448b3fb36,scam,100
0x3e23ef8428466d16041d1a5b2502c39dfc2ffb4b,scam,100
0xc4802dade68748ab43f3cfe437bbd3d736406257,scam,100
0xdaa1efbc174030235e5a3b64a3fe6980ff918f15,scam,100
0xae61d8409cd0c859c8f6fd69288cd70be794db2d,scam,100
0xf92d55d70d60d3b331a781d9861b767e6bfb82ad,scam,100
0x3fa660cb1a04de8bd9153b006af012ca37a2d69f,scam,100
0xe77e93c9c27002e7ea5fe182914eda2e3e758dc7,scam,100
0x7dafbf82b73be444cb2771191501cc2eec1deb42,scam,100
0x81fa8793a7e8b337e4701645521ba64177512fd4,scam,100
0x58e2e0e9f4d919d9b9951d42f974029663bb81d9,scam,100
0x744b8197e5d6a513ae577f21dacf60282234b5b2,scam,100
0x882e2f5f443ac8c219018f67c3a9418839a5dd53,scam,100
0x520b230af60c0d74b71515c69d6544e989ddecf4,scam,100
0xd166225fc80f97d1d912f1c9c98ee776fe726fa3,scam,100
0x52e7c9a1b0fa655c42ed623e963f8e761d3cede4,scam,100
0x2c95c0db8e4d6c36d9fe8845b47d0722033fda29,scam,100
0x86dc26bf4c3d4f2b542fd92501a1850c7629a9a0,scam,100
0x169a9896414e46924e56e70fcb8d88bc0878798f,scam,100
0xc7fb70519af8ade692f36a24311e7688f5d0a9bb,scam,100
0x3c45781b07bf143dbfb4d9da18cb9228d1d6f22c,scam,100
0xde878a5ae8a0f1c8f59fdef91d55f7a45bb16829,scam,100
0xe417cdb37fd88840212397e5f5c586a94fcce4e8,scam,100
0xa344da96a46cb135f8559177c7872b3dd295c703,scam,100
0xa9c5ff0f8d0f3c20036efbf54af433679d255b20,scam,100
0x996c0d331e3ec3fdc40bfd6b5d88ad1747f32774,scam,100
0x4c79883da15851a900216791e7ab059580c0ee55,scam,100
0xb891307ea0784d5d838a0c8faea0268dec5a6e1f,scam,100
0x98e8b85e27a19cc4a7fcf99187d0d556be7bde48,scam,100
0xe7d42b6229731263c5bebd80aa91af33925631b7,scam,100
0x76fac1a5f4200f182941c056b385aef6d4a09216,scam,100
0xfc6189294891434799c14c039d6e614f902f8677,scam,100
0xacd05b0771c2f84324128bda3563724551cead37,scam,100
0xbf2d6b784df3ca1d735ad6f5e51d09c830652f4d,scam,100
0x8204526834c36011674ac13b0250eb5564e83a5a,scam,100
0x48e0d008179cb24f6bdf74abb98d5e625f12738a,scam,100
0x40877e8ae9c0af0b448ddd095bfac357c5377459,scam,100
0x3c4084ad4b266d67ff8ffbc7178b6f89f3ba2e08,scam,100
0xfd681f728f99250c522569fcf3b2e6e0e5a7fd19,scam,100
0xfbc901ea9f160d72df99f60e0b80647a28edafb5,scam,100
0x343c1f586ce7153c55157ec0caa9c168902c4990,scam,100
0x46e8259cc33e2d08df8b650e1fea1db613a5e43b,scam,100
0xe13f907f807f784d35e0d1285f52a52076c0ae6c,scam,100
0xeabdc32dc3904ae02b8c71a41ae16b23e7bd3d8b,scam,100
0x60f30dafcd3d885174788ebfaec1609b3e867208,scam,100
0x5fa592f45abaca4105f469884a9d46cdebd82f9a,scam,100
0xead28eca1eadf62ef82c594bb767f8e952864a8c,scam,100
0x35e5720cb3de7fe55a127f4905c32cff751e5857,scam,100
0x9b160c95e073a381b86d2a39422c347eca5f88fc,scam,100
0x9445ab6df8d0882fc7d8c6262d8ff1c038cf4dc2,scam,100
0xc455103ac468af514171e2a56f1f0f9c7a59dfe6,scam,100
0x79c3af7677028e1183c54dd655ef4a9dad7b84b9,scam,100
0x6075eb07fc1e2acb47753db3abc9b4ccc4893cc8,scam,100
0x70c6d61a0814b54b65dd3190c3ea0d7d351cfb2e,scam,100
0x268dbf85f73732460eb47cfeb067d9e49be49aca,scam,100
0xb56bcdd349d11160977a3c7bc0de29f085fa6596,scam,100
0xd61dbf9c2ac47e243dd08f52f269974841d39d0b,scam,100
0xf591add4f116e9b4b94e17915c963e9b5466720f,scam,100
0x21f139636186b99a0d457570b6b7f24e1c38c105,scam,100
0x8009194614a7b3bca888fc8f994d8545050b9d5e,scam,100
0xb2246e29ef64d6837968290c8631f87bcb4d914e,scam,100
0x8ee460f4b2ac29daf5c560098b65b518e1aebe5c,scam,100
0x05a8841d3122ff1931d082b593cadda549459538,scam,100
0xbf28eb4e017e472f9f6c11efabcdcb97f5761707,scam,100
0xf4740003307476979ed461cb696bbfb37b480ca1,scam,100
0x3eb30fb34f1d5417298159418790ead96fd48bd1,scam,100
0x2f1b74a151405dc653d0ae5ca3a61c60e4cce220,scam,100
0xa74675f3b6cf874b1e8a03003599333022b4c76f,scam,100
0x852e9bef1b4f6b9c3b8da53beb7aee022618af0f,scam,100
0xb714aa2fc03cd6e9c876bdd012591c29396addd1,scam,100
0x28fa22184f3748e116b9288d236b267466a3a017,scam,100
0x90717619aea6920aedd6fa23fa5eb3d49a9c1c1b,scam,100
0x1a425786714bd0678698ba3fc158d432a46ed3dd,scam,100
0x38675922f69a15f64933522087d133a2d0bfa245,scam,100
0xae83a8469ecfbfdf6f98fad48d82d62dc4d76e5b,scam,100
0xd55320b0d1156c9d4bbe7c4572c6fadf310b1ce2,scam,100
0x8c88d1b9fe57a3940bcfd7dbcd145f8597918501,scam,100
0x98bddafd42372e862f97a1dae3663bad8ad1ac02,scam,100
0xfb0eda65ef558efe18903269765dd60cd126be5d,scam,100
0x83bc0cd6c24ec6e4ba97872cc46f71a9347288a1,scam,100
0xaa2b62f86e67815f2d7243e63b46afa0cda37842,scam,100
0x5bab1eb26363c7c688f7d303a409c53d3fb5a47c,scam,100
0xc7ed9325c96692b38b88b7cb665596b4e55c2c83,scam,100
0x03ac22eae938b21fb843e51fd9e339c22a851f5c,scam,100
0xbddc892df7e868e70787d30c83d8062231b033db,scam,100
0x8ef6861d980a764829d314509fbf2c534720a65d,scam,100
0x03ceefadda784b04cdce77065d0344d8151a9b16,scam,100
0x3527374e3fac07c10545e8d9333f34f7c4502592,scam,100
0xd95588bd76f00ee5ab9c0b304f4f9bacf46c807a,scam,100
0xf56e45a09c9a988eed3dac03987ffa54ec3b11a6,scam,100
0xc8873761a823d843ce31b48054a1684ee68203db,scam,100
0x0b22485f0422c0928c7e06717bef1d13f0bb3ebb,scam,100
0x6f4bb89f6290adb36c1eacd24de06332a92a442a,scam,100
0x44e15afa9019267e8b3c09d9cbdcb552cf5cd7e9,scam,100
0x033b160e7302628b937bd286eff46cdaba307825,scam,100
0x714d7ae5aed0699a569b0e3f061c674d21ea8d5a,scam,100
0x2dcadacc906b6f87751d4312be277245ec851be4,scam,100
0x00f4d7044c10331e007731c689190fc6dbcb7a9a,scam,100
0xa934cddc9cf2da7fbed937859de020a4309ccb47,scam,100
0xca3de1be318758b38e73e26735bf68073a9b8316,scam,100
0x03e6dd5129fd58b76339aeaf9ec6f174d2b34362,scam,100
0x7eeaab455e9a7f3214d7c028203eac253ea940b0,scam,100
0xda07c1b3a841a046357870210542c543e3829869,scam,100
0xbe8d1cc954ee7e8fbe1996201b4923c97376d4ed,scam,100
0x7e48d5dee82eda008c721a6dacb485fc4b2cf228,scam,100
0x1d865fe45d735c74a18d67b9ab420c7b5a84da4b,scam,100
0xff34023396de50ee46f65c7f9f327ace9cfb8266,scam,100
0x98ce4c5f547fd896ea03ee9109815f87ed7b293f,scam,100
0x9b12e03acb73dd8b58c0559c07be1df49a1da507,scam,100
0x81a1b3914e18f1bb7516b4b87806c9ceb8676b85,scam,100
0x0ae840e9f22ee82c9c1ed56425cca2413593e89d,scam,100
0x7d651fc1e355db3ecf896248cd87d18b81281aa2,scam,100
0xa9e5e7868a39ce91bf7a5cd98a1d5f055c2e1beb,scam,100
0xcb3af88ca756a9fe3478862be8f40c11d6b09729,scam,100
0xc808262e6f818caf1c5682143911b97fd7b4f987,scam,100
0x12ed74842c240db56f20e37d9080514118f05b76,scam,100
0xa941f931c4fa83babe5ac934dd27d229c9876668,scam,100
0xfeafb284064b8519e21b0e546ae289034f095d88,scam,100
0xf0379be6d406e490bee420743b1116e1785bb54a,scam,100
0x76ff6574a8d1d39be07d154514a9e2f8230f0b8e,scam,100
0x5dc97e06e0933d6b4c30ef43157193b6a363a483,scam,100
0x036605a5c239644f0f5e81e2a4986f8ab8b58b81,scam,100
0x8cf3d53774d93ebefc582cff434bf1c58a5b1908,scam,100
0xc273908488ab13bcd6eb0a65be084f1d662452b6,scam,100
0x3dc0e3bdf9c02530042d5151fefb29bc9740bb9a,scam,100
0x9caca9694709a1c120f9422155300d3814da16d2,scam,100
0x78aa2c23b5238864e41ebbc1224605b55a019912,scam,100
0x44d2ff17f5b24b9630129ceaa931f383cae3677a,scam,100
0x4d8000078f55b3352c093abbf179282ea5739b6e,scam,100
0x8c339327bc91f481ae53e6bbabfec214111accf5,scam,100
0x0c04272943d9c0144282881d0952ba87e787a3ae,scam,100
0x109ce844cdc34ebe3c9eef4b1b11a150625227b8,scam,100
0x5e5c79dce5ac88e28861c33952708e75d8c9d49c,scam,100
0xb69157542bcbe2a3f8200854a46e42a418feedef,scam,100
0x606cc4ffcf9fe049e4b8e40c03a7db2d905c34b8,scam,100
0xa3a86824042eb9a7748d593796c71b91d64c8d5c,scam,100
0xe39fcaf5f31827aaeb6390b7e0ebba7cd9cc06c5,scam,100
0xdba78d6f236401e5c353206229752c81dbe7f4fd,scam,100
0x4873187a8d4a5c68dafa1364f2cd1e7ac70036e2,scam,100
0x6f2df504da8f7ab8f4041dfa279f45c2e43fad21,scam,100
0x25026eea30835c7b99d1f8ce442cfa13ec1791b4,scam,100
0x8275aea6abe8a950aa5b0d3754db4ad4625e2e66,scam,100
0x5cdeae44f986fe1120d594cf21dfbc01f4b3a3f4,scam,100
0x1a06b9aadb01c34a050dfd41f8cf5f2394fddc79,scam,100
0x79aa596d0ab3f620969de204793c2053369a0eb8,scam,100
0xc3ba17fa6cf6ecde38cc7b4e68adc08a1ca35dbd,scam,100
0xf8aab6bbb6f8176e0c9cc8ea0ffcf3d0ac6f67d7,scam,100
0xfac86b6d77569e8f9a18765324e4444e20b81de2,scam,100
0xda06ce2f48089939dcca58dcc28b59cf08f3eb15,scam,100
0xbc80c0bebd7195daad9ff1fba9a9002a680c1305,scam,100
0xc1ccefbd3592e08866a683e314d65bf5eb810dc8,scam,100
0xe320025b0c229c33b814880626c625b6310a7254,scam,100
0x0555c5fd9b2abbf989335664463a394ba77de14f,scam,100
0x75d513b8143a29498e004e542f916bf723373e8b,scam,100
0xbae737bf84ec8bf463c31732bb61ac96454139ac,scam,100
0x90162a69b855bc8477d2d0f013dce3e217fcc8dd,scam,100
0xcd6bd4fcf5b4707263cf5aaa70ab7bee46f82adc,scam,100
0x2851ee90120f19619810c0edbc9ee18d4f96214d,scam,100
0x9f23dc4c410252bb841644a8f833771cbff97df9,scam,100
0xdc6a26a14202bda7fce9036d53ca410d3405d02d,scam,100
0x2204a4da8a937f02a9babc8d6a315735a44c8f08,scam,100
0x788651c3e0e486c6a99281c9ca477fa02f717a96,scam,100
0x9e03d21907a227fadb996483babb60213be8f5b7,scam,100
0xafdf95fce4e1a39fdb8c98ab4b3a0c026b0eef9f,scam,100
0xbddf97857754f09a160088020b78c2d5c821fc62,scam,100
0x37786b60845b0f301648e23053b676eb92aec322,scam,100
0x86fa387fd0c5e6c82509fefdc5450579f86f5426,scam,100
0xb559f3631bae124b5dfc08c1070ae4e14e02cadc,scam,100
0xca98f11729895dec59b614cc9c7432bf4b9e8e8d,scam,100
0xd4c1566963d9441f529a8aea732812d7d889cc4d,scam,100
0x34205b422c99c2f3ec5dac2f5cbccecd54ad6f26,scam,100
0x1ef520459fb58089ed76fcd5c7d1985d37c47820,scam,100
0x62ef62e7936565b0274390041444cb46e8213195,scam,100
0xe8ff7ea39a86954fc7639814e291cb3eb0bbad52,scam,100
0xc62cfa6f54bc11443a22b3d337eda7843174c7b1,scam,100
0xcc068ee1004adaa2ca5760e29b2ef657c74a401e,scam,100
0xdad38a577e187a684bb751537262f67118fd0408,scam,100
0xf54374d31a90a9a2e274fd7ec087996551e22742,scam,100
0x18a58fa657d82d27f7d756513c1b356cf64ada2f,scam,100
0xb18493efdb305cb6e541342bb0c72845de58c3c6,scam,100
0xcbd032dcc07c226122710af02e4320f7ec601182,scam,100
0x2150080e5def17003ec8f56d71133291d72be111,scam,100
0x53bc5b3ac5463ead867f43f066b50dca202dabad,scam,100
0x9433b1e6bd4596a3899d7e576283375b749002af,scam,100
0xa615e6ba1540fd554fd5f55d513f62e8085439ba,scam,100
0xafe4113a0813b01fecad75442f3b095e994a3c2b,scam,100
0xf93655d253b91bb8b19ebfc17d33ea540ba5242b,scam,100
0xacbf2d3adcd25bd5d4341787d962ea802a4d4751,scam,100
0x7c63d64571d64d17bc7f0d496742b538122bf1b7,scam,100
0x9777b8fef68d29b52051ca38b53a4eb0bc578d9f,scam,100
0xc5bbe3e327012d03947fceb90242ae1a98f45951,scam,100
0x822f288add96496e23b9df628986e367e459957e,scam,100
0xb0c7ec7742e54273460dce98312bb50db574cb3a,scam,100
0x709fd1d21085b5280ec05b719e27087c98da72d4,scam,100
0x35b35dc5f1f36afba2027b74ee174aa57d3b549f,scam,100
0xc106d2dc58a06b74f9d46c3e5c044b398027b063,scam,100
0x6fc68efc7f076fc3e91cd39efb43a829d262c49a,scam,100
0x4108ee39dbfc520fee1e759699762bc9550b236e,scam,100
0xc9985b5a8dd93f5f015a8a2e91fae331d5a3a8fd,scam,100
0x37ef7caef1057b0781d6c1240656b0e3fd14221a,scam,100
0xd7c52bc12165064668b14ee604f2be308a43165d,scam,100
0x415b1e66a132a8c6e360fa2b93dcf822a49cbe82,scam,100
0x2310f36d194f317006c359b8fc4a629b2d0c8619,scam,100
0x01f3269bc24f190bd4cb40150740b685f0bfaf63,scam,100
0x31527235b2cda40955a2fcd36bb2e54a85c1499a,scam,100
0xdd404975a5c0c84f5f4a451502deaf67521e28fe,scam,100
0xc9eafc2a971ae0088d269627054c4a5cd691fe5c,scam,100
0x1b85e75be76d51c68bd1d3559d57785af6e488d0,scam,100
0x396a0eb8cfc070d7c29ae0d62f885c07e6e0c450,scam,100
0x54d470a4cbe03c92a6cd766a5b94cb3d1958f21a,scam,100
0x1c90e381d63b0651f46f6fea08e51daca06b7917,scam,100
0x3cb5650599ebfe4e96f94770d49bbe76bdec4cca,scam,100
0x5032387bfb582283b35fd71ba90df03f0ddd2dab,scam,100
0x61b4c3ba5282e4eedb396ca0bc2bd878d339c197,scam,100
0xddaae84c577b5d25876de1f509773059c6e20ea7,scam,100
0xf6df07dd0c6b97b1a9905a2491cce776b433b4c6,scam,100
0x94727450bebc0040ffcc3652f3aa41800e48dc0f,scam,100
0xdff751b71949b2b00cbb1a313dc2c1c6f2d5687d,scam,100
0xd82acc4d3852cec05ffb5c3e5c02595eee6666fd,scam,100
0x3f6a7447c5a5fa69fc7109a7756ffdc8043553b6,scam,100
0xf58e52ed188823fd42e3d6d92e271063dade71c4,scam,100
0x371536557bd3d368014612623f0a904411b20952,scam,100
0xadb4145d5cd07379c250780f312b6d0a77bf6aef,scam,100
0xc778a846284cd0c222bccb4c6d624d07001e1164,scam,100
0x359a83794c778189d4124534d1456bf5d5112b5e,scam,100
0x14b81021c34c6aaec185a51285ad03e611f00b9a,scam,100
0x5aabf31d89547c037e96cd3cdda88bf54a0dded2,scam,100
0x68e42c2e8d088c822f83543bc819bba6883f2f83,scam,100
0x4a2f9eb56227286924cadd817b195e127cca5f69,scam,100
0x0fa90cfdc3a81bf02f5abec69828569804741d30,scam,100
0x85c705ab437350448bdd10f1bb31f26e550f1a6f,scam,100
0x8d322e671d211ec4c41c7737b476f993da3849f0,scam,100
0x1ba383587e6b6e8925bc2fff5d6165ab8a2eeaaf,scam,100
0x58ea1c0616d6356c82d0282d220fe9f9b7706796,scam,100
0x9f3341f4254325baa2b39f17317a44665a418d1a,scam,100
0x1cfc8b7ab84c198ac2b95d82ee7bbea41db5c59d,scam,100
0xe55adae90316ff3a70446428fd552e29580905f2,scam,100
0x92f5ae24da305f6fbd2d62586ed4de84ad05650f,scam,100
0x19a963a5676877551446a78065462135ca21a7e3,scam,100
0xff53bbd8bc335ee5f5b60dcb76efb2f59964b1a5,scam,100
0xe464da92a137365e0bab6b7b122465a36310bfb3,scam,100
0x830601f4446d8e1a792d5da9f571275a56b41aac,scam,100
0x6f5dbd8b9c836752bab266425cc1046e53b271e6,scam,100
0x4adcade47c630fe7e538f0f73bd9cfe5891fcf0c,scam,100
0x3043583f4c20326e00ecab4c6f765c2f1d34e4fe,scam,100
0xf39879f0a8948925ed0c7e2bec5e6c071fb0e798,scam,100
0x4c93dcace8d0ff650690b2e55e30448b6aef24c6,scam,100
0xdd29cb3e95d6c4635eaa1144dece4ac3a8413d0d,scam,100
0xdcc91b29aa9795d2a4859294b98e8abb580ecaf1,scam,100
0x89409a4938bab81edb99e48c508cf3214d077d7d,scam,100
0xb1573a40970c0023d4c57f5ab188c29566009512,scam,100
0x415a9d9830447811aae0dc5e04b81b470b3eb65f,scam,100
0xb9f0d255563dfa8b7e918448daf4d6a0c0170ec6,scam,100
0x5f691a593c8579e6665da6d80176011237edfc3c,scam,100
0x1b65daca93a7cf00f44648920a1f61c3cce646d8,scam,100
0x625bebea868a3053636a6719d683fd7e793fdb79,scam,100
0xec31449e1ded40bf56a091dcc8958c4946a57e6b,scam,100
0x7c1fb7350d1060fc05ee309ee9692978260dc6a4,scam,100
0xf7419dc8411af08e8c03bf24156010e3e5549e9d,scam,100
0x57643dc5ba891f6c19d0d7f5bf9a5118e70cac42,scam,100
0x486be92b01ed63a733a22d29b3b78311ac5fdfe6,scam,100
0xdd40676d4f0dd78221bd70b4e927caaa81c181e4,scam,100
0xdc1bd763ad168be481b88c1d009816c7dfbe332e,scam,100
0x745d65ed9c6e3780cb7a731eb795f93b4087af09,scam,100
0xac32cf9889ef9974cb28e3d69b1b34092aa89248,scam,100
0xad9f4a6490d38d2a2b07c7b65fc8094b4209fe7e,scam,100
0xd133dccf9ba55b84b660eb5330f64d4ab6dafe75,scam,100
0xefa231063d2f6b95353ac4c0f5435d27fa365f66,scam,100
0x76e637e83663fc7a00995183fe7e22003bc33076,scam,100
0x1a0e60f072bcee6711a08937b0192de210702716,scam,100
0x070c746103fe8a1b6752c0d30eaec59286309cef,scam,100
0x0ae8effcc4d12d96478c8253c8556bd4fff5555a,scam,100
0x6268330f39dbaed2631b0f664b2bc042fdd69849,scam,100
0x16b2396478d693312c314c78c9655078e4ad1182,scam,100
0x0e420103547f598454ab6bbca2eb8f5f9015d40d,scam,100
0x0ffc7b2a5ea0cb9f2db43d852f43dc9ccfe52657,scam,100
0x3d0c7258445018fa9039d20efce80ed1825fe838,scam,100
0x8d7e9faee2a1a36e0bef507e805f9c8b9e275e92,scam,100
0xf8d4c76d1b828c545d3fd656a29f124916f5eeaa,scam,100
0x880aa1dcf0fd4da09a6d1d440bff6356709a0c3b,scam,100
0x6a0661d5e1bd4e420075e6beb46318c09b106b2b,scam,100
0x045b7e329a7a09f0a9efd882db62e9d0f243bc0e,scam,100
0x9e1aef1c27e9349402218087957944e53ce81b06,scam,100
0x7a27dd322e508826bbbade3404d1ef29f902380e,scam,100
0x01b5e1e3156f2a1221a16583fae561cb10eb88d4,scam,100
0xef6c1a9bc418fabc68494a3fd8a59b7221f760ab,scam,100
0x67bba05e09d7ef9fe3fbfd0345efb206dacfaffb,scam,100
0x472a0d61875bbeb88727a836fb81bbbc406d1d64,scam,100
0x4d3b701e8c828802dcd80e555a436b3ee882bbce,scam,100
0xe8b64212ccba2bbb6bc3b7fb424a695c88388ce5,scam,100
0xafa716f583bb141e816731aae75d3eb1872c3148,scam,100
0x0f0627896e47f877ac4aac6342cbb7548771d3d8,scam,100
0x10f847863ffdbcac1c559f54d2687c19ed31fea7,scam,100
0x7051211aacf6fe1bdd69f0ff80546e14b280240d,scam,100
0x5b372d489f01c9f54946993d7049cd182af98866,scam,100
0x5213895e87f9458afb3795f792bf8957b30d4017,scam,100
0x5fc214cdec2c6947208c28948f9c1a771f05f96a,scam,100
0x37c47761117b2d76fa1ea5aef851adb9d87a89c3,scam,100
0xf87ac58dcb458effcad752294f92d5cb05f742cf,scam,100
0xe7428c5f4bb09d6a8b2aba12af1bdaa5a2b9c750,scam,100
0x815a17003ae8d14463fa37df0d9fa5790bb12de3,scam,100
0x9af7bf88af243cfeff5ae480ce10f88f0a6ecb81,scam,100
0xb27f36c8bad9f262751a1c19d81e6013b6b4f2fa,scam,100
0x61a3266c1e5570884c3cb042209d04af4d157aee,scam,100
0x9e3a6c3c9337841a5201289e03c0ec0862dcec6b,scam,100
0x3a7e3e5035d97ce550f4fdbf81a097cbeda00468,scam,100
0x455f2a2fbf67657b69ce1fa171d74fac24c227b8,scam,100
0x3474d1a1af51c12f5bb942bab325d733f84e61e1,scam,100
0xa991eec1fde93d98c8bf48272fff7afb5047f40b,scam,100
0x0528c4a929b158b3c6ffea59d3ca3f48628e72ba,scam,100
0x12fb3c33af3f7b65e0c3de4a595794fc3f7852c2,scam,100
0x1a7433e612f1803fef00bf25443e20a2dd61e58f,scam,100
0xadce57c22cd34b30ff46fcfc8decac5c85a5cbac,scam,100
0xd7904f1fd33396f6ed3e8aa64406ca365966181b,scam,100
0xcdc1824fb8594d74ad8986df7dd086d6c89d7d56,scam,100
0x8a50fb1644da95ec1975bc3702da91ef8379e77b,scam,100
0xed2d7f3ab585d7edbe50c682f0ffd3708f7a1208,scam,100
0x01421ccc0e90d01827ce8c6269e2df04056026d3,scam,100
0xe56b3fbd7f1bb7e6f35b4d1783e136f73be5d50e,scam,100
0x1c3c3167cd0c990be8ff44dff798e3ab0d0155fd,scam,100
0x593a788e8bef44c4a4df7acc984e7f2ef207b3de,scam,100
0xa66459436ac6899f4d06eeb985f488c59d75a4d2,scam,100
0x6f434af0b94351a1fd695e4390f307585253ae2c,scam,100
0x3da9233e09ef99593cda1af5d76254fb50d9822a,scam,100
0x852358bcd1ba90bfc6334b4dd6bf550132dd411a,scam,100
0x5a95be03c537253cdfdb43582f7cdbb919dbaa05,scam,100
0x8459fea4d7d561af55f1eab3a03248a2ad059b6e,scam,100
0xd5e71d5aab68d465a66b8c1da47e35151cae8788,scam,100
0x1dfb78f82b083ac5d7d184954aec66ed33090b2b,scam,100
0x7ef278d3842d948ca70603ec3f6825cd6c3c59b5,scam,100
0xe5bc363412f8963189e89638306810b8018bfcf7,scam,100
0xb40a8ba4c35c74c9ce503d4a9e492c7ed2c282b7,scam,100
0xd0a364bf7dff2ed4ecb435a2e58a4b6d7778bf7c,scam,100
0xf02a6c184f6ca5f4f6d2d27206ecdef605d4fb80,scam,100
0x9a3d1f4555f05fc94380f79d87fc8e19d737f911,scam,100
0x476eac9f97bf836c749cdc48ceedf425e6be86db,scam,100
0xa5f244a81bb684bc3d8d47e9a480d11619578dfe,scam,100
0x8d2f666b67fef1c0752cac9c7a5de37672af8bde,scam,100
0x1d664cc0d9abc1554d747cd3c8a19b0eab59bf1b,scam,100
0xcb75cba24b40fc8a556f751184fd3efe3c67ffef,scam,100
0x10accfd26c7bd910aba4cebb9710619ffb187498,scam,100
0x5a462ab06a81ab0ae184487ff47d45493330a758,scam,100
0x2a8ab71020b7c077673cde2572114361231c9297,scam,100
0xa3b6d2d11a8c2f6191d551317a3a36e389936702,scam,100
0xe356ae15a39e33a6ae9c4bff5e70bbf320802bdc,scam,100
0xcda312245c903a0726ba5a821b325257a30c95e5,scam,100
0xc58e8f88e8240e30f240700074b93c01b146fe29,scam,100
0xa602d1e488a58281dddb3099cfe14e836ef18011,scam,100
0xb30832f14179b037340ef539f7ed61ab94b71760,scam,100
0x60494ce10c4467ae8b2e29fc4e26b446db194f14,scam,100
0xf89cf740183a7505b0b47e0e1d165ade166e8835,scam,100
0x11c424713e8f67c384fcd0260501c8a36e995c83,scam,100
0x94ed419ebb0b92188c512efff4b526fe82256388,scam,100
0x7a06f737bdf9a22e24d87542b0428ae917a54c66,scam,100
0x13e90e90a68d63ad6a931a313d61f6b34dcb71e1,scam,100
0x75f088909c83e8dfd34486a0959b4829bd628866,scam,100
0x1bd1bd550e0951ba31de2e891947d74f61dcc182,scam,100
0x2b48ccb32c9544dbd221ab573720b1f03d24ae63,scam,100
0x29748c4b57f4c97a7dc19c9149d52a9d497627b8,scam,100
0x869cb16cebbabc0412a24e7e1a8fd280aff9c7b5,scam,100
0xbc32ff717084eca7baca1504e72edab58d333097,scam,100
0x419ad8d54956e8ed588bb6cb55c2688ac60986c5,scam,100
0x2dad9db14a5438498007f1b8c363b5ec42354e93,scam,100
0x10932bdf523ccfad13613e7bc96c0edae71b1373,scam,100
0x326ff33d25b50ec22a2e88da81ec9ab63f84e996,scam,100
0x9ba289a21c31665752a05d35e6f5b33b5dc934fe,scam,100
0xbb2dfa66ab0a1e707af5e2948102aa0e44d39c01,scam,100
0xb3a7307b0aee2f1843b638a27a53903dcbbe7a54,scam,100
0xfce7b8e75b156bea8f322c34880fab48c5fdcb80,scam,100
0x0a64c37da4f12d4b34f900b4e6ef8b25617989e4,scam,100
0xdefa315324ac0109f244cd2965b1f61d79a142db,scam,100
0x625498d243f432fe24b6d3371f9e50f60ba8fe04,scam,100
0x444cbe60b4c163c764ba68eefea196a3d514deee,scam,100
0x3a8ea70cf1cd077f488d4597304613bc4a3b04e6,scam,100
0xf4ef1875aa8d831a43fd3d0581c80818d94c5299,scam,100
0x0539c5f2995f9bfba38bb368277602fcf88cd763,scam,100
0x548215163d161f5474f3909504c2baa3ddd10860,scam,100
0x87f7ee5c4156ed411b6481f53493d3dd04fba734,scam,100
0x3b506006b327d728ab73fe3a8d6885cb6c98c100,scam,100
0xa3ef5dfa96e5863d57f6f7dc56a9a86d39651c51,scam,100
0xc38e595612c0ff8585b64dd36d4cf98a15e0aec6,scam,100
0x6e9bb86c62a52172e8ebaafdef3ffed82fdb9655,scam,100
0x2c2595c95c54ca39ee54842f9765d7d4514b6a89,scam,100
0x9b4b1010504d10c079d907c6660e43984ecbf62b,scam,100
0xe633b1bdb45c36ef477dd454c64513d36e8b1e13,scam,100
0x6f07183cebcc9a704488ad58db5d93022e2f4173,scam,100
0xa8d6cb224311ab39c8f299720ddb465d2e481bab,scam,100
0x079dddb349c21a46d4e3f9924082bbedc936dfe6,scam,100
0x5ae245b095526d3680dcf0192b4d531333cc8c64,scam,100
0xe90773a66e9c71e3bd2e30474acff591529b97e7,scam,100
0x9e2524562d812338ec53b402562c247f74f28fd4,scam,100
0xe1c4718c3d6ed83bf72a8a67cb7b61f39d9af643,scam,100
0xc062c2a491b6627e3b0dc4b7a19c2a4ea56a1885,scam,100
0x0577f68a3a0daaa67b1aa703f2c08389b7bd6690,scam,100
0x2128b2cbf6e056cc40ec459d1c2f6d674e3a7797,scam,100
0xf632cb521117d9a97094cebddb3cb42d2fc6f1fd,scam,100
0xd8276eb3d27e6af013398711f710ceb76d51d22f,scam,100
0xf3761fd30a8668eda782f330f1232b0628a0d8eb,scam,100
0xb56f3d5986b4835b448942490859a6fdfd511324,scam,100
0xbbaf05fdad7b6cb71b0f1ccf3031af0ea4eab521,scam,100
0x9c0913bd3c980bbda86035658f9cea5f3b415ea7,scam,100
0x2fd60e518e93340906c3dff70f502efb38d07338,scam,100
0x4229f503cac20f8a2bf6f45f7a379e1be9ba291e,scam,100
0x13f8b95b9a7536c9f4e2216fbb469b0a4fc006f3,scam,100
0xdacfbda08f8ec9d857f7baa4d76aabdb243a11ac,scam,100
0x037b5e773fade0a484ac72256cc1f77a4dca7106,scam,100
0x0b5d1e0b3b8821863c1e8a61d98e54cd074395f6,scam,100
0x6a8198d0c35c299073c054012adde1c34e9f12fc,scam,100
0x93594f83589df19b4e5cc836cd1e1379e179a070,scam,100
0x4a631e9c2100378f46fed7d3dcd7ccec2ad67f65,scam,100
0x02444dc249856c21f1d3c246d34b9c2f5bc81cd7,scam,100
0x510ab0533f5eea0edcdb401650e813916f222232,scam,100
0xa7061688c5eab3665f57e590390fe8529eb5e3ee,scam,100
0xfd23ae17194f3164804cd06947b45d90d5e46f78,scam,100
0xcb6bd32eb87a47cccda73b81f3e2e87847ac9147,scam,100
0x169b6a19d3d077a4809029f94c953b744ebe0b88,scam,100
0xc210edf9e1ef97efb108c6d8b7da14a73b65bacd,scam,100
0x5bae48cdc78944693e010c5ad95862d1879395c5,scam,100
0x97c9bfdec4fdd49825e529b11a2f9440230d5626,scam,100
0x4e1b160f263b79572fa713e6f6eee05498c7f5b8,scam,100
0xec580b53801eacd4a1cee628ee5f676a8d519d0d,scam,100
0x7af89ba4944fd7977ef41791a575c5eb50cb5d74,scam,100
0x4130dd9823a251dabf9c283942b1379b0030e626,scam,100
0xdc38ba8fc8572a8c71130bfb800fd3b36015babe,scam,100
0xdd9e71c77b8384c6a70bb0872f770a13389274b5,scam,100
0xfa7b2a0205e32598c37d23872a3ca62c7427e8d5,scam,100
0x3c483190eb626490e78e88479fcb5fc5f30069f4,scam,100
0x4ef431b18f371d81e71f6a30ac6b58788f828cf2,scam,100
0x157c99fb1cf0706cd16b38361ce1e92b65be0431,scam,100
0x47013347a2490eb5a6282cd0962c7a355431b42d,scam,100
0xfa047df2ccf3c6fd9b8d566a0768c4d118960353,scam,100
0x862ee8dd6b992048b45d4ca273b208956010fa5f,scam,100
0xa70a7bfb8a38b247f35e43894331acef7bc6399d,scam,100
0xc95d488dc46af6bb7aafb7a283c627667526a193,scam,100
0xc296688bfda27ed88db245af58983754506a8588,scam,100
0xf2c26e2bb5cbdb6cd6e1573b986a55d9cc1f7e5d,scam,100
0xb90ebbf995ad7b30d1a3b2653e1ab3ecc16b9acb,scam,100
0x165cc48c8eb5deccb1973a43b92e3dbe9d02e2e7,scam,100
0x7c74dc20f2d9511c0157f2931bdd51c7fdfce7da,scam,100
0x7029853d86eb02cc93eceede0adfff5684f13b1e,scam,100
0x34e99d7def1d3da235bdb9046a7ea2cebdd71eb9,scam,100
0x6066d328f4492aed354660d3978077ed2220e451,scam,100
0x6446058612b572e59fe0ab895ea94d083ca90473,scam,100
0x69c0e632f868f1b0300af6f59d688c1cff52ab82,scam,100
0x1e4d54ef04106ffa0b179cdfcfe106dad8a7fa1b,scam,100
0x96e651c598a08243a1a328afaba8ce6593fa4ef4,scam,100
0x6e0860afd765ea783d06cc507eb68dc7d91dccfa,scam,100
0x962f440db4d0ff33dd440042e8458eb22f099595,scam,100
0x8b6c0ced90de46cadc0c22cde4d795003bfec3b0,scam,100
0x40473bdb95e3c36208f318c68a96c37c8c3a37fa,scam,100
0xead4d841206ba163b2ddebfd6f014fa7ed5f005c,scam,100
0xf3def1d1262ba9d631cac8bc7b369b446e7f19cd,scam,100
0x2b6931468a3fd7ec759172bda58ed96d9307056d,scam,100
0x3fda56d0ea3c6058d997c53c4ad60622ea2838cc,scam,100
0xa55f1203739635b4bf59ad05ff7c648e4df354c6,scam,100
0x67e955886174a73e089af538882c2cae3fd15a84,scam,100
0x65e37c99f403c13aa00be8625515484c26fd5f3a,scam,100
0x7f1fcc6f677433df815306e3684876b5be6b99e8,scam,100
0x2c715a9e90488e4f950b45b8daa0173c5c8aeaaf,scam,100
0x7b0520a9958cd04ec7d6145f0c04be12ccb538b2,scam,100
0xc5b6a41752df4ae4f1e76419da7361f33a47ae86,scam,100
0x3a5ca6284905c3e1965cd80ee9aba773f79cf517,scam,100
0xc013edc160a4ceb28d2998cbdb99f6ff83443117,scam,100
0x98480f170c11002dfabec7f7510cfeba217c13e5,scam,100
0xa6f1be348224cf6cf2dd66723a5b5fd84d589c91,scam,100
0x5575415f7158d33d443564a69b802faa7d485035,scam,100
0x82f262af67904eac7f42b72a1cad7b833ccc7799,scam,100
0xd10dd2ba1929c0e59456e89ecd436187696188e7,scam,100
0x07d3e741c921728ebb587f3bfc401f87aed1b8b7,scam,100
0x9cd8f81af696f729916746524421d3a2c138b332,scam,100
0x05d51381a8e19ee05d292b4c83918ffcb40c78ce,scam,100
0x257dc415b7e177513d3d994f928f1bb9e7b55327,scam,100
0xe5d9f237133180e06ec102c3675687396e4cbd40,scam,100
0x010b7dbc4ae899196b1ffbec4b59561858692589,scam,100
0xf24022c385ef78398807ad601fb2665413d298cd,scam,100
0x2c093fa8d0ea1f646c0a77d7a0e31494429f8822,scam,100
0xc60ea95a6fa618b52dae3d5c30ddcc1d195ab553,scam,100
0x6d2c6e03eb25180512163d3aa8fce995fdca3eae,scam,100
0xb3b08ed59eff08447093fd3ee9e92086b2e22f57,scam,100
0x8d50e0ed19247508ef9b9c276e0f86a79d238364,scam,100
0xf60df89b68924bf6e4188aa6e279224738a2cc2e,scam,100
0x5614290c3276560c5f62126f6a5e9632796e5340,scam,100
0x9772f5280550821b04435855b0394309f6339aed,scam,100
0x83cdb9f80ee46ac5abe2996e621d2709a8349d6b,scam,100
0xabe13a5fca8c353872dca0970718d16c77f83abd,scam,100
0xf6e73e9cf471cefe8eabb6d9eaea45f182aabb33,scam,100
0x02d917f959fbe6c54188ed5e173731d88cace0f3,scam,100
0x2d7a70cfba2409b47f1ffa98d6c0c7be374d5435,scam,100
0x0fb117da456103180b22f5d64a2970da3df4dcf5,scam,100
0x27f002a4bd1e3f931c13c2930aaf71fdcaca97d6,scam,100
0x8c7d7cd3de3e5027e4df4b11667ad8829eb4c2d1,scam,100
0xbcd8187b82bbbc1560e69b9f0d999a05342745fa,scam,100
0x76b041bff08ca3091838e348ac8426da75ecedc5,scam,100
0xe36d6371d5742504a8d1679ea7a6aa5d81e82dbb,scam,100
0x276c094b89367eefad5f3a8545e692cf8a7512e8,scam,100
0x75b1bd85b176fb6fba1f54aebe913d4251ce0ce3,scam,100
0xf91d1b393a72245de5ca2bca1fdaf6a8fa5175ad,scam,100
0x1f31c9354e030c0384ce5d4b89b661231d607356,scam,100
0xc2e581f7fd938e3e484810a30ac129231b6e414a,scam,100
0x821a46f370f173e43d9bf060a91e7a6e5d7a0b36,scam,100
0x321ddd97643b8a49c566eddad394075d6de09ce0,scam,100
0xa69f8d3f55e2010012d59feb359ebbb258b00b0a,scam,100
0x42bac0718917c3c27d8cb41733e0a4b474ccf447,scam,100
0x1466053227ee72982ef4cc36007328c773be22a3,scam,100
0x6c18c8039566c823ddb99eaa31e2c391a4c49904,scam,100
0x4c93bf8b19b3bf7b610eb27da8ed94019232088a,scam,100
0x7019da29f98458c5fb52a144ada8b0f5bd6c4abf,scam,100
0x0cc008ca45646595b1179f7806ea1c06a5097035,scam,100
0x063a2953fb36cc8ebeac80259dd8a1c972ad778a,scam,100
0x974a38026d3b3472b491aa334365191cd53f1acd,scam,100
0x62c65e81270bb576ee8a0178447d039e1be8a886,scam,100
0x187b133d24d8f2fd838ad1b91af19ce968528f06,scam,100
0x29a652387f5a1a3dc111d71920e89f8cf3155596,scam,100
0xa185e4d0d8e89900dbf73d252aafd4abdd15f1c5,scam,100
0xe1d8ee60ed60d6e31aed8286fed0864f26898458,scam,100
0x9a72d79e48e9a03fa9f6f10a1b1997bf919a93b6,scam,100
0x26a71c85d41c0eddb65c10de4f290b405b47dc2b,scam,100
0x78e6b2a07cdd3bc72501809ff08005565998fd10,scam,100
0x5fa585fd8428ca46beaf7d2694946aa9eb22ebf8,scam,100
0xeda6c3f790e67bcc80f5eacea6cc1c37d80e46ca,scam,100
0x1b2c705e1c54ac20cf4627e8c804959c3cb5c53f,scam,100
0xb0116ad788a61f05c60398062f05265fc484b8e5,scam,100
0xa48e4959ffd0dd810c2a832ed49d505c1191604a,scam,100
0x51f0596d45c530e93ed9bcd0f6d7fa59b0c1d75e,scam,100
0x9caae803f0f50e3b05663774a3013f386e0de446,scam,100
0xb6b2fa50c6fe313a9e4652bf9375cb1a63a29b45,scam,100
0x4e99a52efcdbeb4c02805151d75975f614315aa9,scam,100
0xb82b4c1ac03f8f8a9e817759937e57eef1dd2b0a,scam,100
0xcac344446338c50825f10de1c55b7e6558f865fd,scam,100
0x5b0f92c4aa7ce699b7c7397a76bc7e9d4cdb58e3,scam,100
0x1852ce87aac9654e86d376cef4018951984919ed,scam,100
0x5a4d8b9f035592621b9405852b2838326df24b4d,scam,100
0x119e73808f20e7d45333230195b19d82070859c7,scam,100
0x8e900f8b7868484948e4cdd6b862678b25fcd469,scam,100
0x1cdd7c8db76586183d5f014daca2c6c49ae9def5,scam,100
0xa19fcaac0e32b8217f0fec6149dbd56c3d9420d7,scam,100
0xa62dcc65e775db2d6b38d879df2fbc067cc363fa,scam,100
0x8164a2ca43f65f7b5258ed9ccf06a2611652e8da,scam,100
0xeb5033f62c8f94dc69a208513ed1c13dd7643e89,scam,100
0xbe6dce553a006000496210030d41fa95798b7a4c,scam,100
0x0daa87c0d72e9b005015148d65449178867aadcf,scam,100
0x49c7be70c9ce7877380a347da62a889a11edb419,scam,100
0x4918279e1e514ab52eb91846e58704d5e5cd9417,scam,100
0x5e6d9399a9c387053361b9bd1d5706548e425bc8,scam,100
0x1f5194475f9c2f21b1d165cbb7b443b9aec27ac3,scam,100
0x47ccbbe2c595091184adaa16a484cba747cc34f6,scam,100
0xc67e080f74af2a128633546c7bc51203a25a8e9d,scam,100
0x361028b0bbbef1170480b2a08c3e74381d1ad8de,scam,100
0xa4084634151ee82f819fb8c97b1bd23aa05146af,scam,100
0x8151303a4fde4a1a454acf8d3fc735a0cc042f3c,scam,100
0x88111f1fc0ec5b02c614eb4bcdd8271e044270d6,scam,100
0x52872c80336e10c702fa71c4c0e1804d375fc1cf,scam,100
0x515a453be1245798c5ec4434b1c69c1b70dc95b5,scam,100
0xe23628b070d29a3cee26f1bb3290780941556a8b,scam,100
0xfde5d255541403091e66f75f0b02fd8422e163a3,scam,100
0x9e9c79415344e8f8fae8298d89396d0d89760181,scam,100
0x6f2fb9167d6ff26662bd33459b61a821e3ec34d4,scam,100
0x4fa54d58cc9aced0a35445f4023df4841c01b600,scam,100
0x4594f88df9d400de05c1f9de91d61099e8fe5da8,scam,100
0xd042bef470d4e51ebfd009aa7a40afbc0cb0946e,scam,100
0x26266a30b61772b5f34550118a2e4decfea1e092,scam,100
0x16039e8c9d2e32f940d95380f3856d8270b5fe57,scam,100
0x6b40046916c1c85ecce4b02f4d4e7f29a79c506d,scam,100
0xa66fe708796f18f57f78fa1199aabf02a1c84f3b,scam,100
0x3f31af53e7dbfc329107b8dbbb4a359d1182753a,scam,100
0xe5dde74ad977acdacbf7107540b071ded5886284,scam,100
0x2d4073847e9ee6c251ceb6ee92ef94719ea65e0a,scam,100
0x8cb289a14790c947bf768781ec08d62756dc3941,scam,100
0x3e01d25c381758f1ea9cca3344b5f12c0b4e6177,scam,100
0x3adef38159b332c279bc8cf4957a93b64e369115,scam,100
0x51eddcb498b55c8b52792f0de74810fa329a8adb,scam,100
0x6efe8236f3e41e0237d75d14d4cc893e0f26b003,scam,100
0xaaa7b3fb33d02cf25e896f4838b1a9e4a5f0519f,scam,100
0x815c49567d6c82f914f653d5b798be6701bae149,scam,100
0x2b5d947dd955df7c2b09f849b1a5d634375ea32e,scam,100
0x6bf220ed578236b18bfab8d94576625bc32d619e,scam,100
0x15ce483c6b8a8c09ef362ad71145fb6fb5522820,scam,100
0x1dab7c71d7414a62807bcc14586d3b82f505c767,scam,100
0x65780c01487d68851b12a3e023cc474c3fa2ff2c,scam,100
0x1d562948a1f38d80462d4ff3bb55c8a0f6481ed3,scam,100
0xff178b609ee25267abdf8641a2cc18cf86f88dfe,scam,100
0x5fd035b7a7f06bf4be4212422ac15d84a8639772,scam,100
0x39d87d4791abb9c027ac28e75675a566e88f6509,scam,100
0xc2bc71b3720f7cb37181b9be1aa404b7025477c0,scam,100
0xdffbae5e4366e136486e948c687483f3374fcff9,scam,100
0x72b30630c8b29cba0e0142bae1971fc347177caf,scam,100
0xfc756f278bda9e1dbe33d3c693d76e054c0cb5c8,scam,100
0x04daf6af7e9ab39fce531d1f6c5a8b282e897dac,scam,100
0xe5dd04d6637bdd9e647aaec5e9045298e19e3bff,scam,100
0x0c0d93dfe02021d7d9164ffc45881ec947e611ba,scam,100
0x416635216fffe323fa95b5ba901287cbafdc23ab,scam,100
0xb704a8c74cf724a6271d7fbaf709e4de0eae6d86,scam,100
0xfa7bb710a944e7e46da4e56e27c21880bc064692,scam,100
0xd59f94657e6cfd40d3de192cb7d5074941395efd,scam,100
0xbf7cb50c2f63402d6d4acf51449c06740245bd84,scam,100
0x4b0ea25889e50cf07354cf63aa1811d2e772db42,scam,100
0x9355ddb84b1a8377f9ab764459cea38c497408b3,scam,100
0x4aaf615170365e01f7ec5e88897ffbd40c7c86ea,scam,100
0x6cd66f2843dd1b59b81b18faad7d3aeefa20e199,scam,100
0xe1468752a20c4204dc328effdd47af20596d70f6,scam,100
0x5e6ec63f39f75f9af42f3738ea26a034b62ba6a8,scam,100
0xe654df2e2479f8ab0eb57bebda7b9e581578522f,scam,100
0x28b0553c6a183c61245333ae3513689fce0ac15a,scam,100
0x9b0f1b4d025ab320ba05fa7a11ee7ec5ba7bcc57,scam,100
0xa3e20a10cc221ce0172ba80bfea3e7eab0dd6d2a,scam,100
0xe0efe47a819227403080935adb9800a10efc7a86,scam,100
0x9b07c4e8f6e363711c5292e10b905285513a66c6,scam,100
0x6c6fcf0c05fb86e88bd55aa2fe28c3a5334fb173,scam,100
0xb75df45d32551a44f4fd3392c4b9b8cd495e8485,scam,100
0x3d053f8c62666b6553c61d0236c9010f6a9edb9f,scam,100
0x14e55a62898944a39eb86f4cec34e8eda4253499,scam,100
0x2ae59d8c9aaff64a1464fba5d083e56a93b4d9ac,scam,100
0xf34bd05e24be128a66b7417ed02c77efbc4fcdf9,scam,100
0xdd0d00e51b8625a745fbb12cf203e85b04cc62e8,scam,100
0xc60b7d0335b6b89a0034cdef6ba045021eb19fed,scam,100
0xbc5b22d0e33c4e124efe1707b6126ef8a89eaaf3,scam,100
0xd8729735ab13cf9e09c199ae6eb772b25a3c89f8,scam,100
0xdccc88ef3b2b025eb6220da8fe582e29dd664b78,scam,100
0x600f1bd5729ae704719c8c2f8a09073ada7d86c3,scam,100
0x1149bbbf925a808894590571d96b50e03e94c2a7,scam,100
0x5f2cf04e6d61add09b2d3a3ccd01b00b27254b3d,scam,100
0xb01fee005014bd927b746f933419a7186c3fbdd7,scam,100
0x28f372e2031d43159c3a0015cda0ae739c6ebc31,scam,100
0x9fe3c6d763cc87ca883b9b6ec41ff15bec71948c,scam,100
0x9b2ee2554e7d1a4b5ae44bf4ceec159c65661f3a,scam,100
0xe64d6de4e2af1dede76f6c574ecf8edc04a8db69,scam,100
0x43fa0dc3654db405172647e64f41e7c81f7b17de,scam,100
0x14cf0f5d191406e716304e0f1b1a73128cf3f76b,scam,100
0xdbaf8e6cedcb1b63905a603dac3e52356b8fc65f,scam,100
0x5b4ae7d49421705882e999a75ecdfdfe17da7878,scam,100
0x2b5410b12ddaf243872d3b81fd6e457fd1713c4a,scam,100
0xf27e6f33c8f4eb551e79d610e347e9959c0ca2a4,scam,100
0x64057d3d4f9e85be89d44aa825438c9e026cf398,scam,100
0xb952849fe10ea74b3036b23e7fda92f77ca4d4c2,scam,100
0x5ca8cecd41c761f7d84c0324a4a017fe2cfb1129,scam,100
0x86ec433f3a7ad674d4610510a303d2f94ed91667,scam,100
0xffb0cb50154365f8dca973635a7d769a9301e5bd,scam,100
0xdf44d2d78038f0b0b4a8a6ce449f54bc24e1474a,scam,100
0x4817ca9880a8ca6d441a17d9665cee94679c89aa,scam,100
0x8941825b3591adb9074a5c933478b1cd059379c9,scam,100
0xf23beee7394b128f145b030a7112d8fdf44b15e5,scam,100
0x4543821e2f3e6d3f3e6b3314800262e019f1dfd7,scam,100
0x51c65c817353110c0f8a44e83396f435a293efbf,scam,100
0x5392cac04ab1a1b50cee311bb7f895b5a5735dd2,scam,100
0x5f8c6ebacc92ac94257fa97f36d56fc7060fe07f,scam,100
0xfba69c56b8a36d25db43de1b78786081ee099171,scam,100
0xbdba34c2f6dce629bf9f12085e052c9dd1101c53,scam,100
0x8dc0eea263c74b8d726273040721fe28072e6843,scam,100
0xb5d0fbd7018ae8be704bb35313af690c8e1faf29,scam,100
0xc56b931f19bfbdb5f7ff3d095cf2a8a87b3de60c,scam,100
0xea2663450920267c7acb7dfb17be14585adf88e3,scam,100
0xe38948bdd74b0791f819f195d628753cb5ba991e,scam,100
0xc20df206837d3a81706e7453ed39dcde34faae33,scam,100
0x8aa973c7faea89bef74a7be03b94a90d9fc5b964,scam,100
0x51f2e367c56a8572fd47f3e28fd4b1cdfef66805,scam,100
0xd433d2ad730cff25f36782faae4cdf855b9f5134,scam,100
0x39b6c80d095bec0323f94070f27e617f03ca4e53,scam,100
0x2ed858f2a9850fa33956e2f2598ae289622b36db,scam,100
0x880a3a156848a62acf69a7427aefd30f4cd1ee41,scam,100
0x71892d217cc0cbe14cc7f9d2a6f94b2e457211f6,scam,100
0x1c42cceabe14e9a9f89ca3f3c584227eab80cf1c,scam,100
0x6baae56b534b9b779f824af6b5dfe742dac6d6a2,scam,100
0x9ba8746bf0713e9565c0b6edfc221cb1b08fd29e,scam,100
0xe586f653f7ddf8d674c6315cd7b195bfadaf963f,scam,100
0x114ebec198ce54edacd5d40f17f67c8afd27d1df,scam,100
0xf767f020e241e2d351501f7dcb42d90d84891eef,scam,100
0x630acaecc100c47e3329450634a5985b1451b2d4,scam,100
0xd8985dc563808510336c32198b031558263a4223,scam,100
0x4a0fb84c1c5faf53d3a5a4f64bf8da16249438aa,scam,100
0x297df6f21837ce6ab7c24dc035753a8bfe751a8c,scam,100
0xce6866f1277cb9de625573efe8da9f4686b3faf1,scam,100
0xdd27021aba7df15108dee094e287bc2973c6d371,scam,100
0xae687a490bbb2ab0e0263f750a3aa6a29754fbd3,scam,100
0x5c97bb5dbb87d196b3f93a4e6d84aee859d4acc3,scam,100
0xfbb3649e6a821cbef531eb8c26af869a8e6d12f6,scam,100
0x0228924f5640fea70af08b7f28c9252d81024a72,scam,100
0x859950787357fcff0ce3344cf739651fba50ec7a,scam,100
0xcc0e37b5684db9d204fedf669fdeb505dfa4336e,scam,100
0x70ada813fa63349df9933683fe172dd43d8ccc46,scam,100
0x7502359202de8f2ebaa7229850b4387e1da43b63,scam,100
0x67a8142d93ec172175bccce4969873058b56290a,scam,100
0xd2356c12b2962a2a218870ab5c0c2a0ff480325f,scam,100
0x194c07e44b6a7d3b8c64426f031514700e9281bf,scam,100
0x6af0eb1f826b515c102454804e6bec2f345536b9,scam,100
0x0ef39ff0d1d649aaa498bb9940d72c0469d0faa3,scam,100
0xe89884d9f1743ec12dfac444034406715699c181,scam,100
0x4becbdf08e5ef5de9939be748c409774f5735b01,scam,100
0x337f2b17e1eff2c15745b4aaee93cbf9a9563264,scam,100
0x84563ff63f1b1c49730342a5e7b7b4d0ea258978,scam,100
0x43c922deb0827b9f5b1bac648677077a66f108e5,scam,100
0x50fe2e73961b3385f7c776873fffb7856cc67991,scam,100
0x89dbbefa737599708a8da1595134af9597965aef,scam,100
0xe656123f5b16f573e6cd97edab5bc6e68477b80f,scam,100
0x02cbbede84577866616119d1b78858a6a49d617e,scam,100
0x635241d839ecbdc5eb47874138053288e92f4dbc,scam,100
0x8413c544095f7e69d4ad3bfcf4b77deedda0cc39,scam,100
0x310c0b6f012df4d5b08e47fa8e7bfc78ec88a105,scam,100
0xcaa597ce9cb641812fbb82092918a7b50d6a442b,scam,100
0xb0d0da4a1f21079fc0999e28f8bdade521c9f722,scam,100
0x950cb62960f2399826af70a3adeb622db0e778cb,scam,100
0xd7544b54a43bf745855edb2b2a20c1fdee3d1afc,scam,100
0xb81d7efa288231ea256d610458bac8c4625cd6ee,scam,100
0x08d14aae50b7da86379b7f2c611cb7c4477bd41f,scam,100
0x77accbaa010e579781aec0960d948757b6a75a3b,scam,100
0x39e5efbf80a074cd0656599753b04ee616b15d7b,scam,100
0xb72a82be7c8a11c53e89a00b535e05e4736d12ac,scam,100
0x85bc0d58556f41f0463927c9dcb81d190f452610,scam,100
0x6625a707a229c9f77b6dddfe88fa8f6f1a03a293,scam,100
0xe3032c76f98af487db9570a6c73d5c5bc32e84c1,scam,100
0x0b3e87a076ac4b0d1975f0f232444af6deb96c59,scam,100
0x04e44dd4f3657ede304792b95ddce90df89c12b8,scam,100
0x04f532235aa39abf41c978a1cf8504df013b7b3f,scam,100
0xb0831f26ce6ebd0b778ad2e27ebcd29b387842c7,scam,100
0x4920a2307e8e8f36b8cfaa006952573dccf29803,scam,100
0xf66ddc783cfa428257355eb34cd151df743aa23a,scam,100
0xe258e101a01e84da434e945b295cf02f28d76c30,scam,100
0x7036520268350667cb5a9be6d40d3218aec88f4f,scam,100
0x7ad4c759c0ccfbb3daa94c320cba77e617d04ab6,scam,100
0xb802e6b4a9e24342f33f08cdba77469472e55f52,scam,100
0x929bf7dfc9c9ef3d3824ba368cb5b70300fc0186,scam,100
0xf206c8d17520fd9f8209e57eb7d1eb5a71f1fe9e,scam,100
0x2d18120eaf5bf460a85f2691199c1c56fc84a8e9,scam,100
0xe9979c071e8d8ce04b917a6e88f1c82d8d8e5b89,scam,100
0x369fd83cbfa4a57fe43e451b103964bd46559341,scam,100
0xc6f5341d0cfea47660985b1245387ebc0dbb6a12,scam,100
0x6651c325047d482f9e16a4f986db33508d89dd41,scam,100
0x5af12b3bf16a0a45f7414846f46db567daff82fb,scam,100
0x0344a007714fe4c56142f4a1e606bb73a8f45063,scam,100
0x669701fdaf54058e6498aba4004221d400ba5ff8,scam,100
0xdf6b296c92a21e6e519bbf1687fac5f8206aea59,scam,100
0x545534d53ce276ecce0395e184a65091d84ab112,scam,100
0x5514e91311428553d224fa743443b160a537ad73,scam,100
0x44136967f00f65fafdf27e8b8c7fe5aa7f523695,scam,100
0x6470e514f665fa5284fe8e42568a112e908b9359,scam,100
0x6011ac0035cacd356ef9cbb404166ae793a1f4ba,scam,100
0xfd3b554f42e473613545a0f006e48de34a0b95d6,scam,100
0x945e5da00ff55feda8c4ad9b8cda225d014e219a,scam,100
0xe3d77a45330276fccd6f003cbebdbb13a1f76877,scam,100
0x301b926a6853112f2aaebda1e14de3bbe757b277,scam,100
0xa5f59f747e88597ebcbe81ee3695a12ab1f93b83,scam,100
0xa372a45fab2aa66d79fae09b6089da5c53ca8fdf,scam,100
0x714f9e905f131a95603530d61d9eeadf884b119a,scam,100
0x465f1e668ca098cd9fe7bef3c48eb5aaf3868ad0,scam,100
0x7cf9fabcde58b9044a1fc1ce2b3ac839d5e998e6,scam,100
0xc8f5c61d021b4faf2121e7684c134ed714fcd162,scam,100
0x7e6033e24620dcff23d721119f10a8fe1f889a46,scam,100
0xabe329a9f4fe0e36dca315da06b4bd62c5c59fb5,scam,100
0xd6d60b0aef43c6054681ee5e6066ecacc137485a,scam,100
0x32579485f88c817f7eb89999f9ffe4e4a4592af1,scam,100
0x19222cdb906c6d090a896d102b19116be914e6f1,scam,100
0x1651d9c330f3f59de02cf397f47bc5a5619e9add,scam,100
0x7e56b683b7e1abb561b2581d3de6077ed683b872,scam,100
0xce48aedc08088f0e948e441c6f818c463dd87629,scam,100
0x0f79ac46778e570db5ebac5c08c614448219cd2a,scam,100
0x36737241ac15590ec43e59c13607abac9fdda5ea,scam,100
0x26065a4c4d39fc4662fac683a6d1059697b792ab,scam,100
0x000000b0fc5292c824cfaad9eea42b8040c33eeb,scam,100
0xd2bc8e2af8b98701fdac23ccb30a1bcdcb2f8875,scam,100
0x2d32ccc4a300f988a24a1e911b126388f4d0770d,scam,100
0xdca8afd802a10fed52bcbd831dc37b3e19265a6d,scam,100
0x936bb1645379a30b2c6a3e7da9313bd96818ebc2,scam,100
0x224c66b54b9c05b372a4fb21e82326fb45c91134,scam,100
0x4bf8325e8acb26db5f0d7b618ce111d0444c67ab,scam,100
0x124ba0671024cc8d3df23cee5da034076797b7a2,scam,100
0x9aa06b7f6c821c1b0c19c4c60ae217b83d4f70ad,scam,100
0x4e9476afe1b035d73c253a995bbff168be4efa01,scam,100
0x33a8d735e415ac77ef8f3c415cdbc361fb2abf3f,scam,100
0x84364a7cb83016f48efc376d1030690952cdfb94,scam,100
0x08ec5448e52775e0311826b92e38e4cc1f8b03b9,scam,100
0xc5e0ac69131ca5089d1c9f6a2c48148f7ead5856,scam,100
0x358c52d7434f82c4d13c663cb88d277f53c2b848,scam,100
0x31fc98c35ff935a0730acafeb32b7cf344622dae,scam,100
0x36ae618b4e920048eca5f94b3220831b6e13c4fe,scam,100
0x1feeb5c715def8b8eeea227739aa50a539b3d708,scam,100
0xe3fab8a8d85fbbe19358174bf46b35e22b89f19c,scam,100
0xfbe051acf47666a6f23ace6ccd6f63d15def7826,scam,100
0x2ffdce87e2de466348a589acb4121b476c7605a5,scam,100
0xf358da5a928cd152226249fa06d580655c66af6f,scam,100
0x2a2c35adbeb59f618c26af2eaa8dd58e130957b0,scam,100
0x3f0e8aa10346d31cc3e6ff12ff4b480fff6eca51,scam,100
0xc6d41e668c177b107c5533baa56aa34c11a74ece,scam,100
0x8c27473263f366b9934940a193ca58da550093a9,scam,100
0xbe3d1ffd2a7bea5f91b46a6320f5ceea53b73f1c,scam,100
0xd2e247ceca9981883472d19e20ed32ee8b94e014,scam,100
0x1ff272d28d7f89455c00843f26d787b3b3245d8f,scam,100
0xc44513498c74609b7649528b0a827c79596ab56c,scam,100
0xfbd0b8a9aa2f8c41b820e725d871bd6f20a6a7bc,scam,100
0x60786b4545cdc03749d6230d31ef71c56151cf6b,scam,100
0x37f69728d93ff97f1414035f6b4af7a12c1ae5a9,scam,100
0xdfcd11d7c64b32714b53111515601cdd8ad6fc20,scam,100
0xaffe4546f6bd8732aebc357ef84e516d35b9ea02,scam,100
0xfb1c32fb43fb8bec73f429339e2eef1c50b93046,scam,100
0xe4244f235d88b690648cdaa2c45e94addffe12cb,scam,100
0xef78641af30cff4a41bfd2871f3a160dceffa428,scam,100
0xb27f09b4be98836649c19c294293836695dd97a4,scam,100
0x48d62319bba6339a01fd5ffe71061daf59e25a47,scam,100
0x106152f23475964460fd160f3e78f1fbe7826d11,scam,100
0x0234a75f5c715d61a716db37c0b56f3a2223ccef,scam,100
0x96492993c231284fe54edd017bcfe6ed93c90756,scam,100
0x93941d195fcd0ae25ef4182848a2febcd43b5200,scam,100
0x8804d09aeec11eb69808bf9cbdfaf9ed88b4bf4e,scam,100
0xeca888a9f4bc0e52cca10e6f1451fc0d642ae8ba,scam,100
0xa5e1f7e79b3e854ac67a660288c7c97755867627,scam,100
0xb71cccde6711fb90940342afc4b53568a43bb13e,scam,100
0xc66631b72ec458c9b3ce792c32bcc7b466e86507,scam,100
0xf873e25c7c5149f21beb8b3f951bb281da16ffd1,scam,100
0x9161eef046fe8894114cc43d81fc6be66e0c725a,scam,100
0xa3c88e140367547d11cff2912d00caa3fc442d67,scam,100
0x692727e99a7b44a6732afb4f9b1def6f25354842,scam,100
0xf0e9e43af47a6cb2f978226b410f9ca7bc5dd828,scam,100
0xe1b7608e1f94fdc282411d90dfcd7a6307c82e53,scam,100
0x69a68f913b8c835969bb6814d84908fd39858c05,scam,100
0x96106da84933b3867bbb7c235243ddb0bc0d65d7,scam,100
0x82fdc983ba7bddf8f780769fc85960f6dc66eaf4,scam,100
0x3c2cb71cc219f30a1c1840addd084bab5e31f8bb,scam,100
0x4106075f95d04ff988c27917308723adeee749b4,scam,100
0x73ee8076e095a37f3bf517cee086b7eb45af99cd,scam,100
0x59b753f271c88c663de9994003b0014c7fc886e3,scam,100
0x39a69185309b8b8cba4a90b94e4400bc94237dfb,scam,100
0xfc0f10845dec1420be18816f40cdf79eefbc56e0,scam,100
0x7d16d3b5c153bca5de071fa0796f878c5c611b1b,scam,100
0x4b470bdfb79d9767055c9563da07e5e7593f611d,scam,100
0x6f6e4d4cdb1150d5b1abe62e91e9613461765d15,scam,100
0xc741dbd00684be11f234804b6e0ff3ab50239d5f,scam,100
0x62474d6c379788be4f9cddc0e67c3013a78522d9,scam,100
0x6ee164d8a52f4fa6a0b79da49de2fa56cc208142,scam,100
0xb471aacb80e64a8df2a9e698f5ea2d74705f733d,scam,100
0x1339903db2b4a259208d5c6dd1870574a04f0168,scam,100
0xd50d84e52d0df090787c03a09767a1e7889b09d5,scam,100
0x3fa8f47bbf2cdd5b01adfd75fa9f0af659dac7db,scam,100
0x272c5fb458d612a1e5160a0420a6098f072b13cd,scam,100
0x0a5cc88babd2d1b68c2b857ac9d016bcbc6608f4,scam,100
0x2663750edc47594439f4f18fc95d8f69f6b54e21,scam,100
0x7eebaabe82af2a52949404d377aeff4188286e9d,scam,100
0xf57501e51bbb2f23d532166429e5fae078fef6d8,scam,100
0xadffd82255e316f51871da62d59f5590822988fb,scam,100
0x8366c33eee56da4f70da46496578a3ebba6e7e10,scam,100
0x82f6088f6dc063a877db9ecd5cfa1dded63779a7,scam,100
0xb481aab14df626a330677cc4c9e7c8e6a900bc24,scam,100
0x82d8f4061fcc75d5dbd7904fd7799a402620dc19,scam,100
0xb20d1f946aa917087d9f0fd23eca11bb7e738fcb,scam,100
0xd05ad33117098b6250853b77d6e4ae07689e09cc,scam,100
0x567d1775308f920908ca2de61b7667f5cd636558,scam,100
0xb934684493773de32d01ec38632003986b5797dd,scam,100
0xa3fdf93843fa411e9cb9411bd841689ff1dcdbbb,scam,100
0x78b1360f1fe84abcbfbe31621455d73db96a1261,scam,100
0x0817351c8c75b527e329a6d7fb004ba899034f85,scam,100
0xe4b7cee4af5016714dd6294e0ad6bbaf42e52787,scam,100
0x1d6e3c166d26ca655c40ba2cdf1f5f87b62f714c,scam,100
0xc863fd3cfb0edbd64e85b3470d92aabe62fa5f56,scam,100
0xd230bdb5b53b5b82161fab45d1cd9c6649b1bfb0,scam,100
0x27e99f47c67979e6e29696296080e80b80ee3273,scam,100
0x9809967c396dc3f00e1eb032ae9b416bfcf0d07e,scam,100
0x7cb677d0b1da71d10cce3148c7a1139de49bb2d0,scam,100
0x1bd0de55c1db4c759262ceba2ebe87fceeaab12d,scam,100
0x4657072869f9619b8f0464eff47a9f23fdb768c0,scam,100
0x9fc722b5766b0be5fa0db5b128c18e9136a43de9,scam,100
0x96d983263c0689fc990dfb0853621875c48c049d,scam,100
0xb67897a53275f258fb4e0c02b29c9cd197bec9f5,scam,100
0x24d2f974327cb49a6e6c56ca7d2b7993315ffb7c,scam,100
0x1eb80b13dc0a40adbb0b9846ea3579b8b406da65,scam,100
0x4ec97678a576b8269ace204710d7ac8043c80dcf,scam,100
0x34b059980d00eee2b1c48b80ba4d3fd7c121e6f4,scam,100
0x30946151ef8d5d3c7691fd9bb28d9b293f5bbbdd,scam,100
0xb6cc7afa1d9b9a43fcaafc3c23dd082cb7754d30,scam,100
0x3d90d8ef295a486605172aea882685bbb371376f,scam,100
0xbee538ecb678b588c5385859d769a4297e9e8172,scam,100
0x69b78f6f3cf8e8c59b3c385e416a9dd25311166d,scam,100
0xd94e3334861e24439b8b6069598a9ffd8add3c34,scam,100
0x65a6906c55f7515095d2d638ddf338a7ba87c3ef,scam,100
0xe060a50caacd04e50e66cca80f76962584140874,scam,100
0x86d557409bbae3be8e489c391b42768434ccb4ae,scam,100
0x60e9a36b0c3d256d830a35bea3afa108a600cb48,scam,100
0x71555fd3c87db56738b25f497302fd33f636cf04,scam,100
0xcafdbdcfc075d0b68f2b319ae01aabe40c63a7ff,scam,100
0x141f6cea8461b58f210dee23319858b3b6dcd0ec,scam,100
0x02079885dede256a209c4c056e2b6d5cce64a488,scam,100
0x6e8c07641d2372f328381e6ffda10a17203785af,scam,100
0xcf2a7ce8cb124cfb25768620c72023c0a60f6f56,scam,100
0x0fe7723b20913600fc7bf462346bb0e99eb7d691,scam,100
0xcb718e76f4f9a7f8d37562c9c38fd50740647fc8,scam,100
0x32153e46f9f29639626056db479f54e401b47d8a,scam,100
0x93f715bc3a464bdb408554bb691db3b3ebcdfbbe,scam,100
0xe4eee394be21bd1aa4915126f17cc5877c28eb6b,scam,100
0x909874bdd61a6c43c823f2c436d24ead3058d603,scam,100
0x08eebfe2bfa397586857bfe3349e449ed67acfe3,scam,100
0x1fb65ff34b806033ddbaf01a2c80d7263b314346,scam,100
0x157c88c1f0c07d8e2dc4b21b6370147cb34b3a97,scam,100
0x21bb443a8ad812dc9ffe3becc87ffda25a3dd476,scam,100
0x6054981ca84b0c54b722205015dcbbd8720cf9d0,scam,100
0xb052fe6a594cc9f1e87dcad83cc478f56f0d24b1,scam,100
0xc0aa97378a78dd6ebafc8518349641d9a8cbaa26,scam,100
0xadb26e803bd5f6287b7329ccdbd31a81baa8e605,scam,100
0xb3c8bee03974ec2c1defb5403d985c62ceb363c4,scam,100
0x561a5ed9f412506b9df147103aca4347f37ae954,scam,100
0xf3f412835f04d02b06eb5d8b6d8ec46278e90f94,scam,100
0xbfd3beea69a886e800d577516bfd57886b76e78e,scam,100
0x4d80e2d444e1fff67042b01ee264a4b682e067d8,scam,100
0x370709af74256108d2dd194e36f74f53ca22e92a,scam,100
0xa60fb7ce42e51b8b72f4b3930a88e642a5f69722,scam,100
0xda8adf82405c32cd057572def9468dc1c127d7b2,scam,100
0x79b2b2defce6e3b84bdbb36be4cda9a9ebbb490f,scam,100
0xcca3791ad3d340ac1e507c83bdd445039427657b,scam,100
0x78aeaaf5a1332d690bc00773fe8baf2c750893cf,scam,100
0x7e74f74a434f039927d5f3f6897d0237a811a3ea,scam,100
0x2250ee6dcd94b8f8c732d56503b23ffae79704c3,scam,100
0xb64bba0ffcdfc54376ee1ffb4121feee23b6077b,scam,100
0x708ea8cd8d4e9f487d7f05e33a3d4ea844c8db80,scam,100
0x3c6bab999cfe6412645f996fc36d8033ce85f7da,scam,100
0xa1d3e1e54c943529f473f619790a284c12979c9d,scam,100
0x80c82049c83f39a3497956646d6cf182d04a4f7e,scam,100
0x11efa79e588f4a5c88c2f4652be7c87546fdeb77,scam,100
0x1d1a10838f973ae536952c3c5c280c15b61da52e,scam,100
0x47a5de9ecb7c17f944b1d89b865f245de0ff9a94,scam,100
0x17504785059123e758f1cd2bfa00ab45b613f9e5,scam,100
0x794d65ba54c12cacbedb4a45cff6668bbbf91efe,scam,100
0xfe5055e161a3a5da62d7ec20f425b0b587907d93,scam,100
0xc9354047126a48196c0e24a6663d411855584295,scam,100
0x5ac4bfb8a5852d1d40b7186ab09cc090e07241ef,scam,100
0xa2a44ddc508f0b67f86e4756a8770e400df2b18d,scam,100
0xbee52b9ef04f04778ee948bd9df2ff54be4b7009,scam,100
0x944a5886761487f241f9317c87c8250d5cc38890,scam,100
0x2bccf77ec6b6cda8fc6112745a2f481b2e475318,scam,100
0xa6d4fa3563ff4f2e1fd148a027eef3c11fafd30e,scam,100
0x20ae39ff9fb5340a2e9d737f811053d9026d0b1d,scam,100
0x58a2555478c3a1b8c6aadd9e7b872f6b426bc944,scam,100
0x7dbffd0aaff69c5967fa04dcdce5553fbcc11ec3,scam,100
0x14c11c0b8b397a58a88ac8565bed3b212f6ca5d2,scam,100
0x85febc827129c3aa11e9bdc0c52eecc044f6fcab,scam,100
0x5426d6c09349a7c96ff666c4747e154cc86481e5,scam,100
0xc965465517a9af291041dd54176680d743a8994a,scam,100
0x7486e2dd55e3afbf307c906028a081a940814e47,scam,100
0x6f5df4312185a5dd85965ff8dc4fc023a15c47b9,scam,100
0x0b96b72744ea17bc040fb1da7e81a99aa2b5f36a,scam,100
0x18ea8a9ac49454d1c99c6c348ab3f453bf130b77,scam,100
0xed303aed96d681924e7db98df30aa67964a794ae,scam,100
0x7d21e718ecf7e5186bd6fda9ff034fd6252f6813,scam,100
0x5556178de6dcb747caea45e27a5b5a70101cba42,scam,100
0x0c521cc697ef52f999033d61a0910d6b1f2d7cd2,scam,100
0x7df9805fa545b53cbbaa0b4cd14a427b18c4cb59,scam,100
0xa1ff39556d4e49f2eeac1c2e01f4f557d712ce28,scam,100
0xf7e3c67d8458c71bd0c17f20cbf8e5c26cd186fa,scam,100
0xfddaaedd0b033a6fa5622db7f46662599fccb668,scam,100
0xbcbf47d57886a50ce75c95e411d7e09c2e82e0c7,scam,100
0xbe4d5b09a2a35de1cc3b959b404898588964b281,scam,100
0xcda74277521bdc29eeca86bacce49297026e631b,scam,100
0xa0c12e3aeac3e2d28a9a0909f4a982d4995db85d,scam,100
0x48c8b0f4d7bb278dd81f00d5bfe4ff2029a1d197,scam,100
0x4c0c28821cb724692499e65ce7134c20655e5681,scam,100
0x9c83551e8c31b55e81db9e1aaffeea71c5c0c4e9,scam,100
0xcdb94670ae9b985287363190cc3e9ca46610b685,scam,100
0x6a10ee1fa8adf9f088978b10acce106f29f98bec,scam,100
0x1331e071b1c0d242ca72fe9b3d32a74f2354b1b8,scam,100
0x2d488823ee2e98c6ad458d3d233d2126c7ab068d,scam,100
0x0ec3b5af50e2108ac153df21cf07fb38823b48ff,scam,100
0x4258ebe8ca35de27d7f60a2512015190b8ad70e7,scam,100
0x159e93ad0c74a26dfebbf3cabeef7380734b3e66,scam,100
0xd4d5a4fb4c46a6a8b9a7b0ca17be96e1f054bd2c,scam,100
0x7943c8dfac2498a6273088915e23653af3fc9648,scam,100
0xf54c8daaa225f4cd6b717c85d9f37ab30e73a8a2,scam,100
0x35f4e7f393c9ba4cd8ce252977092e64a3aedaca,scam,100
0x7d1c1e5fbcfc6a09234f3e81705d200d1746d4a8,scam,100
0x4f44bd9853737e37668a91963e1b20a0ef52e30c,scam,100
0x16c558ecc7d31f4e0098ee1d72c53f6422d64873,scam,100
0x70501b2c9aa43b7b63be784f5b261ed4d609b0e4,scam,100
0xf2388f790ac052888eee91d8463b257f0b9d2b42,scam,100
0xbe659b2fc06e6d54705acbbd1d931cf703043802,scam,100
0x5286f9a2d7db7e0bfea591ae6ea9d2e064c08038,scam,100
0xea3c38b8074c46459b12ee920416db19dc0d7753,scam,100
0xcad5230d7c8ca75786e225918757d23e7a7498ce,scam,100
0x55e712a70101028781af5007fdd05ea23f91e725,scam,100
0xdcd2b5ba4b36f7c056228fcf1d34dc63ea998a3a,scam,100
0x77662202f6b6827cb0bb354d97b63c0158257ad8,scam,100
0x2acbc10f6af960d02b4907e9fec5ea259b038e16,scam,100
0x7879ffdff60efcc057cbb54f12ee8bd8c02037d9,scam,100
0x61375c9e8da3a90cf02a3c1fd28e983c6e529195,scam,100
0x076fcd40df29d46a4799a7a64c9cc4cea4eb6802,scam,100
0xf8663df7b1943b9f5a4706812edf4a8b41d98e8a,scam,100
0x8a89c0d00c7edd948a74c83c7672a958efbd5efa,scam,100
0xe55664dbe2bfa860c4b592874e8e255c28195091,scam,100
0xb24929c8d4357e86d396af5b214732cca1b17449,scam,100
0xca97140644fd1ba65e337b59caaf637616d5f9a6,scam,100
0x08a66c51e2d16a44c91592c8d5e62ef94bcbf4aa,scam,100
0xe68ef95c1a5191d8f71bd6847c4e178ed08c37be,scam,100
0xb23f71ff33c08f3a718f1a95c47509f24f854939,scam,100
0xedf9f957ac7ec74636388cde2f313a3ca151d0f1,scam,100
0x76c2cc48be51b31481ad592a645910c0a85a9b23,scam,100
0xa3c847f474f1d358a678fc70a03916fe1344a13f,scam,100
0x3c4d11b383ed6b003d0b8361bd9d51a647f03d08,scam,100
0x029be452dd25e57b2bcdaefe7b98b6917f975d74,scam,100
0xd204da2439fb41e69fc44fd579e19d681b41e403,scam,100
0xb2f571083f3ec5756b9e6b8f473863ff29f9e194,scam,100
0xab63502a660b9aaa48551b10cf477c75c5deacb9,scam,100
0x1b199b8acde4f05a49703a9e598a8d47629c0dc5,scam,100
0x49ed4715f7cc2424c2a4cc93ba35b5bf50401000,scam,100
0xba954d629377ff220ae05f9d7ce05659bf2fdfc3,scam,100
0x36038059236fc88ecc3e42f20bb20ef11797ee6e,scam,100
0x41d3be8c67d59b7659d1727e98f7fb7a870fcc34,scam,100
0xf8c8d81d86a0b7964de2fc2053ab078f304ad013,scam,100
0x50fb3c0a35d94b98bfdb8c32e4532eb880fec977,scam,100
0x9b22ed396cd2eba81c2c0228318e0d88a9cf06bd,scam,100
0x6fe76152785b094e75aa6b98992834a3a5f4d095,scam,100
0x3342c0e319c6703bf81363933764dccf5eceddc9,scam,100
0xae34212eddae5b5e994b5c798f95e0dc08282efe,scam,100
0x9739c1d0fae7130e9491b3b431fddc0d66de6a84,scam,100
0xd2c4b19229df42ad4b5c195e1e5c728d260382c9,scam,100
0xbb33e291699faf0fc4a07830625d9027f4375883,scam,100
0xaa6787221cc254b149b4b61e0fc1edab26eae1c8,scam,100
0xfcb4533ebbac8ded9d09602be40992fa109768c0,scam,100
0xb259678ef5b7540cbbc1ccda9e016089992dc6ce,scam,100
0x4aa838569a9d95bb45647173362b925325fcb2e7,scam,100
0xb611e5b4a1c567957d5589cd896b078bab203942,scam,100
0xe76db3199f10a8c1ad25b4c087915d1c8032b06c,scam,100
0x7aa155182927aec5fcb905a142cee91b1365377e,scam,100
0x70fc465d8f45a0b961b8c1bd12beab5172a46109,scam,100
0xb45e378073c553c58f8797cb54d1e30c60065f61,scam,100
0x5c893fba70df50d70ec98c8df85dc6078247afb2,scam,100
0xe6b2d077ac5908260d2dabfbc7ce5fdc402a6c61,scam,100
0x7e05ac782bc4af8f9e76090ecd6012fbf0f6d326,scam,100
0xbafe6bf76af430c5296b73dc699e655fc13e35a7,scam,100
0xa4ed13597445695f848c0c631d881e0347def86c,scam,100
0xdc9bc901de1c0eb3ee7209982601d44f11cb376c,scam,100
0x9639a0145ae0ea26bb6afb3547eadadf3ee2018d,scam,100
0x370f16860606cc28ac8aae4b596cfd91ef57d3b7,scam,100
0x597c49bcd536eac13a03d9adeba89de0496e043c,scam,100
0x3450cb642ef000a087dcba926fca451b0275a6cf,scam,100
0xb03bb5921661c3edbe0e1eeb0cf03c715abd1267,scam,100
0xff30b32c7e7da16cc7cd100a54ecd77b103d1a1c,scam,100
0xb9ff00698907c2760b9d76c933d9992cbc80be1e,scam,100
0xd912e41aecacbed3514356053dc737bf18f552ca,scam,100
0x8880b22f5e86d753ebc9dbc2e2023ee63befe7b7,scam,100
0xe53f565e326a08eea805f79ba3b381e7bf8507c7,scam,100
0xe73c9658e87121735cd2c552d9137e61ad7efbf5,scam,100
0x479445ed1c488c66bab39bddc0c4030af765c003,scam,100
0x84b50512ff85d8b69a0cbce6037945950061f6b0,scam,100
0xed81b91eb84dbfd53a2c29e69b0b4ec259da86fd,scam,100
0x64726c9f0148331e5433122fa85943b8ecdbcd92,scam,100
0x966d8a5c6a259bdc4b46350f7ee7e569af8a27f0,scam,100
0xd2e9667e0de2b6b5899fa9530ec5c823f5c0fa43,scam,100
0x25dc40a73a085dbb32b7f4ed1998c610c218d5e9,scam,100
0xfe9fca0d8f83b6a423c28e174435be71aeb26383,scam,100
0x954484b592cc6fccc40b571045f2c2225f5fc2a6,scam,100
0xfd00093890af8d8600c4b6939bb8d8ec2fb47057,scam,100
0x5b19a172b4ce95310d14f49c3575ed84f9b55b27,scam,100
0x4a29b5b42f8f0f539a9ca9eb706a63703864b689,scam,100
0x4d53869f39e4258f3759783390241f209af6416d,scam,100
0x137fcc71e3be35b45e6246e5f3cdcff2c457af78,scam,100
0x420edf97f811ab258ac8ddbef0e500b0394d6d28,scam,100
0x98706ea942f330f4725cd5ee79f9b050ce44b4df,scam,100
0xae8451e670d040d9fe77b026fe2b9b42638d5a5f,scam,100
0x3acb5bdb4e844cf2fe1f4ffcfc207b7094846db7,scam,100
0x095c26f0160fe3c5eb30a7a6e2956dde50f37f3d,scam,100
0xd2613e6e8818967349b8eef41584aaa908a450cb,scam,100
0xc91a056426017e91bc7fd5c5ca62faa2c1a3191e,scam,100
0xf38c8c1cfc465f5444a1216218da12b86f85ee7b,scam,100
0x677194b74f7b080b211515a1b97229dea910604f,scam,100
0x35db0f6125ecd21676a09bfd9edb8a0aaae4f0b5,scam,100
0xc1e3224ecec7e216ca2acfba621e523743168c72,scam,100
0xe1eba1b8c9e8339ca2a2474c5121fddf8a9fdd3c,scam,100
0x5581d27d8cc433e50d29298e580a986dd797bab8,scam,100
0xdbddbc2b2be722237174aa163ca422069aa2862e,scam,100
0xf8bfd79def67c08f2a497c08be0775de3402886c,scam,100
0xd0c5fa8d30b983f5fa3c925039e7307c034dc4a2,scam,100
0xaf18b801b9c166a1bbaa5d949edc2c8d9d2526a9,scam,100
0xc029a173ab1167bb9d3106dca2ec8bf77c88a266,scam,100
0x6e3063098d03363006d757ffd29782e12fdac208,scam,100
0xd030308a2ac47d4d7c456acafe9ea4c20fdbebda,scam,100
0x7da4d659f78ade3c43daa67763dcca40b4fb09d7,scam,100
0xa9f4edfab9f626441029e29d5763400b52cdc30f,scam,100
0xa85c03116b1775bc13266d59968c863acf2b50c3,scam,100
0x6b1c106c1ebc105a343d1b6c3130f18b259ab1e6,scam,100
0x1d415322eaef5cafae79c8b3cfe984bb9669a840,scam,100
0x96b2073301ac5f7c0ceb85846296dd620027bad4,scam,100
0x48618c851a83303ea2877edcb971ddbf88207b87,scam,100
0x1ae903747574be866498e83c5730dc00f034b092,scam,100
0xb476b65a032ad3e5cd90a677cfe6d072f6e7ae37,scam,100
0x9c42011ac4327e94214bab603be6d173ee5b05aa,scam,100
0x16df3862b103976a2f5dd876f81aa3ec60757f04,scam,100
0x76d6fccd16f5d715036845c3d9ebff54ef7571c1,scam,100
0x59fed4cbd3434256cf0c23e4361035704e6f5579,scam,100
0x7ac02207250ff4fee68e587ee6571f0725376e96,scam,100
0x63ae15f74612d63ed5bae303fb1bab66f1b816ac,scam,100
0x963bbc70151154e8b97f60ad908705188c82b69f,scam,100
0x67e58531f664b4f69a118add7824cac8755f27f2,scam,100
0xf45bbd2f2ac49c34e03dc15e90241b94d78ec260,scam,100
0x465dd42f5e2de7afd5e70a9d75b384e83b09a224,scam,100
0x23ee07200fa49b4e1ea39ef0417efc020486206b,scam,100
0xd48c85b5d44bf0146bc8572201a20b924a8bda49,scam,100
0x2c3cbf1224f67a679fd70cc68af1748e10dbea86,scam,100
0x0749620c19e2c0f96fc462259dd0463c113ea0f1,scam,100
0xfc2ce9373bf72ffa8c1d123f2d24deb1fedd6a47,scam,100
0x08341214035da979b8ecc6e5ad5fce2b7b9e332d,scam,100
0xeea751b3c4319201eeda7baf189408bd6f522d58,scam,100
0x1cede208f3c070bf8e4b2480c51b2ac42a45102e,scam,100
0xd1426e1b8d7e938f0036a60966c43effa117feb9,scam,100
0xb85492afc686d5ca405e3cd4f50b05d358c75ede,scam,100
0x69420e2b4ef22d935a4e2c194bbf3a2f02f27be1,scam,100
0xf7d7e69023b48eca13baaecce954d7cb6e4169a0,scam,100
0x587deca23398c0514afb482fada76be97e3e78a0,scam,100
0x5ad5754109718cc3837c3e872c907b7a6c7d25b4,scam,100
0xf2922c3780f63aa074115423002d9c5e069ef6d6,scam,100
0xa357b8f4ed34dd4fbeb16c4474b4993c06d3314f,scam,100
0xfa274ab1fc606d5c044d561cebd296d8f8714598,scam,100
0x584b07e07c024d6d89163ad1c8396fa081e914cf,scam,100
0xdebcd6708e93276a74410632426e14c7fbc2b860,scam,100
0x9138a38cdd5261f7ed58fd82736edf51014a1718,scam,100
0xa2d316e5a1c1fa2e1c8c420e29580da773335678,scam,100
0xe3f473623783c604e21926e57d58ca479c27d8e8,scam,100
0xfd502d35e47eb08c166d18afc7172083edea9813,scam,100
0xce2183fd7e7d296bb9857b39883aaf6f253b70d6,scam,100
0xa9495019e4f0d142ad72189ec4e4ded61df0fb0f,scam,100
0x838259409659f1fcf57134379589e2f749dcd90e,scam,100
0x0dad1dfd24025def1a5c815e870a7784870f3435,scam,100
0xb1b30f3dc470ff6859ad69de05b879779058cab5,scam,100
0x28fde71d85d5d8145c33313397068b399a04117e,scam,100
0x5a83a53e27d4d039950aae2142824dabbc192475,scam,100
0xf2114c725077ee6dfd8bc2ff1492641c548ca5d9,scam,100
0x3659a7ad20e886ace6dc2b1cdee383c0e948595e,scam,100
0x46b8dc3b3c638ff27eecec73b77de75dfb5888bc,scam,100
0xac5c75b2982c6b00177e818dc72c6581c55231f2,scam,100
0xa72eaeea69e57ef2151fa3022862efc768896239,scam,100
0x2e541bd6bdaf0e52f2bc000ddc483de00b5e26e5,scam,100
0x0b4bd6edde650a34dc5572e33624e3e077d63fef,scam,100
0x9f42cd9104209ef97b75d37f529366edae9c6b50,scam,100
0x2042320030d7748f15350b77776144129d4c2214,scam,100
0xaf020461de5d7144aa4a66fcd5383d59c884fb2e,scam,100
0x557468ea6a35c733ca5524aa1d2d43d06e877d8a,scam,100
0x679dbce52f42f277b59859c5a3b4953a6fff3e46,scam,100
0xa11102be112d13fddbfd91e5d9a2bc0093c0b4fc,scam,100
0xaa53316a6fb64b4cc61cc7b008d1046c8c35cfc8,scam,100
0xf32059a1880d22fd5863018b30179d31bd5646e3,scam,100
0xe04140b62b464a73dbe3a65afc93493674700af6,scam,100
0xdf40f5cadb5194a362d48c4f481bad857711bc58,scam,100
0x07ebc29f3f7a2c37f1254b395dd469ddd572a857,scam,100
0xa8886ef50c254490a8893c8b2ffb97f3a0d3c354,scam,100
0xffbae3fcd23e96a3caeb8a7bf560e90eecadcc59,scam,100
0x8578e357504b72ad54ba60c138cb9386f210e50d,scam,100
0x29052d47e359b6a339d8ad586951ad461b8556dd,scam,100
0xf5675780f4e2790f551f3382b2445ea747d79b65,scam,100
0x8441cc7cc7cc2d21a4ef99f652be35bcbccf3acf,scam,100
0x00b1fd5fb9f0fc47df092d8e71547e753a56d1f1,scam,100
0x4b7109a385208b9eddd47dcc54ab4820baba79b5,scam,100
0x8ab0dcb4037130b62166119d7d1e302c21b6dc38,scam,100
0x289a94694bbd7d1441cbc51ab9be0ae5997e0c75,scam,100
0x1305661f7dad36b0a14fe33234cecb991cc84cf5,scam,100
0xd5b9fdc57fb8b7d40afb94558761707a43a4e2f3,scam,100
0x6b51064813627987939376706dff1d1f0dc5d65a,scam,100
0x18750359746aa811e292816f8913cc52f84ed6e6,scam,100
0xd1df2a97c6ceef845d8a751a793a27d6c040deef,scam,100
0xa0db38548d69879e844020742bfd888c28dcd17f,scam,100
0x8ee7a44a1f42d507c5b323340d48f78269d3514e,scam,100
0xa72f2943e856aa5266b01fe015a2c9e73a42a72a,scam,100
0x72c6e157e68c8e1e731d413ea46c0db1ca415036,scam,100
0xa7d0c0ece37ff638dec6191a048ef15c63fa53e1,scam,100
0x52524af88fb196a5cdeec8856f443dd6edd430ca,scam,100
0x4f9119db871a59688822ad8b0fcf283e754c9507,scam,100
0x354bd558a511a32af58f965cb780f66991893470,scam,100
0x20a15509647b3daade13ecfa467a180a807b69f5,scam,100
0xbdad7397de4f8aa163d85d78279cd71a96584d15,scam,100
0xda26c3adbeaec4afa3f80fe2ddaeb5bc6220b88d,scam,100
0xabb8472a739c7c2abbcb0e725fb46a87a4be8f2a,scam,100
0x3789c8e51107f259fce329ad5be309bf7a60c31b,scam,100
0x862ed3fc70747d888696ac30bc2cdf6e4c1d5c70,scam,100
0x323ac86588563e8176889cd47a3448e10df8a4c8,scam,100
0xbe71c0e9e695810f3a18c1814a93bfb9940c82f8,scam,100
0xe7ebb56edf0cc4108060309e4cdd906448b7701d,scam,100
0xa4923941cd425326c708f5b768310de2f1e45258,scam,100
0xb2cb818071118cb022567d6bfb0d02a685a0d2f2,scam,100
0x54e070cacbe522da1380cbe4269db4a396d86044,scam,100
0x622adeae91fa0d1fbd08cc37cc1bdae1d4cc0738,scam,100
0xc3a1fefb4d1caa2082102d54a968a478379a7681,scam,100
0xc05abc8f93815182664ef22ced7d221b9366a5a3,scam,100
0x5664bc7b6a9b3ab4e7793af00bada51cb3aae818,scam,100
0x3253e71aef7b8e181062a4b07c57fa85bf12bdd2,scam,100
0xbb4a6855ddfde2670061eb6e5bfcc608f96d6aa6,scam,100
0xebca295e309e3bed2695dbc2a04d22cbd1bd6bad,scam,100
0x3944fb2e694f59129dd6531a0cd1f8c760dd0385,scam,100
0xd154ae1e290ae30772baaef8a3ce6603a910534f,scam,100
0xcd19e61f5305da0425e3016ddcf1fca10e818063,scam,100
0x9d50f8b26391fbc078a8cdec3fbe8e63d67b34e2,scam,100
0x8f32f3ee0312dca80b8e3e3080fabf2e8a436960,scam,100
0x28b02b4125799d48872ffb26a7c47762799dfbe1,scam,100
0xd38a24706d512eb2f77cf9951205251e048cef4d,scam,100
0x93ee633542a503e5f4d7d813baf3e0b2d5b94531,scam,100
0xe50a2dbc466d01a34c3e8b7e8e45fce4f7da39e6,scam,100
0xa974551cc5d452b5e3ad2147d88114699205f042,scam,100
0xfe7fee30afd19d6ad0167291b338a786b8beca57,scam,100
0xb8c6ddfece7bf42412acaa88f9c1c06adbe3af85,scam,100
0x9a0525016ff2f6e0c63214a52bc4adce3be0a990,scam,100
0xe8d20921738ebb9f38c416cafd49ec406646e4f9,scam,100
0x0d23f9350bbf9a76e6a41b8a4cc497366e29513b,scam,100
0xa9cfc982a66d0134fee2539cfd633559fb5cf9a0,scam,100
0xab45b218954f0c5c8a88e0b9b33b4c4852c67a5c,scam,100
0x422e922f018d6661375a7139a89839328aa130dc,scam,100
0x6f1ed372edceba48db7fc5e80e67d6166878f62f,scam,100
0xe4bb57cf97c6248efdaeb495a6123d8adf6f9bf2,scam,100
0x77e0dede447662d6026f8fffa7beddf12f37bcbe,scam,100
0x391da521dfffaaafde113f8ea006194a76d352f4,scam,100
0xec4f11ab6e7e62a135431b82156cc730fdb97d19,scam,100
0x0b80ace6ba77fb95c61d4832286179ab5bf3fa09,scam,100
0x2c7c2750284dd3ef6bf6ae0133aab14e3f5d5abe,scam,100
0x9b0d6bf3f4e918c2b648831482b0fb352555e058,scam,100
0x03d3b9978007fe0512a28311747f36ada73f4962,scam,100
0x0000098a312e1244f313f83cac319603a97f4582,scam,100
0xaca447eba1d8c9175b276ac7781e09819ed214e9,scam,100
0x6d5a8ca1eb1ad2e4873b8da3a3c2452635b3da8a,scam,100
0x04a735d026c2f384c00f97c07d2e5ac051806626,scam,100
0x982d654bed7fc445335406ce310d605b3e9414b6,scam,100
0xae995c8131881243f47dfad0789d5601a5b231be,scam,100
0x3acf56faf4eae119fd5469bd16231aaac691cb1a,scam,100
0x3ea0a4a663a00a9f17f8238c78087b8e51ffd94f,scam,100
0x80646e553729a02158b240b81a8130f8f038e430,scam,100
0xa9a1f8833f0d0161f4e8f90a418cd7700f940771,scam,100
0x892cac6a3406f5c42559009b0eb7fe842c4c550a,scam,100
0xdf97aaec23ce2fe7a40327990d1fa606a91296fc,scam,100
0x2ec00718fbcfdddebeb3a4f2bbec7e82072154a9,scam,100
0x841eb9c3175638c96c3be91ae7d014df6771eeab,scam,100
0x581998b6907c072c81159d0b1f7ed736a6c8fde1,scam,100
0xb6cee95674be83dbc0e600f60257b8a2141a8b1a,scam,100
0x4ef71dd289b7d024c8a910b10d660144c58ecead,scam,100
0x4b7862c779617e4705c9c66c266ea9cb530875e6,scam,100
0x945d368abcf2bef875853bb1855c502c873060a8,scam,100
0x030f7745e5abc1e632a86c9121b01ece5d6a9c8f,scam,100
0x0eb09fa9b2f28a9064e86d7796db69f3a203e332,scam,100
0xe9564ed7e9b74c236856ffc7a1cb8ddea1a7e36d,scam,100
0x77e8175057d746863dad4b3acc2ae15db538d8e3,scam,100
0xc0642ea6b5f4f2b7fdaf419125c4aa01dfc8cc8d,scam,100
0x03499474a491ef05127d8087a227089361ba7303,scam,100
0x32f6e315809d38ad73ba9d863c4cdc2cd3116778,scam,100
0xc33d8f9b4859b7ce8267c5f6eb1526b16ecf0863,scam,100
0xe47810989eaf20eeb62f9f08e33c3e162d2f320d,scam,100
0xbb7e94b6d292443bcf665eb9733a79d27fff8294,scam,100
0xbf8c8f20c5fa70de4db53fbaedbc1425884e8c0a,scam,100
0xbeca6f6b5e233706ceddd995e05c92dee5ab5f72,scam,100
0xb6a65a87a6d58fc35020d51c1b7ec812b3290653,scam,100
0x463224c0af60e2e47f9c6320f337ba94e809ddb3,scam,100
0xde18e75d48bf142fc84ea2cdeae08fdae9102dea,scam,100
0x3bde96f61cec53e760456ad1f7bcc37e9da1e4b1,scam,100
0xacc4a57ad5592e627542f31fc58f9d162bb22cba,scam,100
0x2b22d1256fbffed294c83624c08a79d63be13a12,scam,100
0x3e79c5266d01791481d4c7041f1b0acf3b448076,scam,100
0xcafa11ab425425d7986be974d7b9a38ec058320a,scam,100
0xa0b46840734a3d09857bf8e23ee36b4c39119008,scam,100
0x3e47c99c784e681b6a9b84d5ddd039a4b52eaf8d,scam,100
0x1818db4f1689c01a418c48c4aff9a7c510a155f5,scam,100
0x5db40b7f7cb0c2b03605499308af850112048137,scam,100
0x678ee51f91d27e9c835796ce4cd854e0621a61f9,scam,100
0x68f5e08784d6e0725051c8850c016372fb62231d,scam,100
0x6ac00ef690822de4a39c5161833f0cacee2806b5,scam,100
0x1ca08eafe910fd5f940f6bf2d79b9c3074092ad2,scam,100
0x7b92fb979ae44b646121e5ec07abf82a7022883d,scam,100
0xfda3288b42e80ccbf0a0c62b077018d5d7a84725,scam,100
0x3e1b1bf9ab7d3285ba19cd2379317b0b54cfd750,scam,100
0x236728cd8c96d839f880d277b8e996a2193f7567,scam,100
0xb324c10f5779e42445a70b5ce5331791adcc6f43,scam,100
0x34f3f4ba979e177a517970e014250cab61a80529,scam,100
0x140d2a1453e3a8320d3895e45dad01c21dd9e821,scam,100
0x8d50d2eeeed7ea1de60c51ba3f767e48dfbd2320,scam,100
0x21541e17c6d0b12b80fad974911a4eb13a84031f,scam,100
0xc083d5b993d53d4d479af6c4cf9d7707bbee682f,scam,100
0x9639026be336a0b6e879071beec3f32491425970,scam,100
0x33c31054b1d73378c08349c091e90e92654b19af,scam,100
0xf35f8853522ac21e6134c7691cc5f3c9ab6b6b62,scam,100
0x4b3c097e9a6d55314bcc6e362f34e3532bf694d3,scam,100
0xaa22da7573cc20c190dda9aed3a53506b10b2611,scam,100
0x24c7143109dae8d10e686ed98100881c413fe3f8,scam,100
0x9fc2a70958814178b9b588bf7abd691f0011f030,scam,100
0x5aefae631a896bcecec55ef2a209c9234b948184,scam,100
0x02530d90b5555d712d76d3feef3b43fe0afac4b3,scam,100
0x8fcf2416e7914760f5fee398bad6d091b31723de,scam,100
0x13563fc204ec40cd52f0429fdf085ce88a55f51b,scam,100
0x41833dc56eda6e81f70db9b3931da2c97cd63287,scam,100
0xafd6ef16f759ea5cc0fe4bc5d599bfc861359b4c,scam,100
0x5e04d1b0047300038323b9ac5f7cb9e0843e15e6,scam,100
0x31eeb80f47c37163d2457a1f66a1a89776e7dd47,scam,100
0x39bc02af76ca261b9bc1ff9bf54696d79ffff059,scam,100
0x812ff33549634dede87ed5011fa976abf5c2a162,scam,100
0xd7000a32931eab1e456c074f0dbf30c7a838857e,scam,100
0x46a0097a0e5166391634ea0452a1fccdd36c45a9,scam,100
0xc53b0af100deadba0181cce91c79c91a66624849,scam,100
0x32d4e198de5427bb0fc43e1cb316ecdb3ff855a7,scam,100
0x7ad90923d3c55bb4313f587cff54eb6401e39175,scam,100
0x1665bd914c07be16293d08b114d790297b53d73d,scam,100
0x60c0f5a79a42ea8ec69a056049d75f3be887fa40,scam,100
0xb49fd56a219ee2aa41d8d58df3cbeb3360899994,scam,100
0xeb8a76b8c320053f147b4c1483dbe99e9f88641d,scam,100
0xdb7082fe40090964e5364cf9d0b2ff7d0a7614dc,scam,100
0x1b9335f320c9e9448eeec3c97385235ee7d3be24,scam,100
0x234ffc9b27e56817e4357d3bf7a71adc09699477,scam,100
0x006bfe806273b9bf223769532332a687d8f6dd11,scam,100
0x927e8ea19a0cc5efd9197f05ac6311b9228ba9b9,scam,100
0xc0fdf4fa92f88b82ccbebfc80fbe4eb7e5a8e0ca,scam,100
0x4c0c0cf65e31baeb7b9cc104ada6658875cca172,scam,100
0x433d46d0c76841ef7fe48aee4399801ada3cadda,scam,100
0xfcf92317297a911797849ad1b33e433f22a83202,scam,100
0x49236d2c94f6f223c51e7398d23df812cf662834,scam,100
0xf7f0c779f7e53f989384f366b955d29203fb44be,scam,100
0xc4d4581f8a399e8c5bb79b3ec73b5a97a18b1ab5,scam,100
0x1d6cada7af0c86323c3be27e0719e9cfdccd2a7a,scam,100
0x55571b8ee380a1a3a4ed9f3dff61cdde765589f4,scam,100
0x09d0b4a0d31bc0629a6ddd734295e29a5be43cf9,scam,100
0x3c05f47308eec291b113a85ad448269d9cd4680e,scam,100
0x9100f2d14b8431f989724dded7a31ef7e9b63426,scam,100
0xd688f63104a91e350068938a008f1e28c9602d27,scam,100
0xe4be9c171333171fb2f9e1c593466946d99ebccd,scam,100
0x190aa9b2cb3440abc201a4cade3a469695384981,scam,100
0x09f38e3a8ab2fad04848aa862b07ada1de2880e8,scam,100
0x7f3b3312b19756bd2a990263b9c91ffcbae2ffc9,scam,100
0xef176f8bd53fa98af209bb1e3c8c12fab4deef98,scam,100
0x791deae863ac3d18c35948a83b514c5673729516,scam,100
0xadf928d05690a3940b8bb28422076bf06ac43cfe,scam,100
0x7b732e6eb24dc885db7ff417478dea2c1d4d64b2,scam,100
0x9959e2974a3478101defdab9bb2f3ca05725ba3d,scam,100
0xe6eb09a54e5035fc51cb21133e596197d336d3c6,scam,100
0x3fdbc8d88e618e372eca2935a77e97563cbaaa94,scam,100
0x0e0bb0cc029c221277329552403c976e1bd176d2,scam,100
0xb0b5cd643f2a0c4d8f1a35a55f541fed7dbb3976,scam,100
0x1055839cf88eceb30a7cdb74afbd1d0f922cf9dd,scam,100
0x1c3dcb8464e0ce224e0981d9aef5d5b879e193f5,scam,100
0x56ef70c45810dabaa79a3f8323f0c9cc0f42b2a3,scam,100
0x2ad0875e63116e96eec7c4d38a726457b628dd68,scam,100
0xfba83fd50d70849699889675a9ba0cd8676d00a7,scam,100
0xc94c714c607d4e74aa78a1e6e6cb536ca4bd56a9,scam,100
0x1e2a7b0726d3b13a3a5a0a1d20c238034853cdfd,scam,100
0x656f840a06c769f44b7d39a1df04897af052795e,scam,100
0x7fa2eebbcc84dd4eec99a78021d334aade1aa643,scam,100
0x618437b3a94596c3e3e733ca4fc0d7b3a34361ab,scam,100
0x6dd2f906368fa50133d724d3346d9c5b3c2d17ea,scam,100
0x2144f0ce790d20d31859772b2ee248a066c8525d,scam,100
0xc70aca8e2b8579cf25944aadd45e66d9e95a8f7e,scam,100
0x1be4a9079abb69b6e2ad0503292ef7e1ae4853e3,scam,100
0x6be253cd909b694476516ca173561ae702b32366,scam,100
0xa8e9d22a920413cd8607dc3f0b274c9f82f2822c,scam,100
0x85669235c21350886fe2dbda96da51cc14136c6c,scam,100
0xc75269b342c1b7f4cbb82e80a7986878ac0f545b,scam,100
0x8a25cf46d8170d4b3edf31b78ecd12d43994caab,scam,100
0x3a8cee422dfb7f53309e1f477a75d22a172c4231,scam,100
0xccd315031d722a725fe28e0c5958800b21e8fba1,scam,100
0xc4245308ea99b137b29ef6e1c9bcb2aeabe8ba1b,scam,100
0x2be45e89c0e51f1101335bf71d9fcc82abd1b0ca,scam,100
0xe356a0392813d64666ba90659e0f517ac51fd70c,scam,100
0xea90da6dc0f84cb0c6016cf9cdeda9782a46f9d8,scam,100
0xd52e9fcb6ab9ba8270de2183e781d98e44f1d8e1,scam,100
0xfe635d7af0e778c5ab0219626a3729bdf623d173,scam,100
0x10a60f358ce60d538d4f4a46b77c00a5f01bc48c,scam,100
0xb6280e57f48d7083089d4b87989caa22e1c1b9b9,scam,100
0xd422b783ea64f4d30c3531daceb31870c9ac2e61,scam,100
0x9864d21466010ffac0305ba9e6039976aab40995,scam,100
0x7d975ed609b30b95b6eff132cb551f4be82d5b75,scam,100
0x5380f7544af0418f6bca40897536748cbd5ad2a9,scam,100
0x053973d64ee9256d6957e3c5d2b5dd100064f07f,scam,100
0x5444e7e26c0574faac6d0e06b1a0f9ea3da564fb,scam,100
0xfb922b718ac3d4284f9d99ab9e056b1de2a41619,scam,100
0xfd94dad70a782ca5750a698c09dcc45312d375cc,scam,100
0xb42e42c80f6af7b6afd8877f4853f0bbc0eb3a43,scam,100
0x1d1029baa2be66bd58be041657c9cddc0de4ffe7,scam,100
0xf02c21668962abba296040c276987ea7fa4d4cc4,scam,100
0xa7ca89befad1b33755ef60e1d9a500286ccccc2a,scam,100
0xe9852df43c7d6355d1c417017ea457731242812c,scam,100
0xc6436c6bdd657a79bbab8b2eecd5ba1ce69de266,scam,100
0x7d67cd7b3312db5f2f7cc6115ee01304c96d85cf,scam,100
0xab12bd1d256d2090fd6bf5ad3fbc3a479abc6c58,scam,100
0xef0159e704d06c888a140a50e06b3eab8375b538,scam,100
0x5509dfd69c7fe9770c8d34be00868a1f33d7b108,scam,100
0x40c8590f2d2f543689b42f9a1f1872cb7461aa0d,scam,100
0x0f4b56e9a06c45033ef7deb39b0bd28bd162137f,scam,100
0x22448a2dc22bcf6ba363ed88dfd133aba74df4a9,scam,100
0xb0f4291c1691d4bebb580487570b3c9772fae261,scam,100
0x05a242216b23a44127c6643ab5a7b90f1193a2ed,scam,100
0x582a7558ee8950a8ac4a739c96c0eabf35e3bb50,scam,100
0xede26742364289d24a3c17d11b293b09ff63db1c,scam,100
0xe8cdaf69adedcaa61616de3394bcce5c691465e8,scam,100
0x73c6222d44e3b4a3664cf82a2dd0ad68005e4c1a,scam,100
0xff92104ffa62db76aa7fc9ec97442dacfe05e99c,scam,100
0xca0498f384e73c8a3fce9183ed5b8b123bd18c3c,scam,100
0x82f8b9d44ce0c0503e3ccda4d894839d5467620b,scam,100
0xcbf2b45684aa61085667961a7419ef5bc3187938,scam,100
0xad3778df92927d936db91683812aac8a3fdfe51d,scam,100
0x3221c58175f52200000000000000000000000000,scam,100
0xc48ad449a340d789200604e278f3e08d5414f3ef,scam,100
0x667200d20087357f77a5b5e5805575285ee27571,scam,100
0x96f245ddaa16c17dfbc56986c6cc1690647a55c0,scam,100
0x36f0ee52adb16837cde15ea4f7c8b38e7e0f6841,scam,100
0x3a0581cca42427fe9319c13c56df3a6e16dd7d71,scam,100
0x119001d47731f5bd8683ed6b9103034302f884e2,scam,100
0xbe54de17ab2dc21bb8e706c435faf35539a51c6c,scam,100
0x1acb3bcc823bfa96084797b59206b7bb4b565319,scam,100
0xaf6d18473cd91acbf5c109f12d2126955ebb553a,scam,100
0x93bbf194175c0bddb2812f60b4eb70ef2bb17bef,scam,100
0xa70d0709987c5a27f2bac0f39abbc4d8cf6d03b4,scam,100
0x0d524a5b52737c0a02880d5e84f7d20b8d66bfba,scam,100
0x448891c149a699264daa8b9b290d2b5983bf48cf,scam,100
0x65bb455e9a94622e0856ac55cb8597d108c6fa71,scam,100
0xeb45156afec97cbfd51f0464251e044ed4689c72,scam,100
0x054964970a75f2819f32095ad9e6e67709092548,scam,100
0xf4f693b1c92e68711c9b48a5e4be605e073f2a38,scam,100
0xa473bfbe93e07c8eabf00aa69a3a99f812f461a7,scam,100
0x6e5fb49eb89f0e6dd2f9e0220935a0de3dd35485,scam,100
0x428ef7a429979ebde3b8d2b361123703bd998e26,scam,100
0xbde488b4a36afca07a4d330fa7aee7bb8cfbff68,scam,100
0x82e29793c4a0785c556806a74b5fffca30f33d78,scam,100
0xbedb9d008c3c2d7a01f3034aefe882b077b64b94,scam,100
0x29a003692a4fb37fb3c780720514a0694e6704d1,scam,100
0xbf29b773efee4706468b383b50247330ee78c242,scam,100
0x93c16289f9dda4cc7d7b0750857864217080dc00,scam,100
0x19da974cebae60a2bc82ba19295c7078290be6d0,scam,100
0xb3744fcf41d71d5178f391792abe63fe5d638b7e,scam,100
0x3679d9d96a8ee227324bdfe7222618cfe2227418,scam,100
0x85f0f87aaa1f54924cda9283d575cf85ab9ae37e,scam,100
0x3ed51228140dc85661c4a4b305b9855474557c4c,scam,100
0x3626efb26783006c97431a3a77ddc4113572a619,scam,100
0x39ef68fea5b33d0aeaa5b0598a7109853c0a1dfd,scam,100
0x5f95fe0dbd6cbd03afa160f4d9aead9d44cf9ce6,scam,100
0x7f9133abcfbe95668268936c14c72c609e0e580d,scam,100
0x753536e5aae0254558d26f8b34b90ce39ece07b2,scam,100
0x24c65fcc3e8ef57d4848d10ca1ca0372baa29c44,scam,100
0xd86f378396f9e3adb13c23121f1e16e62e0078a8,scam,100
0x8760513f944be842ffb4888fde71cad1e2a394c3,scam,100
0x215571865c74710525a334ae1c3ceddbd3ba2699,scam,100
0x8b10e17e33745bb4ec69aad01e6c4a1db86a4332,scam,100
0x80b750e36eca41f0d5b96aefa875de133725044e,scam,100
0x4421cf5be03999a864f87ec0737cb7c37b20b54a,scam,100
0xaa1405b7a1048cfe738c8ee710851c434c8eaafc,scam,100
0x63069319cbb5fb3173eeccc78cc26b2b2ce7816e,scam,100
0x16294eaa2813754a05b0ddf8f86a8ecf3816e200,scam,100
0xcd4d7ac2676443e375d677fbac163e5f368b4c74,scam,100
0xe43dbcfe0117d6f039ba23427e68e10cf0bfa116,scam,100
0xca65425694a5c21129075e48eb3f7879bb85654b,scam,100
0x75e44f7541d5ce46f4d21075b45760f109c14b51,scam,100
0x75798c3c28d95c96705d77bd7b906c2237ef9659,scam,100
0x29dc991289d6ebe5a25d1444dcd83654fde67d76,scam,100
0x0a70ee94a9e03ef2a82ebede121a38843a600f44,scam,100
0xb6137eb8398ad05e04699e9eb3cc73d35f146872,scam,100
0xc7fa3982562ffd2fedaa14d120c7710971bd8dce,scam,100
0x2847d5bbe7e0851533303467d6dadfdf4fcdc619,scam,100
0x5c851d441fc0a03c844b2bb8a5d1019a409045fb,scam,100
0x34f77aac4810a075415ba06589d8d76a14008c0f,scam,100
0x8b68ecbfafd934efef77c18cb1e3b2daa27c8ccc,scam,100
0x2d25719aa237cd23a214388cd8c8487c7b76dc8f,scam,100
0xd90f4010d38d9093f90011df4971597c5e3af2ab,scam,100
0xfef769970bdea8d65e258acf2db91b2e2e24a06a,scam,100
0xa7b1ae65d2f743870fb96950b3bdf0940f2d9b1a,scam,100
0xca16d13d5eed95f200426a9fe7a71d52a88948ab,scam,100
0x19a72ea327b37e3650e1092abd724c723172962c,scam,100
0xa0a10de075d898c6e36259bc8e97c5b6fb9cf58f,scam,100
0xb576859a3b150bae6a748d8fc9a82ebfc1389386,scam,100
0xdbdd8d8340f59e30e05b3cb3fb96a0b79f4a597c,scam,100
0x940cf734ac44f689e3df3889d4e01255960134a8,scam,100
0xf92e8f57795d50149319c5f4e28aef43afdb4645,scam,100
0xb97b9868415cb60e79611eac02c131d50856f0d2,scam,100
0x9e66c0909892d4c4c5cfcebcdc04160bc68266bb,scam,100
0x19305a854addecddbb056b70767866af57592781,scam,100
0xd508af4133128d8acd749184bdbf9f9b09aff68b,scam,100
0x7a8bcb8cbb69c65b8ec9b3dec5ca8b7a822f14f2,scam,100
0x5fefaecf71ad78357d1bc0b5832a87016e2158cd,scam,100
0x1047a7528252586edaad066f3ca2b21f66677125,scam,100
0x890bfe5aae1e8afc54bbcbf3c96903ee1c3f4156,scam,100
0xc36c22dd0dbd1882743f78374d93f5cf192da033,scam,100
0x05086a670e09d3264f3699665163975f5c69b9a6,scam,100
0x7eb07e6bfda797b279a060561de9ce6a066338d7,scam,100
0xd59c700aef88a0219572a9eecea5be0619d305ca,scam,100
0x5d88866271e0e4e55ca44ca16f7b1098cb449933,scam,100
0x5e2904aa79f8df9d427e7026fc5b185fb3b62ebc,scam,100
0x003f13d95ccbd7b8778ca66be31adf71add79ee6,scam,100
0xeb74194525baaf86e422f14a8c0ffc32c868819c,scam,100
0x2d0b76ec82ac6cdefaa280fd65b9570bb7c733d9,scam,100
0xaec4e783330ffada001741a1b862c486e3307d68,scam,100
0x888487978cd9a71e049f1c81dd27ee20d63c9cd4,scam,100
0xe9e6049d4a1eeb306690bb6ec18bab3215c25751,scam,100
0xdc0ece1cc95f35f2ae43094df4df3636cc30246c,scam,100
0x5c0895c2178b4f13c09b070df5747748da20b93c,scam,100
0x0828d8cfa77c10513480a50ce53e926f1562ee09,scam,100
0x4d6a07ad7e7870e5d0fe4bb3d0a6a4c7d5e15f56,scam,100
0x5c1aab6850e73c5b79bf104f6a98b8c8597e6b86,scam,100
0x54b5669fabf1d7ec58cffd753a214fc4f0434b7b,scam,100
0xe00381c4904005f84998a43343357b56327d262b,scam,100
0x0112faf0cc1155f6c277c724c23fcb66f8accdd1,scam,100
0xc38510c6dc70b310bff70820f5b1384a29ba80b8,scam,100
0xdcaa3dccf04f1d926fa6860ea9778a923d336fd7,scam,100
0x42364069e9cbfb46ab48ab8b02f1418522165e11,scam,100
0xbd09fd80f2afad3a5b1b5d79653f706fed04d9a3,scam,100
0x83bfff719ec2f355020dce9513dd4a94548cc25a,scam,100
0x6fd99b85200ff44ab2c667532d4f7166ca0aa230,scam,100
0x50d8088d81b5fc0e55e470bc2ef001a7f5415a85,scam,100
0x10c9061a5dec0aeaaa4b50b77e6d3433be5a9173,scam,100
0x9b3bd80bae762a59d6998ee060671a992456d14c,scam,100
0xf49e329f433387f788841e513b2404259c638420,scam,100
0xb4d1d11458eaceaa8a0105f458c5fc31c9bbe8c1,scam,100
0xdc21d2862e80e9308f1df80f09085af7e8c69445,scam,100
0x6335ca066cee5af231436d92fa694f1ecbc60e5d,scam,100
0xbc1a7736c12dc64632fd51f16a5271a0bc202acd,scam,100
0x1ee688d1cee5b9045f5fd944eabcdf5a6f274e42,scam,100
0x3cca40ac2a62aceefdfef11f821817ba56ef7b49,scam,100
0xc83c726fc623d482e85a1f68c7beeda70849e4cb,scam,100
0xa49a0e5ef83cf89ac8aae182f22e6464b229efc8,scam,100
0x5758cfa411fdeadd8d294342409432b99e699c27,scam,100
0xe933fa07f0a8b04ad93742a69b9bcd51d77420eb,scam,100
0x905a2d50629f6e2479a13f0595b7c1c8920701f3,scam,100
0x0fc2f15cbf46527ef0384d7b4ae28c056814e1bf,scam,100
0x61843ec42caf7f3f5e97f96f90725fc7bd3c43dd,scam,100
0xae44ffba176b1ee04cddc820d320d30df83600d8,scam,100
0x63e298aa312a0d7e636112a2aa85d43030607025,scam,100
0xa5fa5d90ce4e1c41ea0da1d116ba6d3b270a12bf,scam,100
0xc85e65f19442eef47e4ac70843c044df4bb5f4c4,scam,100
0xba144b40370d1d2d755c457172c09e44d8e12fcb,scam,100
0xf61977431642b6ad4903e7f57a5110aa1f925183,scam,100
0xd48e6da7903cedc25a3ba5a0bab7ac55e86a010b,scam,100
0x3a3542d6997cd357e1b1044490a3ed164946dded,scam,100
0x28f3da79570b7a1520bf22bd95bff3677464e4a3,scam,100
0xde5e6a6c63ac5d8ea38752034cdad8c919d78670,scam,100
0xcfbf4a7b6b872b4aa5dfe03cbe89939b44c0eb98,scam,100
0xcdcd8230785c422b3d748579a7906c7a1ef89fc9,scam,100
0xb826c0014c127490ef7b62d81b834fbd035c0a79,scam,100
0x32e981224d1633e385b62e068d8c5b3ee147bbf5,scam,100
0x6ed0ed3afa85d36462e5fb3612994936a55f8c16,scam,100
0xf16f322ccda034aad638c62588c0312d63868bd0,scam,100
0x8e3e1b2ad7a5b5d7e8d72942a4a239ef6ac6abff,scam,100
0x068e755258285ca7b4cd3acb0e855b878e89a9e1,scam,100
0x000000002651a7206f8d7a23fe4410edf16dbec3,scam,100
0x92d2f52ce80161b8debd5d34ee454cca2112f44d,scam,100
0xb296b3508478e6ccb040d62622a37a0c27cbeda1,scam,100
0x2c4b3dc748a7cebb89d8e519074284f4a0101316,scam,100
0x10677d8dad1412bf068b9422068759b13b11cb0d,scam,100
0xadf363c6090f911f20c1b59a99928bcb5eed0e5c,scam,100
0x0152f218ce980db7dc2871961bf239f9c8979fc0,scam,100
0xb511a1e1fee0e2a41ce40e50b63325b22ff40225,scam,100
0xdbd895b56e12e126b52be182412eed8f1398114f,scam,100
0x685e7db34eae3320fe1673b1507c12b6a6a19324,scam,100
0xee159f2ddf07d2cf159db071551fa3152b0f938b,scam,100
0x0698bda55cf6887d2932a30845c8ea723fb58b4c,scam,100
0x1f07134ec1885031ee9f7efc000f7be58531a4f5,scam,100
0xa05e963b20658afd34f731beef11bb9de8ed1990,scam,100
0x9b3d7b0ef17d7b8a520d825b65b7b96648e32ba6,scam,100
0xe73ea34ac4d72400f61c98d842984ce8adefca5e,scam,100
0x4c117d7895c5d2268163009f70dd44c24ab7f504,scam,100
0x8c966cae614910137b13e9e241b88dd82df36c38,scam,100
0x74c74f8f16bd8b5ccf53b39d4a72f1acc3a051d1,scam,100
0xa612b0a3c2ddf24f05a7b7934b20c5d1a8edd5f1,scam,100
0x75e0158fe7b15b8ff3e7ffb40ef2f9b077ff0f70,scam,100
0x912632eacb36cedb9cac05e21ae71a694eedcad5,scam,100
0x3569563839c4e308f09122126b4fad3ecaa99999,scam,100
0x52c30cff016658ac43089cb739cf6d6aba138997,scam,100
0x0b6ee39f2e3a6ea1787e2cdd43fcf48330ee3889,scam,100
0xaf6ac70fc92952edcfbf253a48c77f731eacdc30,scam,100
0x2a1c54e408c45d701df1f4eb1de1d7006322d64c,scam,100
0x380dcded7e65d9752f9fb3ae15fb769b9fd32561,scam,100
0x710b5bb4552f20524232ae3e2467a6dc74b21982,scam,100
0xf0b9f6929e6a99a1e32c6a471ec85b9acfb42605,scam,100
0x85f1eea6c1159f68742c6c959a6a6d15daaf2471,scam,100
0xdcdcf1f321ae47eebbe94f695483529d03e52395,scam,100
0xf89964518fd091aae7dace0132f8ba81e726723b,scam,100
0x21b764bd4bb1e1e1c8cd6f6037a13f10512939e8,scam,100
0x7bc415201e3a17d6624b586aeaefd9e2a0b1b8b3,scam,100
0x1099ac30cdc4159b7a8c4acca27aa14628d5a93f,scam,100
0xdd127d479fbf30313cea5ac68bc37a06fa53d72b,scam,100
0xb8659dc05a5668e502009513e0bfa5cb9bf1579c,scam,100
0x7a4a2cfe122f7d84759e486056d8628df7e86837,scam,100
0x61b006fb5017161ea27f01ba787f254119df960a,scam,100
0xd10471a6f98be2fa63e8678b1067ee10b151ae22,scam,100
0x0c28ef5e4c5b6b708f4196a6d2c61f9c65fda952,scam,100
0x353d473f8b959fa7f74831b476ba9eb1a0153f16,scam,100
0x1d5071048370df50839c8879cdf5144ace4b3b3b,scam,100
0x55c3f34c992cbac8d966609773fbc441dddd9c45,scam,100
0xc9984286393f8b564473f682f34bde4898049d31,scam,100
0xc080a256baa2959ccd8b6a9d879830cdb0877c24,scam,100
0xac7be03e3a2c30bcc7eec7f10146d41581f4fce2,scam,100
0xd834c3346e27f5d5b1c76896d79b167fb7480bb2,scam,100
0x77c03cf26fd359781d76aa1c72aadd774f5471b3,scam,100
0x935d9c4da96c55bedd432f0fa73f0958aed3d51b,scam,100
0x28c8d8709a341713bddb3f555de4ef4448e064dd,scam,100
0x69b66678ed3d62eea6e3a8b6c4ef9882d40c3568,scam,100
0x50cc02fa99123c3749b0c674694db87d84dfbacf,scam,100
0x86dc335bf9b10cf5b463ca3b169ec81edda180d0,scam,100
0x1abf0a2edc83a25f51412d685fe15bb51597732a,scam,100
0x627fe14e789380067688058c1f23d16b0690eb2c,scam,100
0x34c3a43f3f3658a0bba42fe7ffaffe5cc498697c,scam,100
0xdbd6e33cb6534ee5a9dbb818f908c5df6c561aea,scam,100
0x38313c0668c897b6d591a69e0a9fdc9305e67b55,scam,100
0x9b2754a30545d0f66ae90c1b44e686bf98595963,scam,100
0x39f954c8674009e4bd03c4afb36ccaf1732d3f7b,scam,100
0x11ceb3aab35e2510d7eee3728468cfea7c39bee6,scam,100
0x3209512d3177a145447184f137a73755673f8340,scam,100
0x312c88f77ab5958c9e67c6cd6518e4e7aff22f8e,scam,100
0x7395770759502eada4a76f84041aeb3d696fcb0b,scam,100
0xed2acaeeff41c1c78266930d83f7a8eeebebded2,scam,100
0x6cd72e17f2086e123825e13b4d0a78d61916d75b,scam,100
0x7bccd4a1ca683ad86d4f08ad6978337f3f1be588,scam,100
0xd12cbd7987e391a55686894ec84cac1ae05a6048,scam,100
0x42accde77afbdb744179765e70007aaea982a7b1,scam,100
0xd00e81dcbf8600ea04845a2b128566b76c5e9b60,scam,100
0x7d8904598e5ec80ffb241349767a1840bd35d51d,scam,100
0x5b55f322c9b72f00e7b451e8dde6555dbfdbdb9e,scam,100
0xf5aa3da043b2f2a2207df5da098a0097c51d11bb,scam,100
0xf3cc7bf7b8cf56bcbe500ff0af063383f97108f1,scam,100
0x38e45cbd710cd9c170a428cf0191cdcbcdc8ac06,scam,100
0xa2247caf5a46bd2fda546d7bea4f83d7aeec0ade,scam,100
0xb8f955176771a9eef0f0c912c7d4138c46a693f5,scam,100
0xb5590ce74a6efaef0a9080dd2c5e66ce3e143103,scam,100
0x087f87ac0a05cfc380be099ea3e721d40226eb2e,scam,100
0x2cf0a6930a7f8a4156201b72b9c0a10d419e7c0b,scam,100
0x70010f3715a98bd30b6f235ef961c983656ef26d,scam,100
0x41e8a9188136cf26bda9bd33acbfd0bc808a025b,scam,100
0x307116674a0a2fdd50405d26699596c7f7d76db6,scam,100
0x6f0aa719dc5c85f594116c359f1f116944da35eb,scam,100
0x29a470bb2dd172340ec113ebdcc2f3ef762ab0a7,scam,100
0xb6a5b73a09d2baa393498bff8e6af502f57022db,scam,100
0xdc0b6b3bcd52469e1a7219c59a0c5da1a1978f02,scam,100
0x865acd696c73d2a26ef4ff1a974c1fad6df3fb8d,scam,100
0x038cd3dc5ed5a4e63e9d32abf7551f881de77d41,scam,100
0xe22271d666bf6c879734d66803c36d08c38f3e25,scam,100
0xb7690c9a5725699406b91467ce05619fefdbf870,scam,100
0x6fae7fc943edd3ff852176abe2a1f7e1dd1b94b7,scam,100
0x3da02e1f29bcbed185eca0d3299efd46e6e7e155,scam,100
0xa31573be292bd03d36db137b6c2ab6eaa3d5e572,scam,100
0xa2e01fd8f960f01b99d7b0c63c65f9f3cd0629cc,scam,100
0x32c1e913bc165fefa7cb2f6f15f1671f709c9cd2,scam,100
0x9dc279d44af18f233de27bc833350950b5896cfd,scam,100
0xd2089ff4e050a29e85fb5a447f83628e2a697555,scam,100
0x8da07bfbcb9afdf8c238648fe749a8660fe8a62b,scam,100
0x6ffa15fd1fe59a09be1497df44e8e939308702b3,scam,100
0x1d98505fcbae25a7e98265e5b015eef411c59568,scam,100
0xe9441766a8f01423f891d8b0395f2071f4d67504,scam,100
0xccfd29158dfc8320cdd4b7ce7a3373805cfdda6e,scam,100
0x891619ea8de8c73779c1fb8b6a582f7a913e55ff,scam,100
0x41b8922c41fd87940b6184dde6785b4a16b9e16c,scam,100
0xcdef9447127c9aa9fbc838ae6c8df93a7502fe9e,scam,100
0xb1259cc986ed64b3f42ff6223846e68d740cba8c,scam,100
0x4a7f32516a0a8f421d52b7d13e1e869631379348,scam,100
0x14a64f89ca7b327deb2b2e318f2952c41a259940,scam,100
0x57862f4c20fd3450bf63381235b1d36095daf364,scam,100
0xbd4fee42893e8bac47541dc2b5229d7139186666,scam,100
0xf94e5e47ea7198caaf8b0cda3523ad8742efb95d,scam,100
0x0a01f08edd363c2179e0d2c73f147550899b2717,scam,100
0x82753c8853cd650699e23d42810587f07f98460d,scam,100
0x082666f545ec0c9aa60f2f02d175da4955b954ae,scam,100
0x8d30ae75baa378e1194d4f95146b712e794a0c42,scam,100
0x91c5dbf465e8ef6fb34fb1a0393fa4bd7de7e0d7,scam,100
0x9afdbc669f83f2eb81f5cb3c12d26454cb9c0e27,scam,100
0xe484a5b7b865fa138a3c3f8e06a02f72168b6a7d,scam,100
0x7a9616932314cf8651dbb0c90a51a8cbf7df8cc4,scam,100
0x601d55d810e80b6be82dea7c48f596257e594b56,scam,100
0xae199365a05fbfb16fa63aef80e4c32e51d383dd,scam,100
0xfb98172ae8431830fbcb9fe7380cf88985c824a4,scam,100
0xb12578f3f89f3b52d7d49409eb99d16303b79bab,scam,100
0xa80ffc9eb72dad5aa803bd3da58c2d016c2603b7,scam,100
0xe10da2c1edac5e2061b19b3504a7608142d96f59,scam,100
0xf8fdaad144da18333dc111d9d9b9a58fd0ce067b,scam,100
0x52adb9810284ac185483eb02cfcae1d86034b4b5,scam,100
0xa833ca45dee1a14d2582db2a14e68e309de2dfbc,scam,100
0x1890314ac916fc0ddb8d5f38d9ddc6d6eb51d12e,scam,100
0x91843287afecb1e0c92d765672ceeb1da856d6d9,scam,100
0x75c30212163c0344c3d9130472e4a69c59ec84fe,scam,100
0xed5afe2de60281d5247bec81e727c2af0b7d9c71,scam,100
0xe344dbaa709c52982ecd3bbdd9b690631d127b9a,scam,100
0x39aa7cd4b942a79d8dee5240bee3a935046815e0,scam,100
0x029dfd5b016ed918416cd1faf53d79a013b3065c,scam,100
0x5feb5fcea4b75fc7169a5bfdfc716c67e8e471b4,scam,100
0x751497a863f606eafcd63418b920ad98f5d7f972,scam,100
0x61a59393daeb8391a2da2c5ad9d38db515a963c5,scam,100
0xb23f665719b9922c787eec70556da3ed050799cc,scam,100
0x071ed056f3373d0f0190af691dd9735bd7438d4f,scam,100
0x070cc35011c2b9962c835499c836b031af1131d9,scam,100
0x86544f7e7a90d05048469d209d6c3d1009e8c3e0,scam,100
0x86d021e4b742a7abcb6b12321b5f59fb419a167c,scam,100
0x41d2c6e78f53cad7dc630c53d7f7204af1aae322,scam,100
0x4afe18cbf1f12bbad712fea55af296a8d54b6c27,scam,100
0x85b9ec2787d47b2cfc21445d19aba062cc3ce923,scam,100
0x41126e19981eb1bbfe92b1d1cc4fe7104b044ab2,scam,100
0x1224be5ab3be2489834e75cdc50267a8b150ab80,scam,100
0xe49a090d35566ed79c3a2c665476dcaca57ac01b,scam,100
0xba4b97051c0c5dfe5127334f803bc1e75f0d6728,scam,100
0x398e98b7c19db2f5df086eb4f83624146aa1ab53,scam,100
0xaf642cb0cf417174815d833e6fae2adbb6e9c3c9,scam,100
0x2ba48341ec5d41e4c40d930c7e3b057bea6146b9,scam,100
0x8987ed1907f3048e799d4a474d77261cbc5f9795,scam,100
0xc74cdbbdfcfe02711dde8e7faca0f74186932414,scam,100
0xc1f908863feca9f0b352d31606173d13fa113134,scam,100
0x09faf279be240485fc8d77b271deca50b52e8899,scam,100
0x913f9b4d7ffeec32d885932007711ab0c8710ae7,scam,100
0x68ae722be0e8d360325e933bbd584de2a434f815,scam,100
0x1456f414f0cc6c37de766adc3b151e2edd531c50,scam,100
0x61018bdce873eb4a325b35471443bf4805f0da81,scam,100
0x2a43a1da40d5b0821614bffad0fbfb4183b08a18,scam,100
0xd307e99b79c4cb290a9d4583ac3b31df39e06ffb,scam,100
0x889e1625795bf4dbebaa1cb9b7225da0ceb61942,scam,100
0x66fe880c950577bc506cab112ce252dea6aff3df,scam,100
0xd075bf8193196c68cec8e5ee487c938b2ceeb401,scam,100
0x17ce37bef93d8a0faf0c832ff68914a8038f083d,scam,100
0x2ef08e5a38d8bcdac2aeccfa6b8c1a37d064d255,scam,100
0xbac0ffc1e838555504215c83f497627c921886a8,scam,100
0x61c150ad33833f19a08a0552cf6726966f336bbd,scam,100
0xfd8de29594220a6b44ed080f7e5a04047da03248,scam,100
0xe97a60f5d34da4f68bc1f1b9ce2c19ec1a33e928,scam,100
0x7c09194d33686e9b4dda51a5221340f484919446,scam,100
0xdf0de6986b60bbd4226ecf456c681929d6dac98d,scam,100
0x7e92b316d18459e859f33d345d41db6c6d90f615,scam,100
0x6f777797d9c60ae334fc4561b0c931fa9f442395,scam,100
0x10fd497e61b1aa7055ece54b3f06eeec511caa47,scam,100
0xa58461d76680d7fc0c06142a4ded1a68e7a7a1d2,scam,100
0xbf3790474b0c2aad0f4783c68323a1c9011de414,scam,100
0x76c4bf187f40cfb56ee0a5e5f26fa1f804827929,scam,100
0xe9b01a715c17080a4fd8182cfc2e77595f7c62ce,scam,100
0xc33e89982b55d5cbdc3c651786ed243ab2e635b6,scam,100
0x651537952aded446fdee91124679d8562bdd059f,scam,100
0x9350dc887ee1c4ae0b3b0404666020008393f457,scam,100
0x6d2d9533637b004fa31ed388e908d064e5bbbc34,scam,100
0x833326b482a38c37f24f4f271298936ce8aed3bc,scam,100
0x0aa7f992dfb485cf9c4fbe9688f1ecdf9e0a15f9,scam,100
0xfa77ac5d034171eb43dead543b9db5f3e4ee6aeb,scam,100
0x386a4a362954a3962768ed9726a0ce3a403d1d32,scam,100
0x691ff47ec401e32341a38917335a6abfd08bf79f,scam,100
0x255e330ab2e1fc73b51a5fa4c231bf4facc7642b,scam,100
0x6e01af3913026660fcebb93f054345eccd972251,scam,100
0x0cec7843b9c2b125d837d87f0c9197724a94bf42,scam,100
0x5f42269e5f625c85d376a13b76692f1a81b38d8a,scam,100
0xfe3179f5e373f266ed0e438b8c79769697436bad,scam,100
0xd1b3882c1d9abc78c5fb9b9ea3bafeaa7bba3265,scam,100
0x403ad631954bb71f4d5476cd61f395f631bc8824,scam,100
0xda3ffd3fbaa65e04eab0511dc8064effe86f1f85,scam,100
0x7b12810001e183744d03d789fdaab12071981a0b,scam,100
0x08bc4c07a72fd3bf26565516b5d6de1fee715885,scam,100
0x63cffd384f4a880117de9641673a567c4f2c23b6,scam,100
0xfb707e8113d2d4a2820e71ecddcf7da6bad66afd,scam,100
0x2603274dd8d851d0015427fbca30cdee77171c05,scam,100
0xf43e1ec7fbd4bb41236a221b344bab843e3d94ae,scam,100
0x36d5dc95503db75e8c014d2f0706f6aa1041fb40,scam,100
0x3804d8a14b6a2bdcf3ecace58d713dc783a8f2de,scam,100
0xf78bf349211877e3b186f284e05a3b54d1daf764,scam,100
0x7d7c8ac4a0340dd1452a88dcf20dd94f2544cb75,scam,100
0xa11c13fce4fd7ffd899d05d0cfaefdb869408888,scam,100
0xb94f9a31fa7f86fecd7cc88e2aff26b965958e17,scam,100
0x3a4e46aa64ae9159e12ec5d42cafb24cbcd73bfe,scam,100
0x5ba9c407e6ffdd566b666b231fd3c0cf62687043,scam,100
0x769ffcbf7cd348476309b08473b5ac76d3eaded8,scam,100
0x5ea744f61feb1f253c671a79f494e43634f70c3d,scam,100
0xffb94a68c23d245e084ea28b58cde5dc58f6da7e,scam,100
0x88584b51431e265f3d162af863110259a23ac279,scam,100
0xc6ad36bc270ececd4a2f6af43c9b7b15c3037e5d,scam,100
0x38d6301a3aff6d618acb74e4b9a90f4b3ac8b1c8,scam,100
0x80a28ed130cd5ab74e89dc24df904f7ce271aa0e,scam,100
0x54c3bdccf63c29f725dd2d9804c5655c863587ab,scam,100
0x40f576a94e3d1cdabe66426835e33191f859ae82,scam,100
0x2380fd8b951b6d53c014bb12e8108fee36c18fdf,scam,100
0x31c7baefa42953916e433143f0e56fb43a699c7e,scam,100
0xa542e87a4d905b9a7a9300ed4a627f4cf5684f41,scam,100
0x825a82aa4324d9c271bd232e61a17123541e2293,scam,100
0xce064d7145a30c5aea11e64b77723bccf12b779e,scam,100
0xc40a8a6763969e88c8bf58a6e7a5adc61b8ebe11,scam,100
0x818af6a967fb329c04abc9d9e2301483cc268636,scam,100
0x7d60695116f5608626e8f95d6de923a7db4bf634,scam,100
0x864004adb83b4af504bc421a9848b7508b353a5c,scam,100
0x0be95d1b7ad7e76456b67f379248d11823b3548a,scam,100
0x536daba80647ddb85cfeaa08f921c2276d3ac179,scam,100
0x5654e88e4d33f32aaed787aaae910b8711364748,scam,100
0x41d4c8894b529d50eb82a1c183019e883c77d1db,scam,100
0x0dde54724dada3269ba914107c15ccfdb76fe56e,scam,100
0xe17722256bb1106801d6ebe286f93986cca14ab7,scam,100
0x1a3e47bb63a57cc19d3c312eb3e675eefe8ab52c,scam,100
0x205670c5aba92402d1a0932b2ae31e05e85ff2c3,scam,100
0x0598e4f1c5c5ad349adbde57bbf58a36267a72e2,scam,100
0x825b7f43510cdc6113c9c9eb148f2a08a1ed19a5,scam,100
0xaf0a2ac65599e8a9826f969260d0b3f677bdfd08,scam,100
0xc28d5d922eb85c51b114f35242216ae792f29f16,scam,100
0x4d1f50728023882ae62bed3cc5adc9e5da418ccd,scam,100
0x484e3584a0d38d45ccef0220f8f5bb68dd61aaff,scam,100
0xef239c44ac981fc343f51e35687ad889f57a7c37,scam,100
0xcb861d4538cd4cc37f0b66c6d2ea1c5f983f4870,scam,100
0x19f05e6ddb5f83f7c4152dacb2fd4a617ae6fd43,scam,100
0xd8080d82aab00b5273e3c9b39e059e82d6c5142f,scam,100
0xcbc3bcaf1340870d5b40df4bd468509939c8ec67,scam,100
0x787450d78225fb16300cb9a10a1af648c2abd115,scam,100
0x3b37e90a131d8c531903bf16d005254345677d04,scam,100
0x5bcf729e1815879878dbbcb5af17978a36ddbf10,scam,100
0x65821b06d16832cd8d00a1bfc326565cc00bf48c,scam,100
0x4d9a1d40f4be710aa2a34fc9d101a31668b6d4bd,scam,100
0xa169c1b120625d86dfecdfa1d50fdccfbb4e5b47,scam,100
0x17ece9c860a3b1c8daa0888cdee352e71f2d88fb,scam,100
0xad445ca90e15d587b1b6182dd47334a5990026b4,scam,100
0x059050dc76620f27ea41d79d4e49f5570ee86d2b,scam,100
0xaa01c987952db328de3aee15a06f38c7981ae8fb,scam,100
0xcc3ee5ab82949e84132e790e63a4105b9b599823,scam,100
0xeee495d9fa356175623e227546cbe46dffdaf6f2,scam,100
0x04e4b9fa48e1bb06070a8d4b0fffafb124d06673,scam,100
0xec6e6043bdc7a2af5c73e599f11dca4b6412dcfb,scam,100
0xf02ee89bcea4b38ce71b10b1f1e7c30b11005791,scam,100
0xb2da7748f16dbddef7c1963000c35b49297a7d06,scam,100
0x4ddda7f0eaa5203ab369a8807e77c89788aca6fd,scam,100
0x088251d92971fe4dec9a949fd02a5d75cbdfa24d,scam,100
0xec407b5ea5f486a3a80a1108a31b3eb37b6bc94f,scam,100
0x9ad9b61a2af06ab64543839fd2bc980c6b7768bd,scam,100
0xe7613bbb3bb70912635be122773f5ba4695efa69,scam,100
0x7a9ff1691fe38d6320b7fc574c89f1beab8a8ede,scam,100
0x17b2d6c1242bc450565da15cb99c71a40fb2e3a5,scam,100
0xc9e39017d5f659b090bf58be1288a4ba0889db4b,scam,100
0xcfe3b948e8bd94d4f22b900a88825fc1e6695956,scam,100
0x1efb1df5bd17b2b9eafa9d7cb80e54239bb4174d,scam,100
0x1dd4a75bf0bd60d9c6da22da9b04eed7729c7788,scam,100
0x2931ba7494123213a1eab3bc9298ea07730ab41b,scam,100
0xc8b27cc7d20b15acdeaf6002f30af358f741fefc,scam,100
0xb7a21bd92ef7cbedc9753902141fc0c45b90ce70,scam,100
0x99d8982f2ec40ea56ab622d1e97a451cd210f50e,scam,100
0x727b6866bdba3921bda2757c42956a02c71f8d7e,scam,100
0xcbb9a1d126043ef84b66d94fedec31568f60cc1a,scam,100
0xbd3a3a511583506a2ccf31086fe0a9154ac78ca2,scam,100
0x697b7891c41ffb2259d4c5588342d6c24315722b,scam,100
0x4dbc6e86be8d10c8d8d6188114cbb79ae4b09e7c,scam,100
0x0f4807e6a014fd218fb56a78f293f211c466c118,scam,100
0x903b83827ca11bfa92a3f623bc22015a6292999e,scam,100
0x9c5c4ce1454a9e93842cee9ae23563f07419008c,scam,100
0xc3205702a9e793d6a23d1bb19f5531632ef0b768,scam,100
0xf431213a605e3d137baa4e2000a084f1a47b2272,scam,100
0x41a21fab6cfa2272df0ad121d4b610f93988434a,scam,100
0x5bd0f7d5e5a011671475599d21364575b3fddaca,scam,100
0x689b378f9c1ab4c37d25112ca6b8da787eca72ba,scam,100
0xac8f8a4f693c6bef022d31936fb75e12172efaa3,scam,100
0xe5e5a2926b282a9b19015b212cf2974bdf5bba08,scam,100
0x4c0ce7248e8a18d54009b8d2ba982d1b0ca4ea49,scam,100
0xb330665203ffbaf0286e60b82af3fbb4f944e579,scam,100
0x64480d380da9abbc9c95f8ca44bfcf1682bb4788,scam,100
0x969adf6f99eb2756513bbc5d45605f6fcfbb4bdd,scam,100
0x2252096d66c72985e66639c344695b17bbed4192,scam,100
0xc186426082b8460b6d08da0ac98f9f87b3499263,scam,100
0xf61ac9508de7786bd78d327e7c2d17c3d1ebc893,scam,100
0x2977630140ca9885ab8d721d6f1d8dcb95c77e46,scam,100
0x3a156d5f158d77c0df74ee6be8fe423a59e92997,scam,100
0xec73a20b2670edba471615fe9c4b0cb2590dc644,scam,100
0x67e16ea3aa6e606d604893063b6934542ca44d27,scam,100
0x194c9781f9337ea65a1b8dfff12dc32bed7b5ca3,scam,100
0x177bb575b45d059510616a05d301f898dadde294,scam,100
0x70c17443b506f7484d7223520889565d65fa0e95,scam,100
0x81cdfb123f25ab1bc00aacce106ac84e7fc84d5b,scam,100
0x9d3829eaac81a70f62ee3c0b5cc3b3f72f5bd1b3,scam,100
0xde2c31c9728ac89ec53f744e2f6e87afbb4545d7,scam,100
0xf0bfd2bacfe0c2897c9d78918b8e6766e6eb0ccc,scam,100
0xb531c9fd5cd3119f9e33c4a9ee4844798e0de87a,scam,100
0xd23e368689ad3faba1817d220a56068e9527b600,scam,100
0x35ceb2fd6a76a8cac525f2267e5d8b84891fcf9e,scam,100
0x5b791a69b40416358229166f8c576ed71ec10647,scam,100
0x8c12aeaf62da2fa8778f7a6e77526cf98ad76f3b,scam,100
0xc4b0e6cf56e76e831e13d197705b4ce05c472ddc,scam,100
0xa4674d608d38822765af8bf76562f6457a2c4621,scam,100
0xf5fcd49311cfe6c86f576b55c6f89c74af34d7fb,scam,100
0x39e8554bc14b4709827b117eba728e6fc0f4121e,scam,100
0x3f72b979dc53bede7fe26e2d70260d4af3b673a0,scam,100
0xf3b87938cc132833670dc3463fac19656f3c7425,scam,100
0x1902d018d5b380437be190e253758d08fb880023,scam,100
0xf9e56d2e507cba5d71a2dbec06a03d2700e09a12,scam,100
0xfde52c481a11f06c1ed36c3e88e75de1176770b7,scam,100
0x4db585f06a2cb9f055770dd49c08dc66a44f68f2,scam,100
0x144115e7175fd05fc67ce89f2634e961c9ddf7f8,scam,100
0x37a51fd428bc37d5a3be6c43b32446c602c1983b,scam,100
0xa0b8518ed085db19d1a550bd1dbec30c18ddd1af,scam,100
0xf6761f769344a377edac05f75d9dadb90c196c7e,scam,100
0x99d2d57b485f731b51f6c8ddcb325224d11b74f6,scam,100
0x4a57ae665ce8cc565eba852245da484695ed34ee,scam,100
0xa3a406da713a23106459712b45645ac27c84ff72,scam,100
0x1cbabbaef4fcac7a239bad0a2e92cddfe69dcf3e,scam,100
0x09851ce72e703fbd2b009ed26db2847cb2ff482b,scam,100
0x3da336601df9dccb0203f57922c919649a8981d8,scam,100
0xc8e1c269d2c0754777c500a1af7235b55a570c34,scam,100
0x472e6b8d72cd220802809ce79c68d6c55a4b5947,scam,100
0x7832128ce0d590e8f2c3edfcac5d3b99fe464ae4,scam,100
0x149c47ad91a4f01719123a9971b21e112da68d71,scam,100
0x3245e504d75e4148a491baac5066b0f26965567d,scam,100
0x92627cc48a9cfe692e62cf6ddc30fcb11681e7c5,scam,100
0x4ad22b7bac2e152fa05e05166a57f98a96820d9b,scam,100
0x10cd051bd70ce950fa7158db1607d90208e50ad9,scam,100
0xa0e7959da78b1188604a7f0a3fbaa7150fe2a490,scam,100
0xd698402c42e07eaec5d6847a470e5758db823827,scam,100
0xa342a1904b6fc4d659b7dae30fca2e87ef2f154a,scam,100
0xc092d93795ed6610ecfa9d454d534af3e029375b,scam,100
0xd6c2726efa2f71de1e27410992c5fc68526d9576,scam,100
0xb2ee777a8bc3b70c34c7f9c3078993d063f5bba0,scam,100
0xc1ba3fe01aec33a81bd9e648d2c831ad30908a95,scam,100
0xf919aa7b84c9e1fdbabe6dde66fee9d687697d66,scam,100
0xc9ca30b4b7dc3f2d9f3a618ba411c049d2f5fce6,scam,100
0x7d4dbfb56a6c8cb9a5d21c0d1d4a078fe0e61a02,scam,100
0xda7773726786caf41eb5343bf06fb66d2f9ce9f5,scam,100
0xd9480d925e283ebfac31877c5ddbd978185dff72,scam,100
0x8a68a6e2ca2b3cf5f0c042025af790d983442ba3,scam,100
0xbeacbf07229385dcc064276d828abf3468d16de5,scam,100
0x7467a92e2a0e8f67d79721e3e3d6af9689f35a2e,scam,100
0x879cd104ede6f9e4148ef5a980773a15567b953c,scam,100
0xd3b0ad4afeb0f576395406f92f8c4c4cb6b61785,scam,100
0xe65ef4be0d676eb6a126a1438034fd0a55956de2,scam,100
0x61b03ee8b0016e0e7a0be0597d997de30e3ec7d1,scam,100
0x59cd817b39a7893a4103212fc434a6b8c172875f,scam,100
0x47bca5a8fe8d395cb6aa974d0e54d8681cb9cf3d,scam,100
0xed6f630c0829cb786d8c83aa51eb611143708ec3,scam,100
0x8e133cbac54740f9c908d53bbc01b510fe180c7e,scam,100
0x27a2778c60efae6b4bc0d7521fbf05f724f8dc3d,scam,100
0xe3fea8f9c97424e5fad95c11a89baaffb157fc17,scam,100
0x20ef1664681413d9b0d705eaad72b8f2b43f8047,scam,100
0x8ee2741f8325097634576f2eed5d95fb8fbcac2d,scam,100
0x8c297d2505ea666e9e2a5e4c2498ae4956c12a74,scam,100
0xd2de285bff16440977e6b529b3a79c55130193a8,scam,100
0xd67580f10d3740342113c2451be45a557ebab42e,scam,100
0xb49dcb0036b03fe13480bf9d55c9694f225bdb2e,scam,100
0x7087c50aaf47dd3236ae138abaf21b299d7c9331,scam,100
0x8336200e11d5ac7c7448b299874ae9d64ffee55d,scam,100
0x852acbe0cec6d570faad405f5a0b0fb070779f82,scam,100
0x15ad3b3ec1817e0dc9590cb776a8e9b30870fd11,scam,100
0x5f22e85bea19f17a888886ef3b098b95c932cdec,scam,100
0x17188397fac2a8488fff0fe93288a6bb3e7e8970,scam,100
0x8d095ea3a69511ade706ad6fc96044e5554a751d,scam,100
0x5cfefd4242c339555614f2d5d663ad3b2eea7200,scam,100
0x74fc83cf3b4b13bb4900e04c6ce1ff33867e8182,scam,100
0x6c1e30f27aee1ca2468730c35d5aebdac9c76831,scam,100
0x8ddfce3bc5ccc4ebb0b5ebdb1404283f1c25c3e2,scam,100
0xc471df5418e2f07cf3c6dddda653bbb60508b192,scam,100
0xc422fcf04edd6502cc41583c003a959210653807,scam,100
0xb6ee99f40aba0454ff8b5e79bd4a7e0cf44529b6,scam,100
0x75134927e043e8b6e628ecb91891448773662cb1,scam,100
0x2408e38c358f1881ee18d6fe3583454ac991e70b,scam,100
0x462c354676285527cdc40be952e3af9311d60d48,scam,100
0x64ec1cf0f4f315e95a1da0f113240db4a6ea2bad,scam,100
0xc78a268dbd56cc468b46163eebc3d3611fd6f896,scam,100
0x7b56cb817933411939948b1403fcf365faf5cdf4,scam,100
0xca86010bed5f5d50deab2793dc9cafda5145052c,scam,100
0x291825a139fca1b17f1eb690a5afc913cb8211dc,scam,100
0xd97f212c69c03f7dce5e56c380f1694e3101ea77,scam,100
0x4ee9241df92e175368fb35dffbab39a82c90d8a9,scam,100
0xf27c161fd2d5cb03eee272d15c179778252e88b4,scam,100
0x29ebece4633a264401042e03a2a8f568c1771182,scam,100
0x247749ce1a5af5761b9b9d544e7af7f2dfba8759,scam,100
0xbdab7c50aa43220d15a11006375c728731d449b1,scam,100
0xf137a3cb39ae6272dc283689e7f4e176699ca7c1,scam,100
0x88b54da6c7b14f699e998206a2fb95721be2d3e2,scam,100
0x3e54a1fcd9c45e9de7520282b64bb3f8e319aa94,scam,100
0xe5a1eeca6a9b4b8bb97b2cdb47c5eed796997855,scam,100
0xcad74065587d6d3ed2299fb120fbcb9f48ad5ccd,scam,100
0x7088e7ad395921c403af490ef282e6f067b827f9,scam,100
0xb2931381b0db1cd7d0aa08b8836748b2a10e1f8f,scam,100
0x59e1a078545ca14e0486e663da17321207092027,scam,100
0xbe03bc41e09809935eeb492a0eb170f92a5ec594,scam,100
0x095c20a07bc1133b8aad3ff5e3583b43dfe5c565,scam,100
0x392054abfd4054aed7c151299da7b2171a11db35,scam,100
0xf564b6d2a092d26a33fb77161c67b6b09e8f4528,scam,100
0x8239fc719f4fb9184eb3d1c50f79a9b52b23ed1b,scam,100
0xffb2b004d89983d55dda6beb927b7d43fbfadf7f,scam,100
0xcab2fd99e002fb29e4ac6aacda371971de1f6bf8,scam,100
0xd9d49546c9353f6ebfd6ee28c6db506ca0645381,scam,100
0x112893f553d48a3917475fec16867a063d15e89d,scam,100
0xeab5fd5c3c781514c1264730fcfd8420e6df6e8e,scam,100
0x51d2bf67faaf714c248e5624e02ac74d75378f47,scam,100
0x66366e33b26965700b006f536ee618a6cd1dd158,scam,100
0x5fca7cbce9d89ba2da086bcfae9b9223aeb7e6c1,scam,100
0x8b631a5a6b4225fc48ef8bfa22cc2dd48ecda338,scam,100
0x07059e0161e21f9fa5d9040400c802b75625840f,scam,100
0x1c83b73a52a29f31542c04a50d63df9d8950649a,scam,100
0x59ad6ff7756e15c43c1a43a12b14f83e861b98bb,scam,100
0x84c5c58476a022e216f7bae80eaafa44a27841ec,scam,100
0x55483cd25de645fd14d6fa637e55e565141d5166,scam,100
0xb1f6ca0379c32804fd17ad573db3078922aaee68,scam,100
0x42515dc2c77f53b2ede8eefb2ff86d3e85c82f2f,scam,100
0x4006b3c6a0d108885aa9e8441c9f33ba2fd4a76c,scam,100
0x94535803712be3ab6f9c82a86538b2ac15d08364,scam,100
0x84a473e105b5d8ec008196864c4379a05a16486b,scam,100
0xa722cba723d69a21421f2f6b91b074c3c8a27448,scam,100
0xf2a56d4a85d9bcfab7a7bc19d7de0217cda8a1b9,scam,100
0x09163f7dfd1817b4b6dafddb2d0f37a18c255187,scam,100
0x3f47cbccda187733b72ebc8b2a9d3d215f82ab78,scam,100
0x83d97a71ff3a2cff96c25895530a9a70a67fc496,scam,100
0xda142632466f164ac5a508e01fc42f6945bcc9a1,scam,100
0x83eb92c96b5faf64328e787508f6ca511a2dbb23,scam,100
0xac215225ba9ea6afd71d7d4dad05bec59b1bc560,scam,100
0x719d6a9282e5976e1f828631c8e940e612739bfc,scam,100
0x0660e55dca2c44fa9f1716286d81c84c79fb2ac7,scam,100
0x1fa47d9a793b9d517eb475a04b00f82b31e8c493,scam,100
0x7fe421a8fc84d3c58548e32f5d5fb7a7d5757e55,scam,100
0x0a24ea23b91f7869a4c0d18ba5492a6155701144,scam,100
0xc61248fd95d00853e04031221403b5a2275b6906,scam,100
0x04ee62c90fec42d98fc21a882dcb40de70d43166,scam,100
0x6a2142b66b8d5c991c3699955e254a8b804d3e44,scam,100
0xd3ed4e39917805550a3fe4bfbc02455fee945e9d,scam,100
0xb240f81bf1a12d085c84b2422134bf18fd80e6ba,scam,100
0x013c72cfa8cd9f3291d683c579df6cfeb397a7c4,scam,100
0x42b168ea09ba9f1657b5334ec1ce0f3b7d1b7de6,scam,100
0xfe1e5bee1c157daa26b89b424f150b117c37c858,scam,100
0xcc0b488dba202cb0945df6c49a1edd69705cb2b8,scam,100
0x92c582a59582ae1c150e69125b2ea08e7594b6c9,scam,100
0x2cbac16b230dd3bfa0463785977ea0ef954c4bde,scam,100
0x2f35c7983d7bd79fbab2c58c684cd050c41abba8,scam,100
0x4dba22c61b8818c94de797680840d25b1e2623b4,scam,100
0x880693f6fa17395914a9c6f280f6af6eec6ea195,scam,100
0x7e4384ad48860ae13107b8c8a2b877191edfe2a6,scam,100
0x4721fcf90fe83f86bffa4e5f224694299b075c32,scam,100
0x73a6c0b87197d1306d4867bd3043c30dea622c9d,scam,100
0x9307d0730bbe0e2df8f747e3f693772ad83debcb,scam,100
0x4c3c6fda65cec9fe3fe341e3c494811207af8ba3,scam,100
0x40881dd5b6482854fc01d010ed99fd346f0608b1,scam,100
0x97ee8829546b083b21eb47b10a9c8d440361693b,scam,100
0xe455395bd3468069e0f506e22e13f61666eba36a,scam,100
0x6831176e6d49ae91016ebb276598c1f227a7ae52,scam,100
0x9d488e334bb32fb3f397c768ce54c50a506e6e0a,scam,100
0x9ce67dc9856c9f887ef5a80ae2178d5903864155,scam,100
0x7fb2224cc00a8d9106ac9280abde1e2f480f4f41,scam,100
0xd0cc2b24980cbcca47ef755da88b220a82291407,phish,100
0x4cdc1cba0aeb5539f2e0ba158281e67e0e54a9b1,phish,100
0x858457daa7e087ad74cdeeceab8419079bc2ca03,phish,100
0x240e125c20a4cc84bd6e7f8d1fd07aff4c06d43d,scam,100
0xadf5b0c2103598fb66a61714152f1d1717d49fe0,scam,100
0x379ce20c018fb6301c1872c429ec7270ffa4dc5b,phish,100
0x2b065809f6ec6df32878bcd26711a0e2bcf59c26,phish,100
0x42c5459911ae51d1d005cbe39749bd8d8e533c22,phish,100
0xcdd1c19dcc3f473eaef6edb0a28e1e796d6e1767,phish,100
0xed2d26eed06ecfbfd796d1ec551d2a649a31e576,phish,100
0x1d60606d8a09b5015d773a80b0c660bb8d91809c,phish,100
0xba83e9ce38b10522e3d6061a12779b7526839eda,phish,100
0xf73ef0650415656b51be39bd5d37cf5ce03f4033,phish,100
0xedf202629bb7e9f72d4c62c325d198513fa7a3d3,phish,100
0x33f74739ce6be3b2c38af76f5adb3866cb4784c4,phish,100
0xaa1886de3f70a3ef502ea1379a311c5b4e05f3fd,phish,100
0x89c98cc6d9917b615257e5704e83906402f0f91f,phish,100
0x4a0d27a1044dd871a93275de5109e5f5efc4d46e,phish,100
0x3681828da105fc3c44e212f6c3dc51a0a5a6f5c6,phish,100
0xe4fa5149306b12d51dc0d04e5e95bc9704ccaad7,phish,100
0x1e80dad60d19fb8159af3f440a8ceaa0e5581847,phish,100
0x52b7c8857be3853fa68e09d9ba7a9adf075040ea,phish,100
0x3b0009071a0a9983e9aab537fd8c9ad478310aeb,phish,100
0x4bf722014e54aeab05fcf1519e6e4c0c3f742e43,phish,100
0xd9932453997ddf36fe114c9f22bebb9ee77b2921,phish,100
0x68b0e0db7918c0211ea1fb78292a879839137dd0,phish,100
0xf902aa3a62f9e28878129e1a8f1eb71e4fd7a88c,phish,100
0x1086feeb031e45e8fcd770662aa8302d7c23ba1f,phish,100
0x685445fe51b31790538890a6468851afbf7a0519,phish,100
0xda657e9fa116900fab8178e5580a3a6cedd89f3c,phish,100
0x44a7ff01f7d38c73530c279e19d31527bdcf8c78,phish,100
0x1de23f02e185fdc4f6bacc98d6c6419370e38538,phish,100
0x6506827d91659e871fc7267160ba1c3407195270,phish,100
0xf1e250f2a27ab7ec5b82b287f2799260448cd51d,phish,100
0xfbf6f29c126382cf15795bb209ee506a174cc709,phish,100
0x7cbc4e0d168744912c5afc081499145bbdc51e69,phish,100
0x57b818a1070373e21fcedf48d4368e1703c75852,phish,100
0x8369f6723c4792b41d4af4190662269431ee5b0b,phish,100
0x57d02550f47dd932d2fb84e0aa883c9d8d53c313,phish,100
0x4999924fd714092fe92ca9a792a8549f798c1dc2,phish,100
0xf8e676094628776690dbf83fa31f08aa14fd3fb8,phish,100
0xcbcd4b518890429c0ffef3d782ed99b3adff009b,scam,100
0x5d3f32f4b2e99fb79d2f6a1cbf3aa7390f8fc751,phish,100
0xd821dfb705333d2c16e0c0c0be75ce360cca566a,phish,100
0x052f585fa599bfb4bed290ff30c057627ccd8059,phish,100
0x7fbf068316c5806a62d549441ae82b00fdb10de1,phish,100
0x2d4498a2cf71f5b0946f0ebcfff97ca9d0cd5d04,phish,100
0xbe3364dfb8158a3e452ff96aeb247bf3f5f019b5,phish,100
0x1e75f03ff928bca6c1692179679afc0223d7824f,phish,100
0x7a18cfc4a36e48163034e51a9ed19d4bdea05f6f,phish,100
0x7c203685291149d5dad4308781f42a6b945df4e1,scam,100
0x5e5d6f6706420f932d796c0f28a83b26dabcfd8d,phish,100
0x8b3b831d767fad1ab0ad52a38777acb98630f8a7,phish,100
0x008f3db10374099a11ec263415cb88c952abeedc,phish,100
0x4da9608f15c504a2b5c46491d9ccf257c5e2ff71,phish,100
0x34743ffa1f93e745668725e44efeb3c50a237796,phish,100
0x8ee2ba41ef59b5773e5909451e0b8bad4e59a81b,phish,100
0x1c50139c266559b29d7cb27635e0da13bef76a09,phish,100
0xaff9e40f9b245b15a1d1bb45516ca213e682fa81,phish,100
0xe9aa3a74e3d62274f221eca42736cadc14ccffaf,phish,100
0xca4da1753336aa8340710e0e1a8c0bee2bfbf56c,phish,100
0xabc490af011c8e354b7d2112648883fe9e511695,phish,100
0xfad17c9da2bebf758e3bc0c99d1abe8af7e96ed1,phish,100
0xfc74fb0d5df08ec546a3da18ccc7fbcbe031f5d8,phish,100
0x62ee4a3c690c9660762c52bf1a232365c86c879b,phish,100
0xb116d83c919d6661dc20246d312b702f0cdf297c,phish,100
0x7e3d7d8e31b3f472fcd3c1552a9f009131c50c6c,phish,100
0x29e225d888cf11c5e67613bffd30bcf071eb3d4a,phish,100
0x6d0b90ea2951ca5ad3abdb606e4146e9765f1ee4,phish,100
0x64f3502c4b6b7e7f106e7ab1f175a4e2c2fde45f,phish,100
0x854b62b692ac8411c3a45463c44cbdabac2d6913,phish,100
0x37d0909cc7ec38f2d966092ea3607f77bc6bc008,phish,100
0xd92559e1f1d2e84f4964f45256693d03833d7d44,phish,100
0x17bd6f815fb71a77dc20e12177c4d763a3f67632,phish,100
0x143494359bbacc878308075c1c9fa05fcda96651,phish,100
0x920adc9a060cda345fdec2fdebad6ebf38edf83d,phish,100
0xbcc6c0fef89b87a12773db7a9a8ecbccccdb7aff,phish,100
0xf9a5139e42c3ca13d5b24d23ab2b18c278805dc4,phish,100
0x8cf893f11f6037b14f0f827b9ed6aeef38931fb4,phish,100
0x893676c4a94f6ecdc33a18438bbdcfe9e6c68a9a,phish,100
0x05dd62c007cde143b402fa5da3937c40c70b4b14,phish,100
0x0dcc89f3091d3ef66e00fb595ed0fafef4434192,phish,100
0x2a7d04018d7295d8069ec9721ee415c4bdc57909,phish,100
0x1c2fb401d3dc4fd8131ccfc4589f281d58921402,phish,100
0x88698a2ff09506596a88a1af9d103a420ba46a3e,phish,100
0x05e3650bfc907cc1b3c774f0c053c8b990ce1a4b,phish,100
0x801d03f4d053242afbc2949c141bab4270ca6707,phish,100
0xb71df0dbbb9754c1aa9115253f4ebb7ef3f8a57c,phish,100
0x8374aa52bf36eabca06e33c4163a081f53e39aa3,phish,100
0x49311a81f5f5df6c109599ed5d7413d85b8bca18,phish,100
0x3aa65f17cde339df49afd2f88b3c8495842d5fb0,phish,100
0x37c81cc9ff71d0f97849a947bf22e8e529b72230,phish,100
0xb7c4a4341c0a03460b6cec4fa997dd2d748ce281,phish,100
0x3639b8b8eda816b2cb62b65159a183972a3cf863,phish,100
0xd3d7c71e4c5b1ff2f42fbb9b4a21f3373aa8b3b0,phish,100
0xaf31bf4fa017768e6426308cf17e16d633700265,phish,100
0xd055610c2d5151adb3eaf994e08abe45dee936e0,phish,100
0x8dcdb7fc9f541825ba57fb47d5204317fc609590,phish,100
0xef6805af393c34fe772f8d827a5d26685215612a,phish,100
0x62404bfb3e1c464f17e3af0c139e39d0703ae4a1,phish,100
0x9a95f2ca24d1dcb01048e0623f63f9d174237deb,phish,100
0x071cf579507dd0661845694f709e68cf7ea506a4,phish,100
0x1b42bf30cd988ad20500ce47cce52098576ec2a2,phish,100
0xa2896b45f8bd313b777f1027724da1b5f2205a58,phish,100
0x1aef1e14108786e0b049f37758529d866cc3c7e6,phish,100
0xab215957873deadd9512fbde29e6c12bea1dd1a1,phish,100
0xe10c24ca7bf18640fcb35e059919348891922a3b,phish,100
0xb9ae74beafe4025cc0fcfb5e190169f2d7f0b563,phish,100
0x897757cba67eadb66d40e45c6748e27d0e67b52a,phish,100
0x09faf25e57abd0a401bb5a2341d7f926c389f8d1,phish,100
0x3853ba76ec6ae97818e2d0e0839c9eda6c396690,phish,100
0x33f6ee23ee223c4558a95bf4c0e9f5ed21e06319,phish,100
0x501577cd4865d7d50664a1519a79f1c0e7069154,phish,100
0x22374a2e9e19bcea56e64f9de3329670cd1a458c,phish,100
0x619f18aec5f8eef483fbfe654a269f1186dda915,phish,100
0x85704b506e10b10d714ead28cde947baa58f0ea4,phish,100
0xa35e3534917e471540345733b8f23e7bad54681b,phish,100
0xa6b60dd3be491aafe5aba8622b35c0ead608d3fd,phish,100
0x6d8a1bc0ae09ae5cfd4a7a2a59194598734ceea5,phish,100
0xf3ae45d5a0b8efb41444101267b56e6795051fac,phish,100
0x8a46aa04725b2e2029bdcb924d671fd6a9c11dab,phish,100
0xda1cc010259496d407a764c381d0e82182d68d89,phish,100
0x42ff5fff0e369ef6880875efcacb3b7c77974abc,phish,100
0xeed7072fcf46733833249d1e979c44fe4f2a23a2,phish,100
0x7c57981af4cee87567774b53f9da1bfceb8b944b,phish,100
0xfbc79a80ffa84253611e8f9a82f18e9e93ceee81,phish,100
0x943db403251105195f56ce69c7c48a6320475ab1,phish,100
0xd754b5bf41b84bcb49cb952f858318640abc60e0,phish,100
0x902d0d5bb6a34307bbd1da33e61ae1654b6cbe1e,phish,100
0xf0fc2d4d550253d8c165c599e0cccf221c7eb7b5,phish,100
0x96ae446782c99e952f17626826c83bfdce53fae7,phish,100
0x52005b77fbebf53cfd9527a388f58d0431aaaa3e,phish,100
0x1e67f055367bcbce045e1211f09355eb7411236f,phish,100
0x316b3b83c33b20249b61ded124f2620d8e823793,phish,100
0x0ae775637e63fa95855246fd82e96802d05883fc,phish,100
0x71108be9c232722dd6839a6fbad171cf44d3ffaf,phish,100
0xa3e52a23060ccdfe186822b52bf60a07451e094e,phish,100
0xd50fcd07007255599a9a8cedd881f863bcd65eb1,phish,100
0x7f85d875eaf39525004e8ac2bc1e83786d7dfd77,phish,100
0x504f1e10da987490db4f0d92931497f635e240e8,phish,100
0x24c00035b050bec633287c2babfbb9f4fe3c8a83,phish,100
0x6e3e57e536aab05950774945d9cdbf506865c52f,phish,100
0x2804e8b4c04c655376d18ada84d46fc345240e0a,phish,100
0xa0d67bf1ae91b6b705abd4f695cc13edaacd0d02,phish,100
0xe54659243f8542d6abfd15bbff69f62465786756,phish,100
0x51dcd13361c5d921d2c4818e419011301e7be34e,phish,100
0x784205acd9423a2044d09e41642a71e087162861,phish,100
0xd912289c9f079b0655737a55fd5d745501ecefc7,phish,100
0x1494403137159bb0dc545d11963fdf797ea1ecab,phish,100
0x43ac6aae3c5dd21855c3aabe3cadb7dfdcf2e5be,phish,100
0x738a4daae8d4a640172fac4f45b41707bd2197be,phish,100
0xea6e18fd3c301e4300bc99b6db792fcff376abb4,phish,100
0xc31fb4c352cb68c847715d46d97c1fa2aa2d0f00,phish,100
0x1447b1cb205158d98fdbd312b37ed9dd1481fb62,phish,100
0x25ce2252a80c1c4fdf12fd9c608858c23b3094ef,phish,100
0x55456cbd1f11298b80a53c896f4b1dc9bc16c731,phish,100
0x57dcf20135b0cb9d167e8ebfe13b84bfd67645ed,phish,100
0xa2a3a8e4a1877da1c913df7591ac0d72f27d4510,phish,100
0x1cea7999fdafe5d156952ebf1816e8aa67a5485e,phish,100
0xab1c30cd2d9964b3b845ef744e2e4043739430e5,phish,100
0x9d0b8447f16d6bc1de2b52d63e9c487bd778a91d,phish,100
0xeb8b629df028f5353649460f1c06bf394de8641f,phish,100
0xa5797ea738abf85db7b3f2e04a4a40a5180044a8,phish,100
0xfcdd417b449c982fc9b6d7b117e417682e81b627,phish,100
0x72a66bba491f0c696c4c4e3154d07b241d371944,phish,100
0xeaceb8e777dc8b1c11b8730904d13fbda070846f,phish,100
0x0a78fa6dab70385dd46fbdd20da5d868eb43f904,phish,100
0xeed48722238b98317d849fa591d96b7efbe9b06f,phish,100
0x0d502f90c0a740b9c069ddec1c436d483ed7ab8e,phish,100
0xb37722e14fcfc78a56312a9a746c5474822002f2,phish,100
0x0387cfc283ffcf25a4a6a61e832545bbeb7c8fda,phish,100
0xa7a020ae798a0a026c57ed6cbe48b21d3dbbec5b,phish,100
0x8c9d299cc3c2111499416cf4e3677328486cfac2,phish,100
0x4c191dca6cecfa1e55caa3cf178eea52728b13e7,phish,100
0x514e9ca5406f112aba902b0cba87395b914d861e,phish,100
0x2da8703d18afed53b303119e4ff06cf035a9fadb,phish,100
0x660d30d1fbafdc88a1951370cbe2b3094dbf224b,phish,100
0x2bcc8aefa2fc9d8e52dad098778bb0a8d08a4aa3,phish,100
0x7f2b4801c338a7b3cc322bfaf151afea8708e8e0,phish,100
0xdbe6dba965afc52f5b3d51e4b15e372f45d4106a,phish,100
0x9441a81fb67f44ce7b31c311317e136e7067f8ca,phish,100
0xf855fee50a8915634a105385cb6cb9e442d15457,phish,100
0xdaa29859836d97c810c7f9d350d4a1b3e8cafc9a,phish,100
0xfe68de56a07cd3af0ec40c22b0193115ecdd0501,phish,100
0xe10270bfb1ed82e120bfc392efb3c94a1604ded6,phish,100
0xec2d5cc008ba6d2237d33ca9cf74b684737fcae8,phish,100
0xac82537fae701b2046f62bb718c4857787b0b647,phish,100
0xf962933e44b1dfc771738a034c80d87bdcd96ecc,phish,100
0xc94a6e7776bade5da316cf6fd8c751fb0d5c3c5e,phish,100
0x58a166f9a6ff996e2349eea90d42cc198529a037,phish,100
0x0059b14e35dab1b4eee1e2926c7a5660da66f747,phish,100
0xfa1f0b67b9b48b2e87467d72f09722e19ed601bd,phish,100
0x119240ef17333e8dcb19a0dd4f5fc848981b0ff4,phish,100
0x0310c4385311d225cbcaca26fefc9ab45d3eba3e,phish,100
0x6af114154a8850b1c54d48bd9103bdcdb420611b,phish,100
0x0b7f284d74f549731499c44aed2a10adcc9e9cc0,phish,100
0xf33068d5e798f6519349ce32669d1ec940db1193,scam,100
0xb2ac8e363ea34201df532a01522a006fcaa389ee,phish,100
0x02673ebfbfaed5891f6b14248b0e2753a8758fbf,phish,100
0xb37da5c9179345341fe50d37cfc961ba47c01f9a,phish,100
0x5d1bcbde56db05bead0ff7c87c9dc85baf98ab32,phish,100
0xc1dd8ac971129c8c08333924f58ff40a50b8bb9a,scam,100
0xb23fb6cc17026d1ce9cd543cb69a023569503e4c,phish,100
0x91619a3456fdbac90bd93f51f2917981f0ed3097,scam,100
0xc169a0e826f22fc7d37a48aaa346ffb4521c35cd,phish,100
0x1c39d6e0278d1a28ce21dbd73826559b010224e5,phish,100
0xb2a3fcf38979898e695c88947e3373bf1c2e9b37,phish,100
0x33bf8bde242216da572d6486d641ae0a18137306,phish,100
0x0ef2724a6d8be9f72f3d35b62e1e8a37ceaf721e,phish,100
0xf747726200c7fc14ef4ce267b1f070128c2260dd,phish,100
0x0c8b0b3e963becf16cda410fe1eb4b5d64022c94,phish,100
0xce686d019e6f692af646a8df3bfe789da97a484f,phish,100
0x6d64486a5c99139b53239297e0b653d196d05777,phish,100
0x2789b7b3557f39643198433daebf6b43512be65b,phish,100
0xb9cfb36060785f6800b1ab9ccc9b4f341d097399,phish,100
0x75dbe6e21e38a05a82ad64281a9e28a627619273,phish,100
0x93574d7c405717d80520944ee1cb72d327b01df5,phish,100
0xd5edb088b7382b397238f5010d14cf10dd395007,phish,100
0xac513396ee50091972ee6fc07d120b6ad360b233,phish,100
0x94d55b6f8b53903026399ab45294140eafbfbf44,phish,100
0x8202b590eca4662446102b3a97e3536aac8ab941,phish,100
0x26f7eb488661c33c43089ad61944f3231222b32f,phish,100
0xf394d807795ff57373f1fe903046596cb0f69acc,phish,100
0xcae77a05ab518492144944fb50572ebfa3595870,phish,100
0xbbdef8b12babd3ab6018566bc17ec3aa302b8348,phish,100
0xd362c189cb0056159d2fe22bd8203e26579f620d,phish,100
0x6122ee683dbee50fd432fe5bdd8ac055aa3d42b1,phish,100
0xdf3e77cd5e563f93fc7eca905d3302e95f9bb150,phish,100
0xd9d25dce4c3765855c76f3d2baccc0755c4d0bc5,phish,100
0x9b521529d04329c2b0a9f9b7db18ed775c6ca8fc,phish,100
0x545f5e5c54d8ac72af1c7de8c070387b73841a24,phish,100
0xe0b13c073e8173b06062c69a160ebb54e2af86c3,phish,100
0x88436c2a2f427f2aa641dfd8c6763facf2bad7bf,phish,100
0xb76a4770587f76d6c644deec275a2c76069b5f14,phish,100
0x0d9786138578fcdcce04435592545ef08422d755,phish,100
0xbe11d0d38ef4857224032afc9c96647492f726ce,phish,100
0xd0ac32ab01d9d3ec145ef63f73bf4e222dbcc0fb,phish,100
0xdafc2a2d4e070f863cfcb5887bc2516e05e18877,phish,100
0xac1a4f4d49715e31f54cb8e0bf867bb9170c10cb,phish,100
0x08986f5cecd3cb8882e4a34a16961e3124377291,phish,100
0x8b1b4f3a25444005ecd37f7b0c12bc5078c13443,phish,100
0xf5c86c5ba5291da78a2b4119dd7aef99e3508362,phish,100
0xb2172027cb233198a3945a2c864f1ec5b7e3b3da,phish,100
0x94763846b1fcb75fccfcb51a9636ddc26af281b1,phish,100
0x25f8b4acd2c37d7ebae0066fdf9f13f327c0c4eb,phish,100
0x3cf71871d2f56a6af21bf17ca2652cbc12e8ba1f,phish,100
0x94b40ecc7b38f5a9316b03dac4fc663e4d10cd15,phish,100
0xd1bdd067f5f1cbd358e2dde444f8d9f41de8ae76,phish,100
0xfa956f10da5e16f120eb299df963c1f7563bf66b,phish,100
0x9eb041af96d44583110565abec79aedf22eb60b5,phish,100
0xc9a08162b95915edf6570f0439757e1f655de576,phish,100
0x7eb28833082eb28fd423ab30df20afde98c47dbf,phish,100
0x636e5292882e2342aaf82d651322aea09a3e5392,phish,100
0xe276c66af8853cdd91c1a25608b4e8b599f4da0e,phish,100
0xe350160e3c8a07e92ec58ddcb8df81a73aedc6f9,phish,100
0xf021428381172ef96988b31f241f4000259488f7,phish,100
0xdefb014b9e2f3bd81cdb084821f99b681cfca695,phish,100
0x74104e8c7f546c7398d198f6678310ce9d1b8814,phish,100
0x4c569022016eba68ea10dee702670dc82d2749af,phish,100
0x16b9c4333559256ca7d87b28c6fb2e8415b4711f,phish,100
0x89e5124b5162a0ceec512e8ba97cd5e6f065fd13,phish,100
0x9e009c57b36ac7e3382697b4c9d3e7092a1cdb42,phish,100
0x0af16719353eddc122eaf834638406c499197860,phish,100
0x602026bd56bf9ca9d86926669e4353035aca2a88,phish,100
0x629b2aa7fdda8f7527d6f8ea742c1d5774e567ea,phish,100
0x4bde78ead56a30055d33bf84f52e420b0f6070ba,phish,100
0x76c88cd1ec2442c4f929b0f87280be006d7ba725,phish,100
0x169b6c7ed548e45ba9d87b2d32ff27e2d00051ef,phish,100
0xe41031233301370491d47477e1171dab212d5352,phish,100
0x9546748f47a77408dfbff0dc22505b2e9a75fda4,phish,100
0x9cdfc5b0aca4527a0916412e9dbd6ad85556a494,phish,100
0x8a6fcf189437928a6a07f6899b675d11f3d3f778,phish,100
0xb0dba64e6a353a74cc78e8a98914c4dff517ba7d,phish,100
0xccdf72de615b5158bb37931bbce645aa69221520,phish,100
0x4bb1c210e3921e0f051ed00e898b9605c902114e,phish,100
0x4899f3371fb9f8e68a0b639bf1fd75220a089c42,phish,100
0xe88379631857c0d8174efefdf8dca25b29610f08,phish,100
0x7ba85e2e55c7598378fe927ad2aef2dac6c45218,phish,100
0x7dcfd020ad161fbd4c45894ab352582018ea9197,phish,100
0x0b591a58137f154f59aea1284166d6a7b49821fd,phish,100
0xec970bbf167beee6fb536f1839418f3d19ce2a69,phish,100
0x247733af8b2bb8e63e3a2a419761c0fd71d40499,phish,100
0x570ac27d1048dcba1a4c58fe80109b9cf9b0e2ef,phish,100
0xf4710562c804087af20b7396ce7cba38b43fb61f,phish,100
0x71b7767a9464ea1ad82db434f06d9330d34a9fe5,phish,100
0x79a9e902cfbe87fa5065905293992c15de7f6095,phish,100
0xe977419ef28e71ed541ff6318cea9a6392709a48,phish,100
0xd3d26c61401924939bee67dffdb7aa7a0138844c,phish,100
0xb113a2c20471ff1efdf2735206c630707263f41c,phish,100
0xa1b70dc70fb74767cd380985cf93c4fb132fc4f7,phish,100
0x52b34625687d6266a3b98fd5d214828f0670d7ed,scam,100
0x717d2041c516573a0e27f552cdb6c5c3ec7b4e09,phish,100
0xcc49d1f23f01decd4e18b6aaacccb038c9648e30,phish,100
0xcb89576d5e1627f4a0c64c2bb4d51798e92e8b8f,phish,100
0x560833296ef7a7f41b30c1065225fa9b33830c19,phish,100
0x175f6dbf87215a6da7107977b4680bc3db31b2de,phish,100
0x362291375bd3fc2ff0f928184bd6f373f92dea57,phish,100
0xc8ac47854a3fed2b444beb83f4c95ba092a3a735,phish,100
0x86e00684ea92cb87f40d74c5ebde97ef9a17753e,phish,100
0xc4625787be3fccff6ac2971945806acc167c8cbd,phish,100
0xb8689c29bdc7c84f33706ff0f96eafc222ba6d86,phish,100
0xe74b02131ed2184eb94fd357b4f303e6935367f5,phish,100
0x18f3489d959fd0e3fac366646e08f9aeabea4d75,phish,100
0x1e12436889e2459202437077549e35b56f1299cb,phish,100
0x878cce43a3b9d8a872a33d2d6ccd561e033707f4,phish,100
0x24aa18952e80707dad3ab4c9c97e787f2af337ca,phish,100
0x2f141d0cd81011436df8fa04bdac01cb6cf51a65,phish,100
0x4fafc9291a0112a0ee0928361c02848ff2fdf6bd,phish,100
0xfb1a7ccf5bcd436dcc0acb49ba1fb9f57bb4d064,phish,100
0xbc210ec2efada9df4897dc9b23c58e96c01ef711,phish,100
0xd77b95800f67deb52e0e0988dbf01a311a3ccd80,phish,100
0x39d7c7acec5bb282a4fb6e998d3d0099ff7780cf,phish,100
0xc5f6690f7b60fe739908e02aec46ae07718cec5f,phish,100
0x3715b1ed9bbd5e165af97619b5c5e13e39f55504,scam,100
0xb177fc9a7caaa9c50d82c5d2533750f1d72aac86,phish,100
0xf2dcfa51f83e41c0e988477f939c7a5e5b9a6905,phish,100
0x1363077895b20ae90f80794ce4e575559517d033,scam,100
0x38b7ca3b78c51364095bc56146d25f55aee0af21,phish,100
0x3007a0db9caad557cf4589cfd550c21ce9399b15,scam,100
0x1ccc9b2769741ab0e1620721df7cf8ff1d70716b,scam,100
0x915c95415d3449212fd0991ccf5eb42864118ec9,scam,100
0x2b5268fde5041f6b1afd77166de4e9ea5d9e967a,scam,100
0xd0b473271e9d38dfd11925d62ef8c0a2cf033a9c,scam,100
0x508e1101755a4a6ae228b0e18002a816ce3418ce,scam,100
0xaf313b5cf52d7a2ad7785d008660ab68421db2d1,phish,100
0x693d47204555361d4d51311f97102a1507559802,scam,100
0xc7308d5a7220dc021ccf417445cb28cbb8fece66,phish,100
0xd868a76a1dcc34854903376e734e3cfe461dd08c,scam,100
0x0153775362c3071c1860e8dbfd53ccc82fa226f5,phish,100
0x6642cec9d02e4e669103a3ed4f3505f437b8fe73,phish,100
0x34eea3e741f9a3e77fb34e0793b1af36edc2b0ae,scam,100
0x13369b4654cb11d0d3b31abff0a2d74a78485ac6,scam,100
0x6067a95e7bb071a5b73741628a0a5cb5cc164203,scam,100
0x3385d7af59359a63b411e84390de380e90afa7dc,scam,100
0x6de5f0c142daf2eab3c0d3751f3be6af5f359795,scam,100
0xc3853f32675aebf17ff15e7fb0d2bfc7eb4cf11b,scam,100
0xb2b8d4337ade6f8e6da4954844b05b9a1aa9358a,phish,100
0x4c7e065915f3b1461248da453dae0609253e15f1,scam,100
0xa7fa566ef4f221737a7c89c3600f1e456c7d6604,phish,100
0x83885fc61837b4a9e0960be80da2f2bc581ecbc6,scam,100
0x3a992c15aae6d9b9062f6533cd12fc9f89e9a3be,scam,100
0x687ae5cc3978bc07db0b7f4d76fbade966cf4ba8,phish,100
0x1e765c2fd0c3bb80d780f2b0e730b6cc3834bdfc,phish,100
0x04727c2bb15f2b83e7d3ce88b008aa68dccea0c4,phish,100
0xb7de9e51b7d0b7b67195bc8ad1182b7df38abb0b,phish,100
0x6a0e59af84f7a9afa5708b5e43c4845b17aedaac,scam,100
0x540c6f30ae667319e032a8988dcb81b28a960433,phish,100
0x092a334ea43c0512560f6acf301fa97805cab392,phish,100
0x1e071281416b20ac2cd50d2e8093b43f8526940a,phish,100
0xb490cec960b665b233d6666f8e2626d8bcae5d44,phish,100
0xf17ba6d6ac0c9e691aa530482d616a4120134a17,phish,100
0xbc75274d1713e07df13b777c1d9067e7eb3dd885,phish,100
0x31e2f659e5371f95de47be79e1d5027caf0da39d,phish,100
0xaac6020b6216be72af7b3c322dd27cea257276b3,scam,100
0x94d50168d9bc80cc39affbcba8232acd89f117a3,scam,100
0xf3a6f2796d5b16f658431bd7a19087a37ea9fafb,scam,100
0x8e3e1e3894cd4e79f46f80d4807b597876435978,phish,100
0x8727df1be276966a408f63089b6d9dbeea66de09,phish,100
0x07f101dec7fbee347a0f81a1c4ca724c53d491a4,phish,100
0x4ae9971e28d7f422b406ee1f3bb38e1b96637239,phish,100
0x0eee28fc966585b5848f9d65980cb1621f9b3f8a,phish,100
0x710b1d822e0e5b9d55f123598f383667502c3a51,scam,100
0xe886bfcfa373c17dbc07c7b73f1d368339ac5dfd,phish,100
0xa95391c51788f884beca472bf71cdb000a2eed65,phish,100
0x8d551f2a2d0908854e0e030564261c9ff2e8dd56,scam,100
0x681a36b6f411d10d78fe8446118a4ddae489e8b1,scam,100
0xd71bfdfd1cf3f6c1dbb1040ef08cf7b067f9165f,scam,100
0x32672bd5f7f68ccae5e23986a11f89b51016145e,phish,100
0xda7a139e03fe696b760af98f9df89466077bc12e,phish,100
0x2ea8449b6561e6fd33671177cc6525f163326ac3,phish,100
0x79aa79116c24a715b5eb1287af8a16201450c895,phish,100
0xddb690ef629a2e9277808c25eb5f9259d939dac7,phish,100
0x87b4eed5a781d8b847645082410070f002b41e13,phish,100
0x581ffaadeeb6d183a73d93413e137cb8c6057603,scam,100
0xe4b332ec1fadf68f4243c077ece24f0448e063be,phish,100
0x311c65dcbe025ead81cab2925b81489123ce2eda,phish,100
0xefeddec5de1aef4c70b264d7b56b6d479b3ba520,scam,100
0x65f6c0e45758526982fa5f63ac877384ea5a91bd,scam,100
0x2c05d74cd9f878b9834a50092043bde944a60ef8,scam,100
0x5ac8306d4c4ac8f95fab23aca0b3c41890b77eb6,scam,100
0x951a15f920a58e553410d2436aacd1b3a15416fa,scam,100
0x5c9b3fa74e0700a3cbffd168c7342799a163ba53,scam,100
0x186006fa03374f548c35a7c2a712b35e40833f7e,scam,100
0x0628b88c7a677773f7a22d408a8e694207701e72,scam,100
0x55961917d1fa009eacca41bc5040a739435fc877,scam,100
0x56f1c9cdf27beefa83700fca284fe1ba08a5546a,scam,100
0x1036bc312f0279b5889bce88d09a100d411c0abb,scam,100
0xbd93c9fe09d09cc560b77753003898f1745a08a7,scam,100
0x397f44292e564bf85ea67a173d28a9fd5d1c6c73,scam,100
0xe24b37355ce7205792f7b1df7564874f59bbbfd3,scam,100
0x474758d65891cf15c69941e71f4227e9bce5e9e6,scam,100
0xd996bf1d2f9e0fe8fac4d83a0696102fe87c9eb9,scam,100
0xe82c95901451409ce1dd2dd6c13848b6fac5298a,scam,100
0x4800dca78541d61e8fdf54f6da019ca0a68bd49a,scam,100
0x2557024c47835506da3acaaf3091565ce6952d28,scam,100
0x36f1e58458c073de491f4e0627140bce19976aa4,scam,100
0x5e1a96f0f4965edff7374c327e14241bd129301d,phish,100
0x41cd1343c6e497c075b7ed1e9f003d65141833e2,scam,100
0xeb85b4777698c0f41168087cd8d43a2fdef37bdb,scam,100
0xe6693620c549d35c52496a1cb0105f2712baf771,scam,100
0x34d891216ca79efa979bb5c8ab321fd721e861cf,phish,100
0x6c20ef21e604028c649247c581e8e49fda6191ca,phish,100
0xf94b8e0ceba6dcd1b888fe02141dd9d0b8e67715,phish,100
0x0d4f74c538613ed6e6c8c1bc8896ecfd45f5ef23,phish,100
0xd243018b2825ad409512a200e744529bc1b129f2,phish,100
0x41467711f2d1f6021119ffb113ae0e78251b45fa,phish,100
0x98198d7ecc42a3e18d3fc52957db46930cf1d2e8,phish,100
0x0c8b740e3377f2be7a108aeba6a2f660588c728d,phish,100
0x8f0bca6b1b2b522082d46f3eec31340f113b029a,phish,100
0xf9319dddce472f9aa0874d0e71d06e30c18990c6,phish,100
0x8a82571f81d1af061dd995fd972930514898c103,phish,100
0x9806b7df4144efe7d11f349fb7ee8a964499d359,phish,100
0x61cf3335eef3bd86ae617cd2ea248494da8b83ca,scam,100
0xa53577466e0ecae3bfc967332bb4739ff19eeb5f,scam,100
0x4a8a747408e23b8b5314a85df21b0f8f8307ab40,scam,100
0xc25ab34e7f3a1eb2c6a3a23df851f351df0e712a,phish,100
0x30be08e516b049afed7b35185497d9ec8d430227,phish,100
0x337c7361e523d792b7ac6be7a67f5e51915f8cc8,phish,100
0x0ec0e48673e4901c3a28ade2540420f68996e79e,phish,100
0xd42c3960d30f36c5a4e58d591180f58a34354641,phish,100
0xb4ede22f85c3ea3f918b88d03e6c6f67bb30eeec,phish,100
0xb767aa43b32827e6c26e126f845953712784cc1c,scam,100
0xdad1b9edb80964f2bbb45b4a98546f09c8d48a23,scam,100
0x6d1ca9ee33f0806bd37a8ac4c418a0ecb0c9f086,phish,100
0x52bef206e8e0403cd60d37e48f4f3860d9545556,phish,100
0xd914c1152a0e4974dc3985e9b6f6905e002ebb3d,phish,100
0x7f5d2fe39cd0c9924283cd5e92377a4894e3313a,phish,100
0x085f9b53acbff0e4683463fef1a583d299bd4e25,scam,100
0x5fe584cb2d2a937c4abbd0cad57841cc8db97df1,scam,100
0x6d09d33c424932f59ce9aa777adf131fb3adbf3e,phish,100
0x471dbd4d8fce14eae3b36efa8fa97a3937038dfa,scam,100
0xe22d388301e7d57e20f59e03c14ca4c026c6c3d9,scam,100
0x74f59fd3fb42295a05975456a6cdff4e71174cd5,scam,100
0x754fb6a142ed0043937b676a067f2e367db52fa6,scam,100
0xa43d3805105922989e58a5188193c283fff471e7,phish,100
0x6931e6948702245964dd446333c3bebd989d5e76,phish,100
0x08389b19ad52f0d983609ab785b3a43a0e90355f,scam,100
0x4985a8d068a9cac4b81faaafb8d4516ae46dd768,phish,100
0xd4718f4601af5365360896f763bb9d7173257450,phish,100
0xf6238cbc1b74b183e54d63a555f867baa00d92df,scam,100
0xd582cec308d9320b2ec3dc2868b56549fc8ace5a,phish,100
0x05fbf1e3f105df6a4553f3c7f2ed93070a4bab46,phish,100
0x29c3adf6f50e2186c21f5ebb1ac073115831286e,scam,100
0xe2bca95f5f33a981aaf51372b9596ff3837e0a5c,phish,100
0x2d301d74a8d303da6408cc2dfda319bbeb48c125,phish,100
0xbb5f90c64920667a2851fd97e955248f04e16b75,phish,100
0x4910e010ebf5b3366d1e80a134c1fa538ff7994c,phish,100
0x8a0e85901849b40a7f80399a00f7115193c0bdb2,phish,100
0x05f71263372ac109cd13faa86d13a0e5830fcedc,scam,100
0xa62cb4bd9e69e9170a2d973aa3aece5a1215d41c,scam,100
0xaff0c90e333d22569513fd50a8860c8f5920571a,phish,100
0xdc057405a5dee9074635c0d3a991580b66a34d9c,phish,100
0x70ba69fcb5720ba8d573b78f641eecb775c0e5a9,phish,100
0xb48c99c37b7cf4ac0a1c2dca518782c1feb4f066,scam,100
0xf591bbf70178bcaa80d306ab65755ab7038962cd,scam,100
0x89c0e39f3b3be95c238912788687dbaebe7e6a2b,scam,100
0xb9ee29ff43d319c126ed2dbdd74d49a2659ede56,phish,100
0xbeaad836e717dd22f59752d60223971db197ef4e,phish,100
0xfa2e4bddb3899dfb0d91a70744739d9f76692755,scam,100
0xac57457748d66139ec89a6d1b13bf119a1efb31a,phish,100
0x2dc5616ec2b9d24906f0e11dc8d8a736392dfedd,phish,100
0x9db99e73c52bcc353963022ac184a25e80f655bd,phish,100
0x49358a824c66b64a2f0c8bb3c99dd73586afab16,phish,100
0x1b8ee5cb5520ea3d12f64a8973c2a4f0cbcb1564,scam,100
0xa3ee246232ebd99ec9a07851116f9f67380c5e6f,phish,100
0xe949a4c861089fbde6ef1175c23e1485d5970567,phish,100
0x2831f460a932f3b7b44fb90ffcd7fddaddf4c980,phish,100
0xdd44566108758d8c8224d303ef92492229014a2a,scam,100
0xc3caf142a41b0fae78a922c25fc0eecdcf0985d1,phish,100
0x93a036a4fb47f22989ec1d11b134bb177e66a6bd,scam,100
0x705f704d11020ff07acde8592bb80b044e15de16,phish,100
0x00eb6f5199cd0b671da371969b1a0f948e982fea,scam,100
0x934f49fcf451a34026e3dfc3f26a1de01b83b509,scam,100
0x07cfb04588154b06e3958b5d70408244102014d5,scam,100
0xfac9eeb5cc03db0cff26e518f19ccfbf080689a1,phish,100
0x0a888f0f0b772e17a2adfd62d3f15cec72c8d42f,phish,100
0x53db08c95d0d6de34d8318970bbcb063f82fcc41,scam,100
0x0c4762bc7b1af1dc9448a827f53861c118b712de,scam,100
0x4bc2055440dd519fa4d448d2d6899e6604aaedc5,phish,100
0x05e18136f048d648ee73dd5d269d590ff2873c33,phish,100
0xa5e83199a7ecb6669064d492f15ddc096b6cbab8,scam,100
0x873a35f651892aee1d9360be80ae904f7d76068f,phish,100
0x619b947996557dbb4b3ca878247e8514fa3e7b30,scam,100
0xd7bb68b0ce5893983e5a2511b87e083609eb6ff9,phish,100
0xc8a7efa8ff219cf002081c10c47f1d5f62b3fee5,scam,100
0x8a8869a8b53573294b0e03820253607d5528679d,scam,100
0xd5e846494df899e0d7ea5e628501dfe420d2643b,scam,100
0x7448df6e1031d10e237b1481930a074b13faabd2,phish,100
0x903dc47aa7c40f9f59ef1e5c167ce1a9b39a2bff,phish,100
0xcc2c4c1b9bee3e9ae45b5c9024c3d032387830b8,scam,100
0xb7f9fdb9f3f6142cf5e2b7bee8aeba059dfb091b,scam,100
0x024c344da7208e60356378a252dab771c34be111,scam,100
0xe30ee6f6a973a07687c60be30c1b17818bc1c2a5,scam,100
0xa61344257ed7c98b4690572e63797d75b0753f96,scam,100
0x5a3dee76449fe47158bf6b3b68c629c4ecd2554f,phish,100
0xdc3896be3eb4bb3b3eb2f936348e942796078920,scam,100
0xdd1db171b110fb857311fde3236217894e7e9ab8,phish,100
0xe2972f7b92e32162e8dd4c30b0516baa2a24c3c9,scam,100
0x64b212d2fe54db498df6099e5a9afa8298068f89,scam,100
0x8858297c69ed011c48feaa96f0c89349ef389b67,scam,100
0x118db57c34621acd0a91f02c8c18cd1a3ad7c213,phish,100
0x91e35d6c5b7323647e0cc1d274a072ac5cbb4340,scam,100
0x1e89039e26c0b7f0e922011dbf3e16a230255cd8,scam,100
0x4360325de602b56f9ec7f9a88cef909f249d5677,scam,100
0xe10708068c2c17b1d13ccd2f0b572fb737fc69c4,phish,100
0xb0d2d2791657ce6cdf48b77a1e10f62e9b4ee74b,scam,100
0x29aaa966321f7d82e119bbc965a58cb62d703445,scam,100
0xedfe1d963b32a89e05dd0bc0e8f595b4b9afb544,scam,100
0xbb27d8db02d9035c0783166ee39269d97a1985e2,scam,100
0x9a4b3419f7e74ffaac61aa7ae8d345dc4b8f0758,scam,100
0xc91293245b669da19a96cd85d40bb9c203359657,phish,100
0x7b16e9f14cb9fd74bf254c620996c7f4750ab1b4,scam,100
0x99947568fa087b633b0677fe4487873da4d43318,scam,100
0xdf7ded886067e693f50adb227cf5c0421ea351b8,phish,100
0x3d3337c3f58d6a09cee493a4111ff8b7df8ad001,phish,100
0x07bc847f898d370ae6991ee9cc3abd16797e5cff,scam,100
0x233772b61331e4355c5a3acb1ede5f0793eb273a,phish,100
0x9aee620a4d7df8e0056fb2896528d0c63819390f,phish,100
0xbfba895e5acc9d103af39e8e95e21e4d692d0f3c,scam,100
0x8ca61e380ebbebe412b5787a20b6ecdf2ab21997,phish,100
0x9849424a2f3516b70b56d70330c45c25dccb2c02,phish,100
0x88620c720523c822adcdc1d5484915fcd85baf73,phish,100
0x48dcc01a31e38e14f6a63846e371c6e9cb0c3f3a,phish,100
0x34d202c37f9609a3d0d44db259ff51bae8ea2d0f,phish,100
0x87f655e887827ed11eb3fbc74767b18e142ccced,phish,100
0x6cfdde4e08c9e2cf1b9a32d2c31203966b17f816,phish,100
0xde72b9575b532ab7cf37c677d95e9ce612b05ace,phish,100
0xdb7e6449a14100922cad1ecc5abea0fb37ff2106,phish,100
0xfb03e59c83b984da0f6a5575b955541af28ccc65,phish,100
0xdb850d7dc1ade8ec00ce4269e732d3aa44286f73,phish,100
0xeaa4b711e7c025899460b429bef1ff8155ba4c66,phish,100
0x997ad34840281d459251abdf9c90d9a8c6a6e01a,phish,100
0xfe68f28599b19c5d8a562e8cc7f7b07c36e0a99d,phish,100
0x05e85d73eaf6fef228294fdf867abba98552a99f,phish,100
0xb733a811edf703701d2403d8196df87306bed6d6,phish,100
0xf8abbdc8578b940b82906a2e8da893b164d4fa59,phish,100
0xa78959e1568448a3cf866968872431e710458552,phish,100
0xec9bf38b63c51a0f72b20b08fc874501bc0a4e04,phish,100
0x50a9a8c8ce2bb0ea10f4d4a586ac2d77257b8247,phish,100
0x2d19f9fece6da18f2899944b0621c5ecebaa249b,phish,100
0x9b2d66562bea3eefec436df0fee88dd89cbe547b,phish,100
0xac2530772075b7576a7b27390e348fadf3345c29,phish,100
0xa2f11a7c5b68de825f35a47c5649cb1eafba77ac,phish,100
0x3e53a430c39896daf1b241828e3b5e8d526503fa,phish,100
0xd0e45dceb9b9a3ab8bd59a989cbdbc03d1507afd,phish,100
0x6442dc8bcb92fcd556c78d91f551cdaad62654f4,phish,100
0xc2605dc15d3ece4ea7a160c615fbb229c88efca7,phish,100
0xacf90f51d960bd6038e8a2ee7eba13cf714cffbf,phish,100
0xf6ce1549a57f39238b47569a4787e25e5d695d22,phish,100
0xbf863b57322a1e634388946f942306393a5d4c69,phish,100
0x2271a88623266069352196363c1e54f61c5141e1,phish,100
0x483ec0e946d1d61696bc8f69ef10365bd80862dc,phish,100
0x7c875ee4d4a1b29b41ebb2678df1f645f28d090b,phish,100
0x3d7a0fae63809c4725b13bdddabbb718939ad10e,phish,100
0xaa9455da13ba39f5d4e6275337c3d5600cb0f5b4,phish,100
0xed51c3c2fb6e6965aed7beec167b0596dc36116d,phish,100
0x3232d99007e509d29564099c622a89e143fdc05c,phish,100
0x5c0133dc7e8811b3faddd1016d0800dbf5bec2d8,phish,100
0x8d305fd29aebd6e0562de9321d55e7f0e6fbacad,phish,100
0x0a10c493bc6f7faecca5be1e82d7fd7fb3774049,phish,100
0x35647d709bcd5b451f8c62228876975e8d31f85b,phish,100
0x916d37534f95f30c35a60a58150f48c2d0ff4be2,phish,100
0x0e2fa227599b1701ceeecfbf0c92d8d23b2f493e,phish,100
0x92d43d2f55e077d1bebc6e348a9f4ff64fd4f21a,phish,100
0xe4fc4c3889b5442391acad627673f4ef7efe7b97,phish,100
0xe349b26753eca84a2858901d414c612c8c8e20f9,phish,100
0xabbd5f7d4de3c91706c73fd7d09b9ec3ed9ca697,phish,100
0x27f897ebeed82240734489d52aa7e39a8ca257e9,phish,100
0x9d032989f82c0e40202ae5abd844ff68181544d2,phish,100
0x4508b6691d8c938781f130519625b4cdd7b1f804,scam,100
0x5f38dcbc5a2dbe1e040a60153750feb7e1cfa570,scam,100
0x8f9f6aadaf78225b94a84ca9ca80328d0d6b21ea,scam,100
0x64aaf2fd9910e9ad85dbbb695664ff8812664e10,scam,100
0x26ba821222ee3b7b77f83cf1411dc5105bf2e499,phish,100
0x1ee6b25a0e3f855a10916766df3a056e924e5dce,phish,100
0x60e4ec00cc96b57792f89ad05eaaa7dca643800b,phish,100
0x521ff702e1eed9e48cbe17e2dae6efd77b9d6876,phish,100
0xcee56c3d77d814d29b9410c0f74c12781fce03ff,scam,100
0x0a796062214cf4fc232dd8538a19035ac79a595c,phish,100
0x32f5891eb94e7a1ebb06add32acddac95774316b,phish,100
0x52bdb97e587a35d5e54b01344168d41783120310,scam,100
0x28a6d6e41fcca5b003f22ceba48aa689325dd62b,scam,100
0x2e6ace64e85572eedaad739c3172ece853153c73,scam,100
0x607c78aeaabadb84adc3298fb3077fc75429e8bd,scam,100
0x9ac33de53e16b21250ba2418150fe07ce8c7e5e7,scam,100
0xbee06db915f38c62d61aba80932369007beae9d8,scam,100
0x0db49185aae1f8f4b95ebd5323c1fa3822d4fde8,scam,100
0xb9556a1cb3150148443e9e9e9c29491ff48640ee,scam,100
0x42e0a4818ff863e8d73187279adfc17b0495f2cf,phish,100
0x6a1dea6f4c9d48035d855e8399e20e254f0ce1ac,phish,100
0x65403aa21fbe76cc8edcd42ecdd0c6cc5c972f73,phish,100
0xedc702ed96accae315a0f1e8fa2d5a6bc4feea69,phish,100
0x1d138d1f0e8e5f67540b6054de7db08a610f85b4,scam,100
0x016c0261c48d089ac26d0a48f840c9a9d5e203dd,scam,100
0x2299c90980777bb9ebf2d8d58a92cb3ab7f7faa0,scam,100
0xa2b2339aee76a45edbc10ae515fbf23323901597,scam,100
0x1ae807d7645da9f7f65a3c4a7a8deaa08bf9efa4,scam,100
0x7d5f788097e80d797064fde23a62caf8d18ee5a6,scam,100
0xe3400442ed7754cb2a43becb83f801cce1055db9,scam,100
0x54e50eec86d757ef26269c061deace691b269116,scam,100
0x0e9e90ed10c6f1714bf87307d95b604288c5d4c5,scam,100
0xb9c0179f1f0f19e11586d4d252bc46d88c1713a9,scam,100
0x3963c374e0e71018dba76814c13fdd5458d55898,scam,100
0xa6f2814c0020c38882e82d9bfde7b485a7297a1d,scam,100
0xf41196e8efabce3fee5118d12b971423a8e8ddcb,scam,100
0x821006cd8ad55c74936d277217ecea6863231e48,scam,100
0xf581747e55f006cdb5bdbb9e316eb0efcc725be5,scam,100
0xaf8185ffff6a3508fc5498a5165bf64de0b0a1e5,phish,100
0xa213344262535d3ea5efeaa7f7cf74e792da6258,scam,100
0xc46e1430b1d4b7066b9b6655293492256ba216b9,scam,100
0x5188d13bdd9d7ac30324a569e2ce42488374738e,scam,100
0xcc8de4ccf031ae0a86db0c561e790173e35d3de7,phish,100
0x6c4f56b116e91f15e790508d4212906b75835b63,phish,100
0x2092b75719ec6f1dfe3f0d8c73239ad0297522be,scam,100
0x1a11585b374d5827f44e117e07941a8728a5f342,scam,100
0x77c89a9987017fd0af1c7d057ffb9e9fa254aa4b,scam,100
0x680f7bea6eba9adcd0f47a0de630cfa8f95bf0ba,scam,100
0x1b150b01dd61d54847a1c538ab9fe6f1639cacbc,scam,100
0x73baf168d9f5fee3d845f33b3567fe916f730838,phish,100
0x4c6cdd82bf2b0627350bb660c2a18b2db8880ce1,scam,100
0x490d29b8669823e12eb5f72d53c27ebe7f952ab4,scam,100
0xab7ec7596fc05bc55afc07008cc06c1193ed6f9a,scam,100
0x9e12d932c429107608a8ad0d65c60021a371f9c1,phish,100
0xfb90119d9e1610dcbc5f3f2e7301aa62e9051916,scam,100
0x4a36ce6ad774329a8e5ad7e6a51a7c3bcf8cae3b,scam,100
0x18b139f86407b1a834da4258f01121ae9f8d06f5,scam,100
0x9386ff151225710c61747c7e314f317b6330453c,scam,100
0x47d6287a9fc4a1f69c0b20dcc29928ebb44349c6,scam,100
0x8967f58f726bc35aa10223961feea6055a48aae5,scam,100
0x90fb8fff658e1bd24d274c1a1133c319e055703a,scam,100
0x8ac2d87f4308b0718aa9345b409277e01282fe03,scam,100
0x9da01df0eeae50b30845a1cafb27e1f75887b887,scam,100
0xbf0a4a57d66ec0eb94dce2fd0a4aa57f8b0a2530,phish,100
0x9e9e3b124370c763d1a4e838069da3dfdbfca059,scam,100
0x973cc36eef960389b1dddce82a9f0663af61809b,scam,100
0x4805944b89e01e4ea49aa3268916dc68e0862fa0,scam,100
0xaab92ead3017703f7f9f3f7ff71f623cd7a8d164,phish,100
0x3ed46342c7d8d29ca065e8eca66bbf867a86e897,phish,100
0x806466179736c54b62dc6e9f844f02b8d67a49e7,scam,100
0x2a206bca8ee7c324af1b67ae05373a59a3d4502d,scam,100
0x79b570f107f07589244c76ad8fd9a7cca0fb80ef,scam,100
0x3f92555d98ccee1822565f8b4e0c8bf406ebb674,scam,100
0xaedc8a3afc62a3deee4eb232bfdb28058bf554d8,scam,100
0xba6f1e885c5a9b97e4a0eb81a5146ea49f53d5c4,scam,100
0x934a0a1bfe01eeb4415689d8e66e56e3f1f13077,phish,100
0xd3ddae456004ed85639a39a9751192e80a967ed4,phish,100
0xb8ed23977f745865abbc645f09fc07f82cfde421,scam,100
0xe047fb1968b9143ce4284ca0fafc012b3aa8568d,scam,100
0x457577c30da16b9597215d630a280d8ce7694674,scam,100
0x870c34e732a43e43e6a58dcbf14f4d9b823d4ca5,scam,100
0xeaaaf85e36267d4a44532e4df628254d6ce7f9cd,phish,100
0xaf48cfd4eee2b9f185fda12bf0cbbec5b90ed8c9,phish,100
0xf3bc09e9c493f7d446df129168894ff521175326,scam,100
0x408fac2d2d3d3ac4e356aa188119f5624fd8c9f6,scam,100
0xebe808320931473e5ed488e582f93dedf8369a77,scam,100
0x8d6be44e86edffbe294071a886ddfb4147831baa,scam,100
0x407ce703a92acc44c40722dc2256e1d6388bcbf4,scam,100
0x8a65c8565504a2bde31f9c09125f5b9d53b2b07e,scam,100
0x051005cdcecd916fb8b98643d923646acc7e07cd,scam,100
0x7d73f38770997f30bb6dfa2b8da184f2cfeba6c6,scam,100
0xfa3572b21b35cfe042ae940d5a74a9706882c6db,phish,100
0x2d791afb30b48a0ac39e6b416d2f46aa095b1704,phish,100
0x4307e7d64a0f936bb719dda5ca177f493f846228,scam,100
0xd0acac843aaab4cef20b322405405e67e90147d1,phish,100
0xf7fb243ff0df4b35f5f7fa5317c128f16e71cf9a,scam,100
0xbc55b0f2dbaf492fc8adf35c0f9939eb5fe92131,scam,100
0x5ef4ec670246af663f64aff354a30ca54b43dafd,phish,100
0x3fc7ca472d19f24f544fcd79bca992019650c1eb,phish,100
0xbc025972d6dcebe52793a2b19de53cf621cf1edc,phish,100
0x30fac621bd26f6828551a79807ed3c2a70b1b082,scam,100
0x2246d2b56c283ea88fedca9c1f81bfa411bf2d9c,scam,100
0xae34b154ada796cfebe8a60d265d266ef809fb05,scam,100
0xe5e71b33c6a05910a5bdb05b9fc4c826711de336,scam,100
0xcace623ca5f210edcee90f36a7ae795c2f6604cb,scam,100
0x6488b63be2fc20c1f25983a53c447f6530351971,scam,100
0x87f304f9f630cd33dd446ff5ae969b7f50fafd95,scam,100
0x6128c3095e2b0a64ce64e10f05b60d5029e5f8ec,scam,100
0xc7566ba63f39ba75b56eadc0328f9a76dbd1adf3,scam,100
0x70f36e78224389c462dd0fc7fe1627a2928031c7,scam,100
0x27ec5a27e521364699b870e5d8b5245d97cd0031,scam,100
0xcfb10450bb6e7f77b856bf6df74ea56dd92304ad,phish,100
0x496a0d23712de70896e17adcbffa488c4ad2e187,scam,100
0x86ddf5b305b9081fb5208e903edeb013510997cd,phish,100
0x33ce6c64865f889b67b2297742a5855c94db8e5f,scam,100
0x081a48fcfb87ddc415c31ddae1eb3ba5d5696cdb,phish,100
0xaba49b563feed7f617ae2fcff86c3a6e8821c387,scam,100
0x89f4d39667aa080502c517b613a6c92786aa14bd,phish,100
0x387ba35be8c8cbf2f4d3ddb571cb80069bf100e2,phish,100
0x995000b1f9429233a53f53f6475a3efdd8daed11,scam,100
0xad274ba3de7f07c7973c7b40b0111ff53dd14b06,scam,100
0x6b67f7ad81e9eb49a580f366b9e0e518ebce14cf,scam,100
0xf364e3d3fcbefc297dc3724fea7ff86b2e14e740,scam,100
0x0b2f68bfc1cd9c5886d1f8f41844e11aaa8a4223,scam,100
0xaf6240821a0cbb6e4b65e9feeb4f79f737bbbd18,scam,100
0x2b22b2c65b185182786f087c1a0035b5ed76bbb7,scam,100
0xc601f6938c75c4ca03eaad570701d86e607771db,scam,100
0x311f71389e3de68f7b2097ad02c6ad7b2dde4c71,scam,100
0x1b7bdc46fb5d65c6d688bfadcfb7d3a434413956,phish,100
0xfad05ee13c8e0ec94e5ee9dc056dc451b2ad6b1d,scam,100
0xc249fe0288e75e47e62b138de8d020c9fee5a9f5,scam,100
0x13afabf464f7d3e6c7cf0e685181d9da3935e01e,scam,100
0xf91446ead6aadd4321602b5790a6db4d6f2a1930,scam,100
0x0d6e198892a124fde9956d581b193832e3a8f583,phish,100
0x536a6ba0d913d5d6a4ce2c6eb7ed0de3c0f0b89e,scam,100
0x22cff91f77a2ed675f3ab4aee16e15b27f6f275c,scam,100
0x37f6e167a71996cc94d76f34591d597a805270fe,scam,100
0x23f1909f7a65cba4d2a4a42ee1ba7d9772c3ba93,phish,100
0x0400f72bca103add12c6793d6194d041983e150a,phish,100
0xcbf99a459b71aa633ff40eb14db95e0618c64b26,phish,100
0xee18e156a020f2b2b2dcdec3a9476e61fbde1e48,phish,100
0x8802e91f3e66a3d81519144100760b222fbd3e05,phish,100
0x7fe5f97dd063f39386207bcc27b5581b3ef2e600,scam,100
0x7e8ba7b52ae83be8885a613c2b249db4a2d0d06c,scam,100
0x02fd82cba3bae39484d5eb7f75b5f3d5f418c691,phish,100
0xf31b4f7550833a746f788b36f2b292e5fa49a248,phish,100
0xfc4bc1b71630e2ea621f89a346f61372d1dc8f8f,scam,100
0xbc2f218dc8a094c850856cda55d35fe2097f21ac,phish,100
0xeead01fc953aea34212d56014aa61ead16e76d4d,phish,100
0x0fa23b1b4dd646a3a55fb5e4c5eeab24d42edab0,phish,100
bc1qw9cz3095dxnt5hkfdyltueen9g7j5w5u6c0zq9,scam,100
0x03b70dc31abf9cf6c1cf80bfeeb322e8d3dbb4ca,phish,100
0x4f53c9882ba87d2d7c525df2aef2540efb6e32e5,phish,100
0xd808259ca07fdf4d8fa825c4704f624352e2dc14,phish,100
0xa82e2b7ee7c92d6062db14de092a4838a816b1f0,phish,100
0xe84a5d3eebbf460b005a9d4d58f1c3576c7036ce,phish,100
0x9a27f038a711d84b4b5da0d3b96827e11b1de6db,phish,100
0xa95171e49a7e187585c0d5cde0c209b76a5fd220,phish,100
0x56d0644c14745db2d2ce0de5c5bef914cedc1aea,phish,100
0x07315f6ddf3348c6d5f561ca6cb7451f103075aa,phish,100
0x0669398307efefb60030ff328a0cb6a3a840182c,phish,100
0x2914c01d6589b3b52a065a9d9cda539ca765a311,phish,100
0xc1b439273b8ba8ab5489d5ed945f559f90d92988,phish,100
0x8db2ec6cbe35062a3f30dcbf7f281604820490ee,phish,100
0x8105ed8a3be363e32c91a0904cd59e0f843d7123,phish,100
0x70a1d170d055d0b5edda1056747119550cfc40cc,phish,100
0x9826cac2a9fc7dd43c6d3713694b20b036895be6,phish,100
0xaea3846e14bec1ba8f562844d39b1215a1d588c6,scam,100
qzuqzn8y2726k2pwx3767zmja9m9wdh5wyukklr6kf,scam,100
qzkmwk9hfjra3gwecc8l5cp4xgteqe8x55zhjzw4fy,scam,100
0xe3d474f3686a831bf380498d1dbd57fdf972ca30,phish,100
0x482729ad79e5da6c48c0e7a4b3e67ba13ceb7404,phish,100
0x069757a3dfd227e39493890e83de11598bfc7f85,phish,100
qzh7l8neh3v868uzu74qpyat4gjz2rdv0yhjktqcp2,scam,100
qpdjfyy89utdz5ky34exk3s98c9h4ahtwyjgdr9dze,scam,100
0x64b57f49a854533722435652054d0f924f7acde7,phish,100
0x4256117a02ac880335f8bfbeed63f92ec0001a5a,phish,100
0xeb411d5df13ac7020992306e78955fb7cba5f260,phish,100
0x8759374e7cf14994ef599e0e9252f57ebfe10a9c,phish,100
0xb1fae12d295246a73ea6e89699a6576afe669d81,phish,100
qqxq4kkxzn0stkzxvc8zs7quur285amlgy6mhp4qvp,phish,100
bnb160943aa8wjfwzq52snqe3dpzq3mgcxlfjm2d7y,phish,100
0x281d05cc399a66e05b836489a4cb9b0f2defd609,phish,100
qr6dpf69djfghu9t6h0kzklzy2jkaqrn6q497z4yag,scam,100
0x283998063c86805ddae437ec15dbbdc54657012e,scam,100
bnb10whzywcrge79hmuyutg43rwhyfq0sp4cewnxh9,scam,100
0xd9d550823c20315d62c1cee49b93825ba31cee43,phish,100
0x548821e41d89303810f3886f986b3e0c1f6f8858,phish,100
qz837q4cnugsu8qas96q7ak8dfd7n72p6gywe898fh,phish,100
0x92127085c609bde93cab077e60f417d852222299,phish,100
bnb12vfz64rxhtmjp85nwuq09fx6976g7smvzwdm9x,scam,100
0x4a7d4264291d6bee4d4ee3eb01006445e19ef366,phish,100
0x53ffe7422c7c1769e5183377bbf2f6858b0d74de,phish,100
0x7844a2b3df20e12508846c104274e866b9cba581,ponzi,100
0x280de64f3bcc4a664003f32c51d6953dfab216c9,scam,100
0x6f0262c3dc08f3330c3d7b078b439b07892160c9,ponzi,100
0x41c47adc157b3dec046d08dc742084fa4071bbbb,scam,100
0xf6a6a6280889216cff68ff3eb5b802e1f424d90b,phish,100
0x5094ae3bb0d467cf164f2d7d4c5fce786d9d3166,scam,100
0x58e459623b984d0e47ad5b2969818e436648a0fe,phish,100
0x74445ca4eea0bf1806d5c824cc08ad9dce35ab31,phish,100
0x959e336341b5251977f2cf65b14aa175712f161b,scam,100
0x17359e41c229527221c55b56d836b6c1cb9414ca,phish,100
0x4875e618e905b62bae8627d4f89d9f70dff8ff2a,scam,100
0xa5cbac13dbe5034032a3fa57a0b956ac9f9289fc,scam,100
0x366bcc4231db9786721f786b20fc38ab1df649c1,phish,100
0xafb98262da9fdf6393804c976ccbf9e140d330ef,phish,100
0x40e808e6556d6e07826a9e1691c81eb8e9d564de,scam,100
0xb1952bf96647ba7ee9bb098e6555926e76e6ab45,phish,100
0x07d1e1fbac7682fca289f5495032a3e9e16b178d,scam,100
0x9960fc822002271417ada870ed826aca61029c09,scam,100
0x518b74c47a063c9aa06bf3729c837e3a29a97132,scam,100
0x03a919e316fe305ccf72d4526a105a54f9239f75,scam,100
0x3d39c63f4e78ecb29781c60566429cc17d55ffbf,ponzi,100
0x2991a2b72cf13b2c959b8f1ffae51b373612ae47,ponzi,100
0xf888e23a067c790c063328eb85b85486718f2d97,scam,100
0x345dd4f8c5f0facff6bf9ecb4cc919b9fb445d41,scam,100
0x48ee7710c7927366826af4079bce97ab03fcd68d,phish,100
0x51d33781299ec0b28cfc0c2603e43600792ec6b8,scam,100
0x592ec0404dcbc4fa5af559538b951b9d87d71bc2,scam,100
0xa3f6393bfdd86a91cf0c271ed95785379a175008,ponzi,100
0xdfba26856eea0a8f87dd497f1f92d4302c1d5ab9,phish,100
0x8b616d33111f5798df45dcf5246a2fa3d36bc631,phish,100
0x404349c54fb317acbda82668e73836e29fbefb07,phish,100
0x908c7a7f9bc6a4a4de808a4c5bb53286c53b124a,scam,100
0xd13deb975359a0d81e1bf9759b9391039ca0ada1,ponzi,100
0xa2eb39b8d4e820d5119d6e864d93441aa40c36f8,ponzi,100
0x03ec8d7278460cfbd7caf7ba5a35876034ef4d4b,phish,100
0x1e1a0675ff924c04cef80a0e9ba1f01baf6b9b0a,scam,100
0x6886566aac0a8a99a5cdfa875429cbd4603e2a39,scam,100
0xbfe1bc6d1c8f0b0607a91626f6f692c9ade11db9,phish,100
0x3ebe70f298439fa826ab82a24959c095fb4b0481,ponzi,100
0x724631bfa5feca3db2d78c20d615b6af9e0d20c2,scam,100
0x2c9fa004ed3d7c411da29aee2a3c820e3d27860e,scam,100
0xc3427b9ae47ed0ac1a99f76cec83fd9c6ff48799,scam,100
0x5c89ca7387786d6cee3e756663c4c628239d0558,scam,100
0xb49dabaee705e93d39cb5ee26b5e8db4383ee14a,ponzi,100
0x676435b8a9a6865dccedd7e50c8c343ef0665754,scam,100
0x93a86f46104f1fcb34054ffadedb7db1a2889acf,ponzi,100
0x11613ef3fc52a248ad567ebdba80366a02109113,scam,100
0x0a37f3db85c84ce31618ff4c3301f63313a83031,phish,100
0xe1a9d1ac42108d99ed6cbe3e40141eed7dd0c8d7,phish,100
0xc5a8a3c0b4069caaa1cbae77ae2773b2d4d05f4d,ponzi,100
0x3808e8beba7a9ca5a088c1d9de8546074e6dbc71,ponzi,100
0xeff01f7ea205a2a3a8d5b83cb7245ba9828c2598,scam,100
0x3f1df3f4eddebbaf4b8f972144b8cdfe914f3876,scam,100
0x37c02d22f8942df925b7a8505422b9eb198deb0e,scam,100
0xf97f2b06262a6f71f0ed8823dac5dbf87bbdfdd9,scam,100
0x1628688e9629e2e650e1dc67d6f9ae847248f90d,scam,100
0xf6522e4a976120ff2c4948ed02645f26586c4873,phish,100
0x13593c0ea62560cfe9df6881bf64c42fa0eac1de,phish,100
0xb66189a009974c42c851f83a801927c09566a0c4,scam,100
0x283c89ceace6290b89cfd8e171a677e97b427372,scam,100
0x1433b1c25a11a7c85b9f687249cf59384588c837,scam,100
0x39c452860b751fb25470d32c17782910f093a922,scam,100
0xe3cd35235fe852319d9d3d908bf1d9dfbf68810b,scam,100
0xc8fcd0fcdc4b28a89e3bf50266ed5764c6e64d48,ponzi,100
0xfb6834a5dcf8220b9d767ab704a0ffd0275e4fe2,scam,100
0x4f6d02d4cd377a999c63d61dd3e0ec28ef03f68d,scam,100
0x1f1eb35fe094d6f3319f7d533c509eb1559123d0,ponzi,100
0xb32df4eebd70636888d5eb4bdec64802e81349bd,scam,100
0x51806855eec3bfd311f1848bbbc211c5762de572,phish,100
0x96516fd1648fd767a16c9813db439c9dc26aad1e,ponzi,100
0xfa4f76eb33b0797052e47893d09e2537e463bc6c,scam,100
0x8e966c81dc6474571f6d95486daeca89b68c9bce,ponzi,100
0x3941aafa5b95c21149a0e853f765ef7c13e7d9cc,scam,100
0xc6a99cd64cfd3357918868244314471d64b41166,ponzi,100
0x81380bec7515637351ca00a7172e04b89ba9fcec,scam,100
0xce71aca73eabb6822015f0ea4142d5698ae88b21,ponzi,100
0x4f7f288bc5523895f496427f6b878892a8c42798,scam,100
0xd9bf1eb80aa24638008a6605996f58046ee0d21e,phish,100
0x2e7bc76cafbf4c7862d6508ac3ea73133f67c5be,ponzi,100
0xd3480919ca41a73612068d3ac3cf78ea4291cd99,ponzi,100
0x5d951f5e19fa8347a9a43bb28275327968389269,scam,100
0xcdbfeb5a2ad128a49fd73117fe305a324dcde69d,scam,100
0xb6531f9b51ce95938847acc81a619d5e3afd337d,ponzi,100
0x192e8d86383a40bf140f8134486272ddd372f397,scam,100
0xf4ec8d8be13e4981ca7cc5c96eb4608a6d40ed17,ponzi,100
0x5ac594d846a9559a9fa46362567e6e5f8f1b2c32,scam,100
0xc95a52722e3c89854e9b030854ad30f7f09c26c1,ponzi,100
0xaf6df427bcbc8c023291ecc847d33ab239c44233,phish,100
0x16432b3f41b623b62fc0b67d5fd17af1e75aef26,scam,100
0x6472caef31244a95ff60108ffbbfc71bd9c8144a,scam,100
0xc4b0080e03515f55728b7eeb78ff796e584ecf4f,scam,100
0x87bd673ec9ff16d0787863a29a545e30d70f2045,scam,100
0xc6b31169c92d90d1ae15ba9dad549c3c2f24a68b,scam,100
0x6ae7c91a39aa6bf8921d1bb2a94033ab905ecaa3,phish,100
0x072325852eb404092aa5a3bd859687d4573bb732,scam,100
0x7f78735fa16f0fa37ee91dc663eada8c99a73368,ponzi,100
0x510ed7c9976d33787eda19e57caab6096198e960,phish,100
0x03de8c20b87fd7c5fb5acbffb34b8888c381da99,phish,100
0x48d86ac86bf32df06c070f1962b759d5520a6102,scam,100
0x3e8f3ee04de012eebbbd69719b1ce2453dc75409,ponzi,100
0xc3f66e858c19f3df929a0bdea18ef19f34290357,scam,100
0xe9868b3d199a3ad62042ecd5965a255a9d9d28ab,phish,100
0x536d606c991d43c0022ddd5bb3af7d9c79a06b10,scam,100
0x143d0075d5a38e851c378c7ba53f99fcbef26ebc,scam,100
0x6edd622905583e507ce25c420eb2169258211a9f,phish,100
0x441fefca6d3b142b47c0ea11d3708e892a1f27fc,scam,100
0x61cd082499c38feb9b6be39f0d77e44eaf85f91c,phish,100
0x3ded726656d08c1d41870c0f10cb899c4e5a24de,scam,100
0x7a861fe9e14cad8701d9465d72749d8fc4a3776c,scam,100
0x800bacfaa36a835410ffc3ca29f1b00963de163d,phish,100
0x0d99079be9a6467673b79a0e9cc0b43f94649edf,phish,100
0x01f2a2f45e4eb4036680e0c94fa11a756547a821,scam,100
0x50b6b4b322cbd924e24a554fbd9fb648b6b1a3b5,scam,100
0x56c60c3a9df3282ca27fca81c91e9b5f9de14815,scam,100
0x9847766fd7cc59e41596526faa4e758f08acb278,ponzi,100
0xa4f4a96f876c3ca0f50cf03dd08275d9146b6174,scam,100
0x613e03cdea879df4132c56d9a1cc1e8ee484678e,scam,100
0xbe888a3ab3959035c130098cf353fa79b62dc311,ponzi,100
0x572cb8cce17723dcdcb9d88843c9ac9f6f3c4edf,scam,100
0x88248401af9e512787f7d9b3cfac8412b7fba1ed,scam,100
0x99bf57cbdfd5b2a00243744286f835b325866374,scam,100
0x7a4c419cda16f10517e7ffeee2cfdc00f461ff23,scam,100
0x69402e032b3f963923231acaff71e14f5438ed39,scam,100
0x620a6301cb9f6bb1af48a9d3f1de0031aabc55a4,scam,100
0x6b665292b7906aca8c6a97c8f22d7bb6a376356e,ponzi,100
0x384a8dfca53c901b7d39f835a1e0de119fd41eef,scam,100
0x4bad869dda90804c7e2ac5aec7f101848d1be7b7,scam,100
0x75054feac8da44f7980641a8c4157a2d0c0ceeb9,phish,100
0xc786a04c91e274684f2afde6bda8fed053fc9516,ponzi,100
0x526d83ac7a4c5aca4425b1579baaf7bd3a7e56e8,scam,100
0x0d872cabda45c4601a47ec5bb2ab4ef55cdcebee,scam,100
0xdf85bff5c69c556e52e2bd23ff69d4744492a2d1,scam,100
0xe7e15b8a824cc1b9360ab670f99fe188b136387e,scam,100
0xdfeb3d1f1191591782f070f53e654457ee510cb2,phish,100
0x761ac229bc597aa6e867e735056b6fc89acafceb,scam,100
0xfcd12bd9118473324a648f84c0cd184b00cafc8e,ponzi,100
0x301f7d0efa82ac9754147b1a710dfe3171e94f09,phish,100
0x7af73fc44374692961aceb318e8d4c76e1dff4c1,phish,100
0x8cd6232b844f50d9b6d159ef4376f04df015cc8f,phish,100
0x1718c5e1d9a41a106467c7675a52b22db19f42d0,ponzi,100
0xa8be4095918834b4bcbc3a6330df8aa7aa905aa7,phish,100
0xc050ee8243d36f6f7c24cd40d795a36de6b43877,scam,100
0x4475ceec7389129eff500216fd11779fa15b32ed,phish,100
0xfe074d43757417c317e67d3bc46cd19a47c3a3ca,phish,100
0x9cdc077904329301d8ade4b2675d1e518dac7082,phish,100
0xf634ffa260eda935e6ae68d041ad9ef5bc2eb88b,scam,100
0x311d4f76bf487e437d335217d80cc40159002a74,phish,100
0x0cf1268c4e760a527434f63d53df8e3fdd5b0225,scam,100
0x38fba153b2f52c645c3195b0df986994c45c7474,phish,100
0xdc3950a7077f5e8b4ef3eb237383d5dd99a83087,phish,100
0x00687155efe816d4a33ed4ff8344dff8322cf6a3,scam,100
0x8766ac505b574c1e81cbad8045fde338218339b0,ponzi,100
0x50928fb31640c821cb32752c62242c445179d57b,phish,100
0x0a6ca67a1792faac1fa29edd539714b8f6ee9207,ponzi,100
0x015c4ddae47e409a078b708df8563b50608f4fbb,scam,100
0x8d67da45dc6f1248af95d99b95acd8d4ff7fdd9a,ponzi,100
0x9421d9f98d904280407c53e6c1dc4473ebf0699c,ponzi,100
0x5db3db71e89f7a8d2355ed2e694613a8db7f29da,scam,100
0xcb47721ad3a7914bd568eb3a555f55446278fac3,phish,100
0xc3a3900c6d27762a3f9309c1c461b038fb9fe52e,ponzi,100
0xe36927d6dfcaef2d9abe06a4f6d7d84db066bffb,ponzi,100
0x5a6ed9e2aca2dc0a66b01b289422545a3d26a672,phish,100
0xbdb27c9169d9947281e0bd6d535bf199482100e4,ponzi,100
0x65955cc30e03474f555013f97a31e261f5c916f3,ponzi,100
0x1e31484856d8a876438a14317d52cb33c4bccaa2,scam,100
0x683dcb70ccfbdc3c798af99819e4214e4d1512da,ponzi,100
0x547a35bab13a06059c785ff3231d0f209e6c15f6,scam,100
0xcdea17424752ff9849f197a6a877fd6fe458c87b,scam,100
0x8f1ee2001a0015babd1c1e93f5446b706bf7f298,phish,100
0xc5f5431158bd00220a0f2be3c8d72f7af90fe2fe,phish,100
0x13eb53b617e5a9be06b7cb1ba1c74701e06600cc,scam,100
0x47eb6bcb1f492d20255d8c838da8a10738ff6627,scam,100
0x5e13288c11fbd4c8560c12b569e7c4e8bfc64e77,phish,100
0x52b823a1f38e3c90b7dbcbfe5dd9fffa16e6c9be,phish,100
0xf8fc5babb316957244afa17df1c197cfd92a1643,scam,100
0x32a11ebbfa6b6acccf32e4841567278518f84204,scam,100
0x842ca7dd32816a408ff230937df86200dfbc740f,scam,100
0x4ca6612b02c3d7db4e885575d093af6a285d1d87,phish,100
0x753257e31ca63974bfb70866ebcf6cf19c432a79,scam,100
0xca165d235b881f9e3e1fb73fcfb1927d21d3d62b,phish,100
0xc092ac0d55e27cd18ea1758f89871bfa77a72185,ponzi,100
0x433b80b0d4a0d599289b39d85022328b1ad6135b,scam,100
0xe0114fe081978215e82e240b04de3403d7bfcef8,scam,100
0x569f99650be2a48cad52b9a3d0a75c4feced8325,phish,100
0xf3ff4b15b07906821db3ec7358b6c80a599b2a0b,scam,100
0x63d23c231872501f09f276e1fe20b7d6cbf0c073,ponzi,100
0x02407c8b59475dcd4250fa827373a92179f137c8,scam,100
0x54296cb81fb6862a2259d58724df2c294c0e32b2,scam,100
0x4975e6dbc7f6b7aa91662085ee3e11f0256bc48f,ponzi,100
0x61756dbac62fc12c87d0b3704a58a19c93760db6,phish,100
0x6da73d1b9636eaed9bb5fb41238d55b2c6d622b2,scam,100
0xf8b3a0c31c31a6f01e5fbb837646a7b0e385d8bf,scam,100
0xb35304e6873cbc8a728839c372872f1838aaed96,ponzi,100
0x3930de3da1a15002fba44f8ba255a02ffc9c57fd,scam,100
0xc04aa2e3a8145344b21080a5537c355b08a00d78,scam,100
0x9001cdfb3bd58288730084aab83b4bd557a9ebd8,scam,100
0x0a7badb84c8fbc4aa55f47354fbe9675247b5c21,scam,100
0x60248ca8e042d2162d6ba0fd256097907f3cbbea,scam,100
0x4b1cf85f89e7106d8a03bae87976ba57609f93ee,phish,100
0xd58ed1e14353582ce2be4cea415ebf332ef66fbc,phish,100
0xb212008a57aa783a9a3340a01ed0e272b3f05a18,scam,100
0x1156c9052194fcfd8ba00e191058df2c5f318618,phish,100
0xec2b30e293d2e254a2a589d5f8fe2aa72896e48b,scam,100
0xbd7f098a63a98268687c7f6525cf39018aa6811f,ponzi,100
0xa3db169039b189825afb8b70c8306af41fb95aa9,ponzi,100
0x363a9d46fbf8aebc14b63101f0823cef3c76fcfe,scam,100
0x8cb061b62bff250f4d0d0dd236abe3468aa90f19,scam,100
0xa9b2b0c11b6a4e094dafcb6bbd28545b502d6ef4,scam,100
0x5568d2b44e33c4af0a46b732d19e36f48cd9e099,phish,100
0xbaf51cec27f8bf0dabe319b64d606663e1a36307,scam,100
0xd0daec6ca0bf2de03ea268289461164b73a5eb91,ponzi,100
0xf0be52095e166993ce8380a11c0d76bf721199ea,scam,100
0x11d355092b7c4b496da09a3fd6fc4fcff9245d4a,phish,100
0xb7717ba1aa4f7a8f9d5266989bcd7673c00edf3c,ponzi,100
0xeafd04bcf831d4b6a6918804f84cb3f32ef4ab59,scam,100
0xb829f49a864b4644c57500921041527b8cf879b2,scam,100
0x3cb62e5e5857d49358db98adf198f27aee3dac29,ponzi,100
0xffbe903fccd28f993002d8723b98b95f0b2ab2ef,phish,100
0xbe164ebb2acc0422555ee2cc0dbaa2758563caaa,phish,100
0x497577a5c5306a4b5dcb2cf5aee0b3f3e23adb24,scam,100
0x6460eea07f72a17bc60daf14067b0b20a8b4bf16,ponzi,100
0x6f66941a88d91d7d3b93eae8693cb9fcd1f5b27d,scam,100
0x9d3440b4ed079d8aa4b68e1747e6c56c95fd308d,ponzi,100
0x39000263d8f295745985581497582477e3c36d95,ponzi,100
0xd35a3fe28470fd3d9b57187fb7cafec2db3d25cb,phish,100
0x5593e2417256ca3cb351e1fde47b21ade2e9202f,scam,100
0x5c5a07a683196507ff6dc86d9131e2238281f529,ponzi,100
0x699ae4bc46960d25257712280ee403e79c28cba6,scam,100
0xd2b66be826e9d0ffc15f4af9b55705a4ba4ddf95,scam,100
0x4aa729f92f01a1d2d2e52d509799dd9bc47034bc,ponzi,100
0xd05a7283afe223d9dc60eeff979a1f0a2713171a,phish,100
0x08faa834e7c7aab301783bb0d20ebdc62fb88be5,scam,100
0xc7f3ae943aaab0ac367ddb6a62861fee644d72c7,ponzi,100
0x9670a07da08c9b7c454aa4372c4b71527e40623c,ponzi,100
0xf3c95648e041b43e8bb7c14fe18d89d67feecea1,ponzi,100
0x174bff6acc8b65fd8df975edc8e7e816cb2ceb5f,scam,100
0xfa3982d7517b495906009c2f279bebafa7033323,scam,100
0x042e7ebb4c1fc79c93b63806f3f50fbd9cb1e253,phish,100
0xf2f01af1a602de6f0fe0b132b0cb55d8a16c58a8,phish,100
0x0b7bd973d5febf5c9c12c1135ed3a69a1f3940fa,ponzi,100
0x1c5b02b31bf19d4a10dd79b0ef990a544bc25ccc,phish,100
0xef1d645a402048711dbf2eae5151ccf49a9cd01f,scam,100
0x4f9ea06900b0d0685a5cf96eb65d642b5cad6cc5,ponzi,100
0xa918e7a041cc7ebaf9e89e02aa32aecc0420e91e,scam,100
0xe77c6ea502d5f12ec237545f493dc61d86590906,scam,100
0xc42d7f8c27af2388294d8fcfc7df1ed7baa8c363,scam,100
0x42199a10a523e63b688bf42d47a316af53a92e14,phish,100
0xced8f2b234b74ff7cf7d43d80ec19a0c31f4194f,phish,100
0x57d15186a78027e87b5fb1dd6aa85cb2d2ba22ca,ponzi,100
0x6422b303fa2a84fede486dcad4bae182c4ec86dc,scam,100
0x617774882ceb5e49429fcf0220dc7ce237a0f111,scam,100
0xfd9bda3bb6b8fb42e8f745139d813df0a5fa796e,ponzi,100
0xe05e2cdeebb4f56a82ecc4162bda98e5326839e5,phish,100
0xcc31c4ff2b00b9ab80544d0f347517cbdedc5bcc,scam,100
0x6b0a6e27037b4465452fc6de97c524011e574611,phish,100
0xb25ac323a6540887657f8f38693e0c0246ee90e9,phish,100
0x350ff928101fdf05fa0113c8fe51b454bd8a10cf,phish,100
0xcca97c6aa79583a29af10b652e5f0d53d509341c,scam,100
0xc094071a551cd1672acbaef3d2da87ff7d11bc3e,ponzi,100
0xdf35f8372d794c05e55685326666671c31a4006d,scam,100
0x4728e09fffa5d579f2f2fbb086f1a5d69d3a6f66,scam,100
0x9fd8754643e44564634f752d50b283c57412c364,phish,100
0x2a2df2528107bb6a18600923fea54c55c62cc3c0,phish,100
0x084dced92f7808788fe4be72564d5ad95dc1d3b6,phish,100
0x6decb79fea189b961d5c8679a27032710bc2291d,scam,100
0x4feb713fe0e36126946a270912b3b99a512def62,scam,100
0x281e4fcc29a9933fc2e39025167f1fd5b6939e04,scam,100
0x7c676741d2609f0ffe9dcb6a31031eff4fd1e4b3,scam,100
0x5bbff95a7dc7d2bc1063051dab3a3a1fe0ecfc10,scam,100
0xcc24df66d64d63c0740cf89443815aa197e85edd,scam,100
0xac96d8a65dfb61ab70e5ce097dc9e9a568959bea,ponzi,100
0x3c4e2c7e965fbb94fbd5d2a57d9dce28e7c1c0c3,phish,100
0x610fd240f1623ce32a4ea47dcccada5a2c64aa2c,phish,100
0xcfdc4abf3075acc8f73c53726e13062374fdbaf1,scam,100
0xb366a91479f1680748276f086595db7e303651eb,scam,100
0x1c4d8d9f14d665d02874fc40ee6357f103a2d471,ponzi,100
0xcc4a31c4b059894ffa4e702b5d59c34bc1552505,scam,100
0xd0871356c2c05f0a26f10efa0a9a16c9d4483a98,scam,100
0x1b52ff5ed286f4a37c98f032b541d05ba1adc382,scam,100
0x207e6d4b0c337afd0a39fd0f39a4d6fb76803b9d,scam,100
0x72be8f5d7f634fbd729186dfa6d422fed5ab7d1c,ponzi,100
0x272c19f1762bc9033d8e6f9302f60a3b03b0a846,ponzi,100
0x3300edcad734047141bd744f55049579dfc579a6,scam,100
0xdbb82980124a1cf5df1fe1bafdda87e0f4cfb5d2,ponzi,100
0x580003db4fbdb195224da4bb98ef14f5d308b056,scam,100
0x8c4a79a4d6ace1bf21b0b93c84bfa938f2f7120a,phish,100
0x22cb7af470ff711f66e600c4b1223f25470a9d0d,phish,100
0xe00c8f07f4c074f63565610b26b015fe7bae0bce,scam,100
0x03ce8a4778cdfb3407f8ad73555a74e6e5fc0852,scam,100
0x789b9c723e5887c693a4499c34dc1b477b529bdf,scam,100
0xd11cd702cbd8a92df6194c798b7a24fb09fa2ff5,phish,100
0x51891462b788e16b3bfc9943580388216ac7860a,ponzi,100
0x170bbb272546f627df2c33695c4f3cff49f5165e,scam,100
0xa9dc23047f54c3f84f37050e07ab699eb061509e,scam,100
0xf6faea71c8b4bf8f8a671ae158c5d94c23570f19,ponzi,100
0x59c6cc466683f58012d5e9c06edddeaa14eec793,scam,100
0x42377e92ab03fa63d835489440eab7aefdda5854,scam,100
0x9e8dc74647c8a3c8945c22c51d3565017416be60,phish,100
0x8c23c7628a666c6f219cafadb383079a8108dc9b,scam,100
0x599e384905f48cdaced0ea4b57e6d765fa9c4e13,ponzi,100
0xf938b3abfe0f0db2c39801c6bcde27ffea9556b6,phish,100
0x2db6b1dfc120f5ffaff6b3ebbc7142a7f52346e3,scam,100
0x86a5faf3bea2c582d68ac7382687f636b0c473a8,phish,100
0x8091f89f692011a7c26d8ceb97138f365262bc2e,ponzi,100
0x416d09e8074a0a12429057a8c3f14842a408bb0a,ponzi,100
0x942a278f2dc01a91ad60772c0da647c8a7e89805,scam,100
0x501a9271e65eebe5d35a2028f2bd68dec19b52f2,scam,100
0x304d6779d25568a8e037b636c374141134b3620b,scam,100
0xc077098535d1b5d31f4aa0060c570cc8d8078707,ponzi,100
0x816822729d4c9651b96cdf18a786ab3a93367ec2,phish,100
0x99248681b3bdd26cea83d7f71dd44b2efb5ac705,scam,100
0x9108258159fa94934219368664a46ef2f0b397ed,phish,100
0xf4da1c0e632bdd9a2b666d98ddbf26f46a55752d,phish,100
0xfb15f72c86153c9341248ee8a4abb0721af7e9f8,scam,100
0x29fdba14ecf6e792897e173e0be129c69bcd20ba,ponzi,100
0x73c1d61e882b912a90e8a0eafadf5f94be71cbd2,ponzi,100
0x52a64a24f1aaf366167fbe4a0c60956b31f64d47,scam,100
0x842ec6a34cd387fc173c6e2b563c59962616d8e6,ponzi,100
0xe052f80bd7fb1cfbc945aba9422fca9ba8370e47,ponzi,100
0x77ac15a632f26f0b28df373d4bf7dc17983691a7,ponzi,100
0x1354cde641559ab63556f6f69ecf96957a2023a4,scam,100
0xfcb09fa5f351565ad152d82b309df43ed1c75408,scam,100
0x9c984d60f6b584a4d4dcdb2c6029ab1c03e107ac,scam,100
0x6e78368a61bfd5250c821eca4fe0aedecb9ef0dc,scam,100
0x88deb2ef726177293a87b1976b8cc114857d982d,scam,100
0xab271340bb7f99e5fd2f720dc5ed8d82f6b93a43,scam,100
0x426b335384b7b76aaaae6cd7dfe0fcd7e7ca3e1c,phish,100
0x1c1e5eae60af7aee7c762482e34f34b35432e786,ponzi,100
0x9c2f40699f904a8648a0898f20be9853fe6e5999,scam,100
0x6035e8b4dd0206f7cd3e659879daa4ef0e718d7e,scam,100
0x2b28df3c33192699aeea2d89a638a11d034e1210,scam,100
0x8a39622c5214df36a8305c30bd45bc856da00378,phish,100
0x0816534246f936ad5d44fc00bf06a92d52a158fa,scam,100
0x1e15d26987152dec6dd7f8062365b40d8ff14abb,scam,100
0xebdd17d34e392c38fac5674894d8445539c129cc,ponzi,100
0x8b8869593739a7c094479bc835f56f46ab199d8c,phish,100
0x781eda263ffa732c8f647cff57343b1e2674d2e0,phish,100
0x7903ad5bff79ee6fd3eb71b5899015fa36ff30ff,scam,100
0xdf13ff01232feef9e31633af9896c556a3895032,ponzi,100
0x6660ef6815f819f141e89f1711ad6bc33a334e88,scam,100
0x7b237d5c78b59ee942f9ca677a09096af37ad0f8,phish,100
0x57399a814d3256eaae68a0eebed788c004c757bd,scam,100
0xb25a5ac2f5b7c08ba486f88477c0728292bb20af,ponzi,100
0x86d7561f23744938b81de16fcd0a87f2a24bf816,ponzi,100
0x1c10439fe6fcec64880a2f11f27c067a01a839f8,ponzi,100
0xb620434c003fd5f5f5bf44c41049a415b49378ca,ponzi,100
0x2818608ebd3a333cc340cb5699e088809d199049,scam,100
0xeb1237dcf4ad5deca262996844221e93e7a145ea,phish,100
0x83b1bbf7adf517b05eaf8e87ecb76236a269d8c7,phish,100
0x4357325e6e461ee6b1100ef4f1b8561e1b63ec2a,phish,100
0xd8787dac840ebaf8276bf04918c6849f3981b5f4,scam,100
0x2a0c8b964ee85fd9f054c2d6789ce0351462bf9d,scam,100
0x108139e72909724908d316b010a5bb9dabc8e9af,ponzi,100
0x2961b84ea3ecc55d8a714658743a3230ea96b5c1,scam,100
0x0e785efbe22df6bc5f27d67c9133d42b0ec66218,ponzi,100
0x8b746d2d767ea144282d2f978e92bd3ba8be9863,scam,100
0x6b07d4da3d796a33ed94804ffd83725f32f00c31,phish,100
0x8c5fef5919f7b6efb3771f2f78afb75674946d6b,scam,100
0x92cdd9383bffa177681026296aa20e7b2cd464b9,scam,100
0x775484792ff109d04d497c7f68d390825e17097d,phish,100
0xfae177b2f4e2bc5fee51375cd9b8590e6ae34764,ponzi,100
0x73bac8deafcc3b15875a488053d6af50d68c75ee,scam,100
0x16317b93809cc25acb904199458e0c8b244fa275,ponzi,100
0xd8c996c81b21eb3ca7677be91579cd6f72378362,scam,100
0x78ca01d9e22bf8d690b0e82eeb3df850b02b517a,ponzi,100
0x1e98233982f22348b62928aedd6fd809d81e2fcd,scam,100
0x52118251516bb46cbb3f96e13f63fd07f055c2e4,scam,100
0x18a2818eff600f093f33de2a6a8fce8545bd5253,phish,100
0x5d42070b62caacb1e10006919cc89efd36496f34,scam,100
0x0b65c20c3a8f4ad77a374aa24c88c1432bfc4e43,scam,100
0x4a726365e43ea52f41683061e0aa953c7b555ea1,scam,100
0xb6a8a480d1d3c5dd00325266ad7ab264824b3d67,scam,100
0xbdc678ca20af641ced134abc1b1d6915cbdd2b6d,scam,100
0x1cdd8f3ad9ce25d91256f27a69164fd7bb536395,ponzi,100
0x0275e3fa4cd0737d4c41a4fd3584e8f23a1d05bd,ponzi,100
0x5585c5c2585e3bbddeb8e15824681d7b6dcd0ffd,scam,100
0xdb1ff25791df3a09f7d318eecfaf6f5dc18a975c,scam,100
0xd3d8aa4d21ecdc18f4c227dbedf63049f18f8ef9,ponzi,100
0x38bfda0c092b22f4b42570d728653e008650b5bf,scam,100
0xa857d8cb9753284e37615f71ecae4ece2218a7ff,scam,100
0x932e452ca93e9f1f2d1e08fb9b61846d8f258103,scam,100
0x89439692ee4b8ceb47054f2e47bbd1a30872a445,scam,100
0x9bd871f0cd300d6b2790a63fda68d98cdbc0a5fe,ponzi,100
0xa3d1209ac199aa98153f436b89f728f84d770b54,scam,100
0xb5951e6b0592a1de4bfb92486cc2457ebdeaca81,ponzi,100
0xa73eaed1b9cbf9af11f9853a768d89090aad5988,scam,100
0xc692f1402011d711cdbac15605c0419ce6a26ef5,ponzi,100
0x0a0a62f9fa2ffa6ff0fa403832f453a997a95048,scam,100
0xa229f9f801258ee07c2a05f8a90658d2ed36e031,scam,100
0x86a88e44b1d2224a035c22ecd67a03200325ab78,ponzi,100
0xc3ebe9e275197e3ded131d890b09bbca58ec1d3e,scam,100
0xd408ffeaa82760e51e7e0b298c42eda68e6ca1f2,scam,100
0x7dc6340651ad0148d65bf9299931bbadd4d2a6ca,ponzi,100
0x172591333b51cc2b367b5e2c8b26fc7722864112,phish,100
0x64bad2b23d03c85758c646a93b03aa511e7ca328,ponzi,100
0xd911c7d3bfcbcfb7ae670d37d9d56d195fb88c60,scam,100
0x7753f50d460379f3408deaedeb84189ccac8377a,scam,100
0xd680beda3360fe9c68a0128799dba49f410079d1,scam,100
0x773398b23259233859e1a11ae58ef00671909c70,ponzi,100
0xb948f61051433b4aadf103c12bb58aec5f506e0e,ponzi,100
0xd57a4ea004de78f94eb585f4a2e839f938b2780b,scam,100
0x9d40e93469dc079cbaa2f8b0e6374f971e5e96ce,phish,100
0x8089903c5116b812ed14cfc92d371ab69900814a,scam,100
0x6bdfc404c09922cf517d4d5b0c2ffc86e7113f5f,phish,100
0xf42ada6e8bc8c8e7888cac25cb45204c25f0b430,ponzi,100
0xbf744aa46d3c73ade7dc0d51d91ac19a3560cc7d,scam,100
0x9cc45e82e5d178054e22b71a04c59e548ee0d533,scam,100
0xc9328ba8599c4ce63df75ca526a95b6394b0152d,phish,100
0xbc633411f9825e5913f662c1f663bbde6b7d5f42,ponzi,100
0xeceb4d49fa616d07f9c745bb17766796ac08fcd5,scam,100
0xe94dc91e656aee6b86f43c3c53fb92472483f0e7,scam,100
0x19fbaedba210ebaf7d3349f12b9c41481a56c49c,ponzi,100
0x8cf94e856dfb7e3c14b23c6bcf4dee60a25c474e,scam,100
0x8900cd573df96748d52d90baf611eeb74fc1abb9,ponzi,100
0xc3593c3d8aaac64b934b37b5ed82b41eb9d6354f,phish,100
0xcca5b7d416ada8eadf39e6964263a66160d09c2d,ponzi,100
0xc575b1a1fc06521e72ee7530b13a9138f71bd620,phish,100
0xda5c6f26892124ad48002180bac7a43f56877cd7,ponzi,100
0x3740342030dc523df64e4f1baef60ff02a09040a,phish,100
0x5ded4ab3f25e09639d0d92e5173ad88b436b4dce,ponzi,100
0x8de4aefd29d7f2d83c49932ae6c859ab727c93e5,ponzi,100
0xf99f86d2b671dfe3080c6d145ddaa82926cde2bb,phish,100
0xdbc03eaf0e416ae18d415a8f88afe7611dd5cca6,scam,100
0x302b2fef6abe3ad28b01bf360806e69ea509ef5f,scam,100
0x8380cb49c373c4c9610031b0482846f667f1db5e,scam,100
0xe4b02a317e7be0a8d2dcc7cfa29527e95a66e828,phish,100
0x25d48060ead89ddc5ddd294299c14abd75b5be06,ponzi,100
0x639d8dd5dfffa463b394cc7bcc969aa525e383fe,phish,100
0x924ae8799aa96ea4357d3513db8aa635fe7fcdee,ponzi,100
0x0033c2be04ed55c648af0de697cec4a947de5e64,scam,100
0x51b430ad4e476408c79c87af7631eba032476f8b,ponzi,100
0xc74d4a488a23d30ef94768f04e1d1a34e1a49e76,scam,100
0x3f41ee865f326ffb6e95855cdbad6278c00edad7,scam,100
0xec6246ab31d087dd6bf7640b8f14458d6c102483,scam,100
0xc9a0c196008c41edeb55c7f678a547b5c1ab6e77,phish,100
0x97cc42ee2115cfa9fbc3b770a65a8a5ee933b1b6,phish,100
0x283bacbe1ce111c23fbcb5800e5bc10b07f67c20,scam,100
0x962a8150443d85fffba052d4d1739262b3e48bb6,phish,100
0xac3e04711833ad45f9d4e2165afd9388508351be,phish,100
0x889a23a5b0b6788360bb0dc690df64ffe2bb3a59,phish,100
0x8f6f76a322ccc021c13b2543419d4dd691ae5929,phish,100
0x7a72452a5767a1778510ce120e5c35d2477f7ad5,scam,100
0x5b2f8f54ce482ea54be08d94d7cae3cbae1432a8,scam,100
0xc18ef35ad1752b6fced71abbf09507dc5a6bd047,scam,100
0x740ceb932bbe6252c32c245abf2ebd95a1c47fe4,scam,100
0xb8339d31d6bcbaffd522d03bf22b1a2adfb38e3a,ponzi,100
0x70181203d939554ea5caf8a3c3c4ebc7225f3c64,scam,100
0xc25560080fc876ef379e6ecceacdc12e62557a85,ponzi,100
0x137d685c63d2ff9629104417e28d53630746d167,scam,100
0x2750f4b4fea7eae7cbea67b1132cae2ed38c56c3,phish,100
0x760c23bd7beb364ead35b504afa5f77bc76095bd,scam,100
0xafca192ab191d617ebd7e1f2e7ac359eb21aec29,scam,100
0x57c7370dad8d7472dce58238c93dc760d1cf2854,ponzi,100
0x9bbabc7aa5e0a17b03ff7e366ab18ec25283b7bf,phish,100
0x8286291c4da442db496d38592ec3599cdd8ae8f0,scam,100
0x4a97bdf3667d6f115e0813aef590bb61b0e8d8af,scam,100
0x3f7b4d42865cdb0896382ef83ef69a218a9c6003,scam,100
0x2ac2de73edeab0dfe4007ebfca7b1a7a738005ba,ponzi,100
0xdf9ba6e709fe5a657c51629e139d3cf81158763e,scam,100
0x587dff9e4a213f28ab0c32e10ad38093e0daaccd,scam,100
0xe1f833c98bb27bfaf5b6901b30b5f27189b12cf8,phish,100
0xb9e3f14ab03188acaa98bd9a1b5f34a5a501e126,ponzi,100
0xdccf9d9caad1df101be02063f9330f57e66ef475,ponzi,100
0x5099fe8693115b6714de75fd67b62523b905e6d7,ponzi,100
0xaae6219f8cead7af417d5707bd05b88fbd84580d,ponzi,100
0xceb091459585a0b580d9af44a21c283360595b9a,ponzi,100
0xcaa479a5a8ff2ef4f5304d66608c53b981c8136b,scam,100
0xfda4eea4613d28ec8d098593bfdbb93778ec49d0,phish,100
0x3f494979efe88c046138738d084f9fb6d625ac42,scam,100
0xdb77a66fbf071e2b8c09ba895fd3092ab4a3089c,phish,100
0x48170121099c34fa480f07207a5d7efcb405a0e5,phish,100
0xb5abac0ba458935443659bab5ce1e739f9b8a27e,scam,100
0x0aa473bf3843d9d93e608ee1372109a89c503bc2,scam,100
0xd13f15691aa86b2085e1823be1b999c31b9b1196,scam,100
0xd23b04dce2b8e7cfd3ccea2f054861d808df4f7a,scam,100
0x875e53594d94c67d551caec24b820626e27aa19f,phish,100
0x107e9a4d32966fb81517760ce3863c82fc9f4627,scam,100
0xad5a0450649cf297b60a4273907fcc2c0364cf04,scam,100
0x94d2f2bf289ae9b48dc26e6b21bcf166d6030211,ponzi,100
0x02e4444ea21bac6d0c1a194e3f3fb3dbcd56a370,scam,100
0x84d7a080964942504a7b79d05a57fac388c32ea9,phish,100
0xc10b6e2c8556322a042a561428d122e15d87e80d,ponzi,100
0x062810dc21907312b9dcf9c32d9ba28035b18e33,scam,100
0x762f14d637fb1bad6bdbfe7ca01618423a1a3275,phish,100
0x797ebe38616a2cc0effbaa699c0ed9c8d0c9dccf,ponzi,100
0xebf0b8a00fb551eadc9b5a3bb9e923ddc9679622,scam,100
0xdfa144fbb57a6583ef16bdd60386d0989a42dee7,scam,100
0x1e2806399d02e52fa6193bee8acdbb8f6df10e6e,ponzi,100
0xfe5f6e48c8ad0ae08d75a350bb77170c57687114,scam,100
0x46b6d6ca0714e3c1fb527b6a3c28d529dd86e587,ponzi,100
0xda5919532112bafdeed21b26d8cf38db919c0d63,ponzi,100
0xddb9fd564d98281ada7d3eb7b5a4a7bf2de493cc,phish,100
0x4caf9fb9a5421587bec5c8d9276e89b065262ac6,ponzi,100
0x25135789a6ad7566abe16e18487a66a8ed61be9b,ponzi,100
0x416b50075ca7fbdc440fd81b396417de2f0babc8,ponzi,100
0xa1888d4b42d4e6a2453e57202b744af0a176e7dd,ponzi,100
0xff755fa1c8d95e81287655dc29973aaa6e6b7ed8,ponzi,100
0x54ff56e007b51594ab08a16a36be3179c5c56153,ponzi,100
0x7fba5d3cd16d2225886778a2fb895ccd656d91e0,scam,100
0x515569f4cc499ce7b6229952107ce285a1293d71,scam,100
0x48fc30c1115b1d6a1e4e9e615afb83c78c0b07a4,scam,100
0x605de0dd43468d7f0065e1daf3430b88130df45d,scam,100
0xfa125973563ddb819c6443fc4b520c0ef0330faf,phish,100
0x8f5922f87afd2a312ddb85680bdee12b8bfad3fc,scam,100
0xa1ef8a6e294828a7886f2b6393a948e87ae37d3f,scam,100
0x9b3ac16918218688a0f231e1e11415c577be5dcc,scam,100
0x0b93d07c95530f563b1936de8281859169b60d3b,ponzi,100
0x808c4b63d40f421b2834cd9fd4bed0048b1e7216,scam,100
0xbd8eb2897d67b90f00388b2881df33fe6136f3dd,scam,100
0x819bd8c6ba8ee9dc5e8506fc1c795a5a058b5b78,scam,100
0xe4f979fb02281068e69ab80e63bc02f5e7bf4c18,scam,100
0x26185945207f9d2ab649bed2e826b7b09c531e63,scam,100
0x4c34c990609c8eb6f359138cd5a34234c4ef7736,phish,100
0x87a55d7c8a2490829dfcae2f4f01c7fc9ac42a90,ponzi,100
0xc821a8163937462ac05b4229532611db576c3f49,scam,100
0xa6e95d41b4a2e1247473e55184a0247add0d0d51,ponzi,100
0x4b5f1c3dbf03bdf9812134bd1e464f2d4986b714,ponzi,100
0xa340051a73c707ad6c27b43feec5ce06aebbdb0e,scam,100
0x9a301f8428a73024bb81e7b8cfb4f8f6c53f4ebb,phish,100
0x2b005d200c588b694fe340ab93f1e54f2696b698,scam,100
0xd37040d724cc9d5c6a71142f8e36e95e0fc50f2f,scam,100
0x1cf7d3e9150dc836704d6394ce273b885683f7ed,phish,100
0xce3abe096134607405f11cdb103e4dc0c04a4e2b,ponzi,100
0x6f746b47b9d19c51d6382b518cfda4350402e0a5,ponzi,100
0xb91e211f229a9aca39a43cfc9ed1696942050ea2,scam,100
0xa150d7ff21b44eee769ae8c54c70a164fde5d7ee,scam,100
0xe847ea65bb9c00f65b1cf3b6369604af76f42e14,scam,100
0x6a638fd3d91dc2805353ee771f83b1e52b505835,scam,100
0xa392afd2ae0dd46222982f3c93f885a7d0530082,scam,100
0x576e7995a49b50c7924e2697de5505fcff45e778,phish,100
0x4e32f0b79f4495e8ce6c5082cbfc1441950dda71,scam,100
0xf7e30d962b1427f1df62e242466022af3d1deb4b,phish,100
0xdc1a47f6aa412b02d85c5096e0d076c5a874c410,phish,100
0xa30d4df0f3f4259c9de3f445da99ce5f727d0352,ponzi,100
0x8dad09bd8d15e6f7976ed014ca4c6aa58392b6fb,phish,100
0x6dc2f089b2f9994964278ed87d20e6fb7509a031,scam,100
0x8de6ba61e4eb45d148030f4514156e464a385656,phish,100
0x691434dfb0e0c2c8db4b070c1f652d3a0d0031c2,ponzi,100
0x85ccc4527d067485b4291c9d7afe0f22bcb4d70e,scam,100
0x5a4d163fce1199b0f9c65b749fa55cef30168d6d,scam,100
0x9ce810b971372d76a9041cc8312832f27c7df24a,phish,100
0x6b234f8fdcdb137ace9ea0c4737140027353fc59,scam,100
0x6061c25417e3be9730c5ec19833698bdfb3aa094,phish,100
0x47d217d01ab522c90b026ffa378b91f4d9b18203,scam,100
0xbf5f9e8e855dcf17fa7e12bd6178f033766bad39,ponzi,100
0x48e2d1ddb3d955a51d63d850cac398564acd9ef8,phish,100
0x1dc53b4c21f7336c66711f30f760bdb488a8f27c,scam,100
0x44abd5b2be88b15b0a84aac4fc9b844fff9e7b2f,scam,100
0xef2b3a01c1308afce91eea30f1d864ce2eeb295f,scam,100
0x8819ea2f5882d4d1915630cf01ed50e6b7ae5cf1,scam,100
0x76b6ae5a8f0b61117ce6742fad208030332e6e34,phish,100
0x797e98fe3cffc60de1750811ffce10488e2393c5,scam,100
0x90418c68ff5c1e5d2253a8dfe1434ed5e9fa97a7,scam,100
0xf139df6a862b6bef965c61fffa8ddef4d2459550,ponzi,100
0x17c3ad64a7dd5ae39066f880f2aa59a53ced9bde,scam,100
0x4edc571f833bf0f190b793db89c2559459baba6a,ponzi,100
0x4caa009b516538ca8c067f506fff21f6256a30b7,ponzi,100
0x9e9f034fa1fc5521e777ff5040f39e4c6f70c5fc,scam,100
0x4fbc132aea665fbf87318d7d5199b1e1aa9a9fe3,phish,100
0xe08a9e2fa92cbb5b86e1a87689a71e02598895bf,ponzi,100
0x591f38516afbe64ddadae59d323cb1489fcd491a,scam,100
0xa9f7c4594e88690ca3f17322c5490724f9fdc7fd,scam,100
0xd4e7e34a39a680e3a2038146319ee9dff1797a5e,ponzi,100
0xd375849a31c19a3ced2db779016d92e40bae7a31,phish,100
0xc660aeb46b3093ef0f624815bff7262e7500da0c,scam,100
0x898f1f4ab9df000de085ee114155a7b9a09214c0,scam,100
0x3d831843fc6e80ed3ebf7ffdd77a78f156f553b1,phish,100
0xe49055070b474b4b39b828e5b09a909867fb3d97,scam,100
0x1cb9712a147aee763662ffa0ce358ae7632a5e69,scam,100
0x31c5a94edc2d95b14a3ee312e6cd8b3df7d12ab4,scam,100
0xddf38c121252d4cf10c9e99b075b5872c00ecbd9,scam,100
0x83cc705660accf31e3af7f9ba775240a096576b7,scam,100
0xec8cd3c48a857eba11ac18433551e54258427dad,phish,100
0x6a823e0fe2e977d1d79045de712c1e48d6175f6c,phish,100
0x42656fc3720ea0041772d52f47c52d2ffe5d97cc,scam,100
0x2f4609067e778d5f3e555b144db32c5675466489,phish,100
0x8b623b12fe4fca0bbe4656c07f30d3f80227a590,scam,100
0x5df011a36f78f437d88369d586857c0664ff5876,scam,100
0x425fdd1ce083e2ce91cca0dcb881e6e866bd468a,ponzi,100
0x54116fae3bcdc5a8c042fd3e4556fb78855b61be,scam,100
0x51bdd4fd5e3b3dbd059e98f9f66e0bb96ab52a0b,scam,100
0x838cf8c33edfa4fded67cf16277a486b44fef07c,scam,100
0x127ff7148959a8400f687ea51aca33a5007f2723,phish,100
0x869efc3a93b308316414e9790db32fa61a2f5097,scam,100
0xfbb2ee5c9483e2cbaa054cd99998346e7690a3a4,ponzi,100
0x4d1b7c9c7b712f67647fc4b9595c2a4fbae3955f,phish,100
0x34960bf46c7d54957d96d02eea457841de625d90,scam,100
0x97e9e172bae0cef96ba9f1d0bafbe279cd9aaa4b,scam,100
0x468c20417e36499d28019e8545eaa05414373b82,phish,100
0xfa886613a3a36c43f137efac74cc791c5c43da80,phish,100
0x0dfd8836c182e88f6047f3d8b8bd23a6ec407988,scam,100
0x83af4b7f93e68c327fed6cf779fe96a0be4811f3,scam,100
0x446803e0f65ff440b432363234cfedd756316a6c,scam,100
0x6f9a4073313bed2065ff41439b86ed696e698585,phish,100
0xea35530d0f8b8ad3e1bc482ac82e4442edb4353c,scam,100
0x34d684c0e23fb286f82a53e31212c89fcbb9a331,phish,100
0x539890ea8a2b3a282a8e46a9f564057ba39eb0fc,phish,100
0x63f82305cb8e565149a5a8ff7f71fff9b09e68a0,phish,100
0x703c7d4203672a5176acd8c8eb54f6f4e0801bc1,ponzi,100
0x8d4b01e952d2fd66ec017d65a56e7363819257f9,scam,100
0x02fe44db4412c785ea3ae28872077f66c92a0d61,scam,100
0x0045347b1f5151c64903c4afbbabf9c3e999eff0,ponzi,100
0x112ea6cdf3c701ba96e44a2113bb38d6c9833b09,ponzi,100
0xbb45a1a2e39859f31940f44d8e0c6da1331c9032,ponzi,100
0x1ca82ed699dcc8f43636a7a1ff698a8ce89352d4,scam,100
0x4f695ad56e4687808e55bed0c40ea62c311bfae4,scam,100
0x3868dfe30958e883145f8b64b181509f51bb6fa3,phish,100
0x838d51215d9ee15b39daeb326f1f005be1f21b52,ponzi,100
0x195696d93ecbf5bc1a42af47020fc6fd3450d0bf,scam,100
0x6e26745e1e8a18f897ad35ffd32c787a1bc1415f,phish,100
0xeb244265bd60e9bf40706dc5afb7d4e73b834415,scam,100
0x555509c55878e0789ba075a7bc9e465b2d62e80b,scam,100
0x7b85dbbb0677becdde1535b7a09f301be553ccf0,phish,100
0xe80ffdbf2608a531eb9a7cbf2cc02676a8696327,ponzi,100
0x395623c6aff025ed3afc01751dace71d534d8593,scam,100
0x06c2c20d8c366274c4ce0e1f9fe8a48cc62d6b20,ponzi,100
0xfb520012e4b8f0a62026c1c891af77a055ee67ff,scam,100
0x35f4ffdd557f8f775d381bb9cfeec0e323e96ae7,scam,100
0xe16726624c553db122367f37554b3995f9f95908,scam,100
0x8f468f21100763a0b2a0fb0a452a0cfef95ec0bd,scam,100
0x51f98fb4f791d28c8a672ffcca29d106c5892c86,phish,100
0xe174859aa1807ad2aaf6b7e1f1ea53c764eb800e,phish,100
0x26a40e8dbdb0dee17d7036fcc0a2ae3fecf4800d,hack,100
0x9f26ae5cd245bfeeb5926d61497550f79d9c6c1c,hack,100
0x2073d860b9b9e19f4d20eb0fe741fb5fe7fe6bb0,hack,100
0xbceaa0040764009fdcff407e82ad1f06465fd2c4,hack,100
0x03b70dc31abf9cf6c1cf80bfeeb322e8d3dbb4ca,hack,100
0x4639cd8cd52ec1cf2e496a606ce28d8afb1c792f,hack,100
0xeda5066780de29d00dfb54581a707ef6f52d8113,hack,100
0xf6884686a999f5ae6c1af03db92bab9c6d7dc8de,hack,100
0x079667f4f7a0b440ad35ebd780efd216751f0758,hack,100
0xb73261481064f717a63e6f295d917c28385af9aa,hack,100
0xcdc0f019f0ec0a903ca689e2bced3996efc53939,hack,100
0x50f9202e0f1c1577822bd67193960b213cd2f331,hack,100
0x5a59fc20e2659f9df6a21ccd8627ea0d2403b36b,hack,100
0xa7f72bf63edeca25636f0b13ec5135296ca2ebb2,hack,100
0x5ebc7d1ff1687a75f76c3edfabcde89d1c09cd5f,hack,100
0xf282f97d913404512919914e48bb0c5e35cf0483,hack,100
0xc44297f0d747313bb617750c73a8087ecfe576e9,hack,100
0xd36f0976d54b9f1c0445142e885d3169b77da020,hack,100
0x980844d9bc79f363cafe22a371f6244232402e79,hack,100
0x2cd7e2e65bb6ef5f233f9dea83736cf8195fe70d,hack,100
0xeca2592e788c76f2e3cd4eb6ffcdbe5cf8141c72,hack,100
0x20f2ce82c28b726930a9b476503df7b814335642,hack,100
0x903ac91a1a0da1c96830b4ea4ad60bbe42994678,hack,100
0x57a72ce4fd69ebedefc1a938b690fbf11a7dff80,hack,100
0xfd6f294f3c9e117dde30495770ba9b073c33b065,hack,100
0xb9943d5ab8b3a70925714233d938dd62e957f92e,hack,100
0x44183fd1a79704f79e0986c6380dd9bfbbc7e6d2,hack,100
0x9bc22f7e0234029eaf2c570588d829f07123fdd6,hack,100
0xf6f001b1d6a0e3ec02914848fb8f34503e7dc769,hack,100
0x412bc03309d61d372b13ddc9bd3b63b192f03863,phish,100
0x3da248b9f74620c68b3b6655e3b8583b5c07ca01,phish,100
0x4cae21759c78650cee753ba4616c66b33178f09c,phish,100
0x6b92ab6d455d06b022bf5003922cdd8b07172586,phish,100
0x09923e35f19687a524bbca7d42b92b6748534f25,hack,100
0xa22229d569884f928b88087600c60d33a9c5a746,phish,100
0x647c809489c3384ade0d26bd938bd5400cd5a4a9,phish,100
0xc8f38d9f5e4fe64a8ba79bda6a10c6f7da5eebcd,phish,100
0x7450d268e6e230a7caa90df2941dd85822de125d,phish,100
0xd128cf7712ec227d55a0fdf8d3673e97a614dfdd,phish,100
0x8eba31e9ca4a7fa7d93393fefc2ab206e7c4f0a7,phish,100
0xf8d270220168620afd771e1bdb592e116cc8df19,phish,100
0xbb7ef8418e9a74c0c731aaaab688aabc9b7af857,phish,100
0xc70df14ab20e248427f10db6a9fcb8c5b2b46249,phish,100
0x4085ff340bb64ace1bcf5ecc8b93f026b01c7e9b,phish,100
0x9637ec6d245fe5da107470399a77af867a5e88ec,phish,100
0x933357615d1234cbe64823909962191ed730c9de,phish,100
0x6f1c30b499acd49856b3a98f02f15dbad15e6e10,phish,100
0x62ebf2c09ae1de2aa4003d340a7df2afff5d40b0,phish,100
0x2d35ed31d43d6bf5ccc5d7a085fe1ea9829a64d1,phish,100
0x625323fe73ea0c585a9c609af441003c81f09ff7,phish,100
0x154e7d6dcd3b18840cf094629ab4f1776d2ba89f,phish,100
0x48ea99de657ff9cb7dd9b9ac777b3ecd18c038d5,phish,100
0x2210e0e8e7402860baa46bbfb592d0a5fece3f75,phish,100
0x40e92082d13db090fc1d9059c69f2caf7c3a647b,phish,100
0x14b53c269cb3b27b142e480cc26c53b1e89cef39,phish,100
0xfc1d377f24fafbdf9bf7ec24fd8712c1c13bda48,phish,100
0xce322d2506cd7ced3f1754d1ffb483225e29bb2b,phish,100
0x4ed07767e70199f2423dc67fde6802c1e7d06ca1,hack,100
0x4499bac5b15321b6fcd6faf781be8ae96eaafeef,hack,100
0x6fb209016b489977ecc78abf3eb5a8613e7ac728,hack,100
0xc611952d81e4ecbd17c8f963123dec5d7bce1c27,hack,100
0x0bb49c33e8d118472176168475c0d44bcdcbcb5d,hack,100
0x967582debedf069111973313e29bc7c5f713b80a,hack,100
0x8e10f088e0a046b2467f89114520381f2b5d7873,hack,100
0x1a85a80f6c192a86e3bd5d046c8f421d7947dbcd,hack,100
0x559ccded35e1509465cb30ce6555b571f2a5a55f,hack,100
0xc3e9287e2c028ebbae2001f477dc22ede80ed829,hack,100
0x794ecf3d86271d3d5efd64b49e46f5b70680373e,hack,100
0xc81548a3c601e2c41f9b4b38120860d8b0860c3a,hack,100
0x2bca419e570b1620b5e922fc005e806453affc83,hack,100
0xbce6d09b800d0bc03f34ef93ed356519faec64d0,hack,100
0xe4ffd96b5e6d2b6cdb91030c48cc932756c951b5,hack,100
